t,r,l,s,symbol
1590883200,0.8169,44.96,55.04,BTCUSDT_PERP.A
1590969600,0.8228,45.14,54.86,BTCUSDT_PERP.A
1591056000,0.8598,46.23,53.77,BTCUSDT_PERP.A
1591142400,1.2957,56.44,43.56,BTCUSDT_PERP.A
1591228800,1.2007,54.56,45.44,BTCUSDT_PERP.A
1591315200,0.9818,49.54,50.46,BTCUSDT_PERP.A
1591401600,1.0864,52.07,47.93,BTCUSDT_PERP.A
1591488000,1.1281,53.01,46.99,BTCUSDT_PERP.A
1591574400,0.9708,49.26,50.74,BTCUSDT_PERP.A
1591660800,0.9406,48.47,51.53,BTCUSDT_PERP.A
1591747200,0.8857,46.97,53.03,BTCUSDT_PERP.A
1591833600,0.879,46.78,53.22,BTCUSDT_PERP.A
1591920000,1.2517,55.59,44.41,BTCUSDT_PERP.A
1592006400,1.0576,51.4,48.6,BTCUSDT_PERP.A
1592092800,1.0777,51.87,48.13,BTCUSDT_PERP.A
1592179200,1.0276,50.68,49.32,BTCUSDT_PERP.A
1592265600,0.8041,44.57,55.43,BTCUSDT_PERP.A
1592352000,0.8667,46.43,53.57,BTCUSDT_PERP.A
1592438400,1.0773,51.86,48.14,BTCUSDT_PERP.A
1592524800,1.0421,51.03,48.97,BTCUSDT_PERP.A
1592611200,1.1386,53.24,46.76,BTCUSDT_PERP.A
1592697600,1.0309,50.76,49.24,BTCUSDT_PERP.A
1592784000,1.1017,52.42,47.58,BTCUSDT_PERP.A
1592870400,0.9117,47.69,52.31,BTCUSDT_PERP.A
1592956800,0.9992,49.98,50.02,BTCUSDT_PERP.A
1593043200,1.4056,58.43,41.57,BTCUSDT_PERP.A
1593129600,1.264,55.83,44.17,BTCUSDT_PERP.A
1593216000,1.2789,56.12,43.88,BTCUSDT_PERP.A
1593302400,1.2696,55.94,44.06,BTCUSDT_PERP.A
1593388800,1.2153,54.86,45.14,BTCUSDT_PERP.A
1593475200,1.1997,54.54,45.46,BTCUSDT_PERP.A
1593561600,1.2085,54.72,45.28,BTCUSDT_PERP.A
1593648000,1.0947,52.26,47.74,BTCUSDT_PERP.A
1593734400,1.3946,58.24,41.76,BTCUSDT_PERP.A
1593820800,1.3132,56.77,43.23,BTCUSDT_PERP.A
1593907200,1.3256,57.0,43.0,BTCUSDT_PERP.A
1593993600,1.3441,57.34,42.66,BTCUSDT_PERP.A
1594080000,0.9853,49.63,50.37,BTCUSDT_PERP.A
1594166400,1.0194,50.48,49.52,BTCUSDT_PERP.A
1594252800,0.9968,49.92,50.08,BTCUSDT_PERP.A
1594339200,1.2326,55.21,44.79,BTCUSDT_PERP.A
1594425600,1.1772,54.07,45.93,BTCUSDT_PERP.A
1594512000,1.1075,52.55,47.45,BTCUSDT_PERP.A
1594598400,1.0916,52.19,47.81,BTCUSDT_PERP.A
1594684800,1.1459,53.4,46.6,BTCUSDT_PERP.A
1594771200,1.1772,54.07,45.93,BTCUSDT_PERP.A
1594857600,1.2129,54.81,45.19,BTCUSDT_PERP.A
1594944000,1.2533,55.62,44.38,BTCUSDT_PERP.A
1595030400,1.1968,54.48,45.52,BTCUSDT_PERP.A
1595116800,1.1673,53.86,46.14,BTCUSDT_PERP.A
1595203200,1.1395,53.26,46.74,BTCUSDT_PERP.A
1595289600,1.1552,53.6,46.4,BTCUSDT_PERP.A
1595376000,1.0231,50.57,49.43,BTCUSDT_PERP.A
1595462400,1.0678,51.64,48.36,BTCUSDT_PERP.A
1595548800,1.1377,53.22,46.78,BTCUSDT_PERP.A
1595635200,1.2046,54.64,45.36,BTCUSDT_PERP.A
1595721600,1.1805,54.14,45.86,BTCUSDT_PERP.A
1595808000,1.2528,55.61,44.39,BTCUSDT_PERP.A
1595894400,1.8249,64.6,35.4,BTCUSDT_PERP.A
1595980800,1.8082,64.39,35.61,BTCUSDT_PERP.A
1596067200,1.9011,65.53,34.47,BTCUSDT_PERP.A
1596153600,1.9265,65.83,34.17,BTCUSDT_PERP.A
1596240000,1.7473,63.6,36.4,BTCUSDT_PERP.A
1596326400,1.9762,66.4,33.6,BTCUSDT_PERP.A
1596412800,1.9078,65.61,34.39,BTCUSDT_PERP.A
1596499200,1.8482,64.89,35.11,BTCUSDT_PERP.A
1596585600,1.8106,64.42,35.58,BTCUSDT_PERP.A
1596672000,1.4894,59.83,40.17,BTCUSDT_PERP.A
1596758400,1.531,60.49,39.51,BTCUSDT_PERP.A
1596844800,1.633,62.02,37.98,BTCUSDT_PERP.A
1596931200,1.5674,61.05,38.95,BTCUSDT_PERP.A
1597017600,1.6385,62.1,37.9,BTCUSDT_PERP.A
1597104000,1.727,63.33,36.67,BTCUSDT_PERP.A
1597190400,1.9455,66.05,33.95,BTCUSDT_PERP.A
1597276800,1.6406,62.13,37.87,BTCUSDT_PERP.A
1597363200,1.7442,63.56,36.44,BTCUSDT_PERP.A
1597449600,1.7159,63.18,36.82,BTCUSDT_PERP.A
1597536000,1.6157,61.77,38.23,BTCUSDT_PERP.A
1597622400,1.5253,60.4,39.6,BTCUSDT_PERP.A
1597708800,1.6316,62.0,38.0,BTCUSDT_PERP.A
1597795200,2.0166,66.85,33.15,BTCUSDT_PERP.A
1597881600,1.9878,66.53,33.47,BTCUSDT_PERP.A
1597968000,1.942,66.01,33.99,BTCUSDT_PERP.A
1598054400,1.8289,64.65,35.35,BTCUSDT_PERP.A
1598140800,1.7034,63.01,36.99,BTCUSDT_PERP.A
1598227200,1.7809,64.04,35.96,BTCUSDT_PERP.A
1598313600,1.7716,63.92,36.08,BTCUSDT_PERP.A
1598400000,1.7465,63.59,36.41,BTCUSDT_PERP.A
1598486400,1.5145,60.23,39.77,BTCUSDT_PERP.A
1598572800,1.5465,60.73,39.27,BTCUSDT_PERP.A
1598659200,1.3223,56.94,43.06,BTCUSDT_PERP.A
1598745600,1.3403,57.27,42.73,BTCUSDT_PERP.A
1598832000,1.3641,57.7,42.3,BTCUSDT_PERP.A
1598918400,1.3574,57.58,42.42,BTCUSDT_PERP.A
1599004800,1.3288,57.06,42.94,BTCUSDT_PERP.A
1599091200,1.8401,64.79,35.21,BTCUSDT_PERP.A
1599177600,1.742,63.53,36.47,BTCUSDT_PERP.A
1599264000,1.3941,58.23,41.77,BTCUSDT_PERP.A
1599350400,1.4795,59.67,40.33,BTCUSDT_PERP.A
1599436800,1.613,61.73,38.27,BTCUSDT_PERP.A
1599523200,1.5082,60.13,39.87,BTCUSDT_PERP.A
1599609600,1.6846,62.75,37.25,BTCUSDT_PERP.A
1599696000,1.3261,57.01,42.99,BTCUSDT_PERP.A
1599782400,1.442,59.05,40.95,BTCUSDT_PERP.A
1599868800,1.4254,58.77,41.23,BTCUSDT_PERP.A
1599955200,1.3073,56.66,43.34,BTCUSDT_PERP.A
1600041600,1.337,57.21,42.79,BTCUSDT_PERP.A
1600128000,1.1066,52.53,47.47,BTCUSDT_PERP.A
1600214400,1.111,52.63,47.37,BTCUSDT_PERP.A
1600300800,1.0756,51.82,48.18,BTCUSDT_PERP.A
1600387200,1.1468,53.42,46.58,BTCUSDT_PERP.A
1600473600,1.1155,52.73,47.27,BTCUSDT_PERP.A
1600560000,1.1478,53.44,46.56,BTCUSDT_PERP.A
1600646400,1.0764,51.84,48.16,BTCUSDT_PERP.A
1600732800,1.0421,51.03,48.97,BTCUSDT_PERP.A
1600819200,1.0907,52.17,47.83,BTCUSDT_PERP.A
1600905600,1.0198,50.49,49.51,BTCUSDT_PERP.A
1600992000,0.9643,49.09,50.91,BTCUSDT_PERP.A
1601078400,1.0509,51.24,48.76,BTCUSDT_PERP.A
1601164800,1.0725,51.75,48.25,BTCUSDT_PERP.A
1601251200,1.0012,50.03,49.97,BTCUSDT_PERP.A
1601337600,1.1079,52.56,47.44,BTCUSDT_PERP.A
1601424000,1.053,51.29,48.71,BTCUSDT_PERP.A
1601510400,1.0886,52.12,47.88,BTCUSDT_PERP.A
1601596800,1.1993,54.53,45.47,BTCUSDT_PERP.A
1601683200,1.1801,54.13,45.87,BTCUSDT_PERP.A
1601769600,1.1683,53.88,46.12,BTCUSDT_PERP.A
1601856000,1.1133,52.68,47.32,BTCUSDT_PERP.A
1601942400,0.9802,49.5,50.5,BTCUSDT_PERP.A
1602028800,0.9869,49.67,50.33,BTCUSDT_PERP.A
1602115200,1.0044,50.11,49.89,BTCUSDT_PERP.A
1602201600,1.1066,52.53,47.47,BTCUSDT_PERP.A
1602288000,1.1119,52.65,47.35,BTCUSDT_PERP.A
1602374400,1.331,57.1,42.9,BTCUSDT_PERP.A
1602460800,1.3574,57.58,42.42,BTCUSDT_PERP.A
1602547200,1.331,57.1,42.9,BTCUSDT_PERP.A
1602633600,1.3889,58.14,41.86,BTCUSDT_PERP.A
1602720000,1.3294,57.07,42.93,BTCUSDT_PERP.A
1602806400,1.2573,55.7,44.3,BTCUSDT_PERP.A
1602892800,1.3889,58.14,41.86,BTCUSDT_PERP.A
1602979200,1.3714,57.83,42.17,BTCUSDT_PERP.A
1603065600,1.2589,55.73,44.27,BTCUSDT_PERP.A
1603152000,1.2346,55.25,44.75,BTCUSDT_PERP.A
1603238400,0.9361,48.35,51.65,BTCUSDT_PERP.A
1603324800,1.4384,58.99,41.01,BTCUSDT_PERP.A
1603411200,1.3759,57.91,42.09,BTCUSDT_PERP.A
1603497600,1.2983,56.49,43.51,BTCUSDT_PERP.A
1603584000,1.3202,56.9,43.1,BTCUSDT_PERP.A
1603670400,1.3436,57.33,42.67,BTCUSDT_PERP.A
1603756800,1.2967,56.46,43.54,BTCUSDT_PERP.A
1603843200,1.2012,54.57,45.43,BTCUSDT_PERP.A
1603929600,1.4907,59.85,40.15,BTCUSDT_PERP.A
1604016000,1.12,52.83,47.17,BTCUSDT_PERP.A
1604102400,1.1004,52.39,47.61,BTCUSDT_PERP.A
1604188800,1.1213,52.86,47.14,BTCUSDT_PERP.A
1604275200,1.2267,55.09,44.91,BTCUSDT_PERP.A
1604361600,1.1299,53.05,46.95,BTCUSDT_PERP.A
1604448000,1.0631,51.53,48.47,BTCUSDT_PERP.A
1604534400,1.0509,51.24,48.76,BTCUSDT_PERP.A
1604620800,1.3463,57.38,42.62,BTCUSDT_PERP.A
1604707200,1.5208,60.33,39.67,BTCUSDT_PERP.A
1604793600,1.4195,58.67,41.33,BTCUSDT_PERP.A
1604880000,1.4378,58.98,41.02,BTCUSDT_PERP.A
1604966400,1.5478,60.75,39.25,BTCUSDT_PERP.A
1605052800,1.6281,61.95,38.05,BTCUSDT_PERP.A
1605139200,1.4231,58.73,41.27,BTCUSDT_PERP.A
1605225600,1.3469,57.39,42.61,BTCUSDT_PERP.A
1605312000,1.4963,59.94,40.06,BTCUSDT_PERP.A
1605398400,1.5227,60.36,39.64,BTCUSDT_PERP.A
1605484800,1.419,58.66,41.34,BTCUSDT_PERP.A
1605571200,1.2507,55.57,44.43,BTCUSDT_PERP.A
1605657600,1.3697,57.8,42.2,BTCUSDT_PERP.A
1605744000,1.6853,62.76,37.24,BTCUSDT_PERP.A
1605830400,1.6896,62.82,37.18,BTCUSDT_PERP.A
1605916800,1.7632,63.81,36.19,BTCUSDT_PERP.A
1606003200,1.8852,65.34,34.66,BTCUSDT_PERP.A
1606089600,1.6076,61.65,38.35,BTCUSDT_PERP.A
1606176000,1.9412,66.0,34.0,BTCUSDT_PERP.A
1606262400,1.7988,64.27,35.73,BTCUSDT_PERP.A
1606348800,2.2258,69.0,31.0,BTCUSDT_PERP.A
1606435200,1.7167,63.19,36.81,BTCUSDT_PERP.A
1606521600,1.7241,63.29,36.71,BTCUSDT_PERP.A
1606608000,1.5361,60.57,39.43,BTCUSDT_PERP.A
1606694400,1.3815,58.01,41.99,BTCUSDT_PERP.A
1606780800,1.4808,59.69,40.31,BTCUSDT_PERP.A
1606867200,1.5227,60.36,39.64,BTCUSDT_PERP.A
1606953600,1.6254,61.91,38.09,BTCUSDT_PERP.A
1607040000,1.5419,60.66,39.34,BTCUSDT_PERP.A
1607126400,1.4697,59.51,40.49,BTCUSDT_PERP.A
1607212800,1.3196,56.89,43.11,BTCUSDT_PERP.A
1607299200,1.1805,54.14,45.86,BTCUSDT_PERP.A
1607385600,1.4969,59.95,40.05,BTCUSDT_PERP.A
1607472000,1.368,57.77,42.23,BTCUSDT_PERP.A
1607558400,1.2051,54.65,45.35,BTCUSDT_PERP.A
1607644800,1.3441,57.34,42.66,BTCUSDT_PERP.A
1607731200,1.2237,55.03,44.97,BTCUSDT_PERP.A
1607817600,1.1422,53.32,46.68,BTCUSDT_PERP.A
1607904000,1.1263,52.97,47.03,BTCUSDT_PERP.A
1607990400,1.1552,53.6,46.4,BTCUSDT_PERP.A
1608076800,0.947,48.64,51.36,BTCUSDT_PERP.A
1608163200,1.1529,53.55,46.45,BTCUSDT_PERP.A
1608249600,1.4213,58.7,41.3,BTCUSDT_PERP.A
1608336000,1.5316,60.5,39.5,BTCUSDT_PERP.A
1608422400,1.6008,61.55,38.45,BTCUSDT_PERP.A
1608508800,1.5867,61.34,38.66,BTCUSDT_PERP.A
1608595200,1.3354,57.18,42.82,BTCUSDT_PERP.A
1608681600,1.4337,58.91,41.09,BTCUSDT_PERP.A
1608768000,1.4021,58.37,41.63,BTCUSDT_PERP.A
1608854400,1.3883,58.13,41.87,BTCUSDT_PERP.A
1608940800,1.412,58.54,41.46,BTCUSDT_PERP.A
1609027200,1.5747,61.16,38.84,BTCUSDT_PERP.A
1609113600,1.6603,62.41,37.59,BTCUSDT_PERP.A
1609200000,1.8193,64.53,35.47,BTCUSDT_PERP.A
1609286400,1.9824,66.47,33.53,BTCUSDT_PERP.A
1609372800,1.6048,61.61,38.39,BTCUSDT_PERP.A
1609459200,1.6008,61.55,38.45,BTCUSDT_PERP.A
1609545600,1.5654,61.02,38.98,BTCUSDT_PERP.A
1609632000,1.5543,60.85,39.15,BTCUSDT_PERP.A
1609718400,2.013,66.81,33.19,BTCUSDT_PERP.A
1609804800,1.8944,65.45,34.55,BTCUSDT_PERP.A
1609891200,1.9028,65.55,34.45,BTCUSDT_PERP.A
1609977600,1.9146,65.69,34.31,BTCUSDT_PERP.A
1610064000,2.1182,67.93,32.07,BTCUSDT_PERP.A
1610150400,2.5075,71.49,28.51,BTCUSDT_PERP.A
1610236800,2.8926,74.31,25.69,BTCUSDT_PERP.A
1610323200,2.6127,72.32,27.68,BTCUSDT_PERP.A
1610409600,2.4471,70.99,29.01,BTCUSDT_PERP.A
1610496000,2.0969,67.71,32.29,BTCUSDT_PERP.A
1610582400,2.4868,71.32,28.68,BTCUSDT_PERP.A
1610668800,1.9351,65.93,34.07,BTCUSDT_PERP.A
1610755200,2.2819,69.53,30.47,BTCUSDT_PERP.A
1610841600,2.1397,68.15,31.85,BTCUSDT_PERP.A
1610928000,2.2352,69.09,30.91,BTCUSDT_PERP.A
1611014400,2.8168,73.8,26.2,BTCUSDT_PERP.A
1611100800,2.3422,70.08,29.92,BTCUSDT_PERP.A
1611187200,2.4048,70.63,29.37,BTCUSDT_PERP.A
1611273600,2.0395,67.1,32.9,BTCUSDT_PERP.A
1611360000,1.9551,66.16,33.84,BTCUSDT_PERP.A
1611446400,1.7255,63.31,36.69,BTCUSDT_PERP.A
1611532800,1.8043,64.34,35.66,BTCUSDT_PERP.A
1611619200,2.0665,67.39,32.61,BTCUSDT_PERP.A
1611705600,1.9078,65.61,34.39,BTCUSDT_PERP.A
1611792000,1.9317,65.89,34.11,BTCUSDT_PERP.A
1611878400,1.4722,59.55,40.45,BTCUSDT_PERP.A
1611964800,2.7327,73.21,26.79,BTCUSDT_PERP.A
1612051200,2.8926,74.31,25.69,BTCUSDT_PERP.A
1612137600,2.4746,71.22,28.78,BTCUSDT_PERP.A
1612224000,2.5945,72.18,27.82,BTCUSDT_PERP.A
1612310400,2.3289,69.96,30.04,BTCUSDT_PERP.A
1612396800,1.8994,65.51,34.49,BTCUSDT_PERP.A
1612483200,1.7917,64.18,35.82,BTCUSDT_PERP.A
1612569600,1.9842,66.49,33.51,BTCUSDT_PERP.A
1612656000,2.1056,67.8,32.2,BTCUSDT_PERP.A
1612742400,2.2552,69.28,30.72,BTCUSDT_PERP.A
1612828800,2.2216,68.96,31.04,BTCUSDT_PERP.A
1612915200,2.2268,69.01,30.99,BTCUSDT_PERP.A
1613001600,2.5714,72.0,28.0,BTCUSDT_PERP.A
1613088000,2.5945,72.18,27.82,BTCUSDT_PERP.A
1613174400,2.7665,73.45,26.55,BTCUSDT_PERP.A
1613260800,2.775,73.51,26.49,BTCUSDT_PERP.A
1613347200,2.5137,71.54,28.46,BTCUSDT_PERP.A
1613433600,2.003,66.7,33.3,BTCUSDT_PERP.A
1613520000,2.3636,70.27,29.73,BTCUSDT_PERP.A
1613606400,1.8843,65.33,34.67,BTCUSDT_PERP.A
1613692800,2.2237,68.98,31.02,BTCUSDT_PERP.A
1613865600,2.199,68.74,31.26,BTCUSDT_PERP.A
1613952000,2.2712,69.43,30.57,BTCUSDT_PERP.A
1614038400,2.4831,71.29,28.71,BTCUSDT_PERP.A
1614124800,1.9343,65.92,34.08,BTCUSDT_PERP.A
1614211200,2.1192,67.94,32.06,BTCUSDT_PERP.A
1614297600,2.4305,70.85,29.15,BTCUSDT_PERP.A
1614384000,2.406,70.64,29.36,BTCUSDT_PERP.A
1614470400,2.1328,68.08,31.92,BTCUSDT_PERP.A
1614556800,1.9061,65.59,34.41,BTCUSDT_PERP.A
1614643200,2.1546,68.3,31.7,BTCUSDT_PERP.A
1614729600,2.1133,67.88,32.12,BTCUSDT_PERP.A
1614816000,2.2852,69.56,30.44,BTCUSDT_PERP.A
1614902400,2.663,72.7,27.3,BTCUSDT_PERP.A
1614988800,2.2446,69.18,30.82,BTCUSDT_PERP.A
1615075200,2.1221,67.97,32.03,BTCUSDT_PERP.A
1615161600,1.9464,66.06,33.94,BTCUSDT_PERP.A
1615248000,1.93,65.87,34.13,BTCUSDT_PERP.A
1615334400,2.0193,66.88,33.12,BTCUSDT_PERP.A
1615420800,2.0003,66.67,33.33,BTCUSDT_PERP.A
1615507200,1.9334,65.91,34.09,BTCUSDT_PERP.A
1615593600,1.9036,65.56,34.44,BTCUSDT_PERP.A
1615680000,2.1104,67.85,32.15,BTCUSDT_PERP.A
1615766400,2.4819,71.28,28.72,BTCUSDT_PERP.A
1615852800,3.1615,75.97,24.03,BTCUSDT_PERP.A
1615939200,3.0193,75.12,24.88,BTCUSDT_PERP.A
1616025600,2.7202,73.12,26.88,BTCUSDT_PERP.A
1616112000,3.1135,75.69,24.31,BTCUSDT_PERP.A
1616198400,2.655,72.64,27.36,BTCUSDT_PERP.A
1616284800,2.8344,73.92,26.08,BTCUSDT_PERP.A
1616371200,2.9635,74.77,25.23,BTCUSDT_PERP.A
1616457600,3.4053,77.3,22.7,BTCUSDT_PERP.A
1616544000,2.7679,73.46,26.54,BTCUSDT_PERP.A
1616630400,3.1017,75.62,24.38,BTCUSDT_PERP.A
1616716800,2.5336,71.7,28.3,BTCUSDT_PERP.A
1616803200,2.5562,71.88,28.12,BTCUSDT_PERP.A
1616889600,2.0998,67.74,32.26,BTCUSDT_PERP.A
1616976000,2.2154,68.9,31.1,BTCUSDT_PERP.A
1617062400,2.0969,67.71,32.29,BTCUSDT_PERP.A
1617148800,2.2415,69.15,30.85,BTCUSDT_PERP.A
1617235200,2.2787,69.5,30.5,BTCUSDT_PERP.A
1617321600,2.2279,69.02,30.98,BTCUSDT_PERP.A
1617408000,2.7106,73.05,26.95,BTCUSDT_PERP.A
1617494400,2.3179,69.86,30.14,BTCUSDT_PERP.A
1617580800,2.4831,71.29,28.71,BTCUSDT_PERP.A
1617667200,2.4746,71.22,28.78,BTCUSDT_PERP.A
1617753600,3.075,75.46,24.54,BTCUSDT_PERP.A
1617840000,3.1789,76.07,23.93,BTCUSDT_PERP.A
1617926400,2.5273,71.65,28.35,BTCUSDT_PERP.A
1618012800,2.5638,71.94,28.06,BTCUSDT_PERP.A
1618099200,2.9872,74.92,25.08,BTCUSDT_PERP.A
1618185600,2.9698,74.81,25.19,BTCUSDT_PERP.A
1618272000,3.2955,76.72,23.28,BTCUSDT_PERP.A
1618358400,2.2175,68.92,31.08,BTCUSDT_PERP.A
1618444800,3.1563,75.94,24.06,BTCUSDT_PERP.A
1618531200,3.0783,75.48,24.52,BTCUSDT_PERP.A
1618617600,3.7916,79.13,20.87,BTCUSDT_PERP.A
1618704000,4.5525,81.99,18.01,BTCUSDT_PERP.A
1618790400,2.8956,74.33,25.67,BTCUSDT_PERP.A
1618876800,2.5461,71.8,28.2,BTCUSDT_PERP.A
1618963200,2.6711,72.76,27.24,BTCUSDT_PERP.A
1619049600,2.5112,71.52,28.48,BTCUSDT_PERP.A
1619136000,2.4916,71.36,28.64,BTCUSDT_PERP.A
1619222400,2.1008,67.75,32.25,BTCUSDT_PERP.A
1619308800,1.5426,60.67,39.33,BTCUSDT_PERP.A
1619395200,1.5873,61.35,38.65,BTCUSDT_PERP.A
1619481600,1.5907,61.4,38.6,BTCUSDT_PERP.A
1619568000,1.7855,64.1,35.9,BTCUSDT_PERP.A
1619654400,2.1309,68.06,31.94,BTCUSDT_PERP.A
1619740800,2.3761,70.38,29.62,BTCUSDT_PERP.A
1619827200,2.1279,68.03,31.97,BTCUSDT_PERP.A
1619913600,2.2185,68.93,31.07,BTCUSDT_PERP.A
1620000000,2.7893,73.61,26.39,BTCUSDT_PERP.A
1620086400,3.0584,75.36,24.64,BTCUSDT_PERP.A
1620172800,2.7327,73.21,26.79,BTCUSDT_PERP.A
1620259200,2.3807,70.42,29.58,BTCUSDT_PERP.A
1620345600,3.2176,76.29,23.71,BTCUSDT_PERP.A
1620432000,2.667,72.73,27.27,BTCUSDT_PERP.A
1620518400,2.3378,70.04,29.96,BTCUSDT_PERP.A
1620604800,2.882,74.24,25.76,BTCUSDT_PERP.A
1620691200,3.29,76.69,23.31,BTCUSDT_PERP.A
1620777600,2.4294,70.84,29.16,BTCUSDT_PERP.A
1620864000,2.4165,70.73,29.27,BTCUSDT_PERP.A
1620950400,2.8595,74.09,25.91,BTCUSDT_PERP.A
1621036800,3.2517,76.48,23.52,BTCUSDT_PERP.A
1621123200,2.7836,73.57,26.43,BTCUSDT_PERP.A
1621209600,3.1068,75.65,24.35,BTCUSDT_PERP.A
1621296000,3.0306,75.19,24.81,BTCUSDT_PERP.A
1621382400,3.9407,79.76,20.24,BTCUSDT_PERP.A
1621468800,1.7078,63.07,36.93,BTCUSDT_PERP.A
1621555200,1.5934,61.44,38.56,BTCUSDT_PERP.A
1621641600,1.2604,55.76,44.24,BTCUSDT_PERP.A
1621728000,1.373,57.86,42.14,BTCUSDT_PERP.A
1621814400,1.6413,62.14,37.86,BTCUSDT_PERP.A
1621900800,1.7525,63.67,36.33,BTCUSDT_PERP.A
1621987200,1.6123,61.72,38.28,BTCUSDT_PERP.A
1622073600,2.2616,69.34,30.66,BTCUSDT_PERP.A
1622160000,1.5853,61.32,38.68,BTCUSDT_PERP.A
1622246400,1.6918,62.85,37.15,BTCUSDT_PERP.A
1622332800,1.8645,65.09,34.91,BTCUSDT_PERP.A
1622419200,1.448,59.15,40.85,BTCUSDT_PERP.A
1622505600,1.4096,58.5,41.5,BTCUSDT_PERP.A
1622592000,2.0139,66.82,33.18,BTCUSDT_PERP.A
1622678400,1.2422,55.4,44.6,BTCUSDT_PERP.A
1622764800,1.666,62.49,37.51,BTCUSDT_PERP.A
1622851200,1.584,61.3,38.7,BTCUSDT_PERP.A
1622937600,1.6151,61.76,38.24,BTCUSDT_PERP.A
1623024000,1.7747,63.96,36.04,BTCUSDT_PERP.A
1623110400,1.5846,61.31,38.69,BTCUSDT_PERP.A
1623196800,1.4266,58.79,41.21,BTCUSDT_PERP.A
1623283200,0.9246,48.04,51.96,BTCUSDT_PERP.A
1623369600,1.0313,50.77,49.23,BTCUSDT_PERP.A
1623456000,0.8529,46.03,53.97,BTCUSDT_PERP.A
1623542400,1.1048,52.49,47.51,BTCUSDT_PERP.A
1623628800,0.9873,49.68,50.32,BTCUSDT_PERP.A
1623715200,1.0921,52.2,47.8,BTCUSDT_PERP.A
1623801600,1.2563,55.68,44.32,BTCUSDT_PERP.A
1623888000,1.6096,61.68,38.32,BTCUSDT_PERP.A
1623974400,2.2499,69.23,30.77,BTCUSDT_PERP.A
1624060800,1.9967,66.63,33.37,BTCUSDT_PERP.A
1624147200,1.8074,64.38,35.62,BTCUSDT_PERP.A
1624233600,2.0003,66.67,33.33,BTCUSDT_PERP.A
1624320000,1.9815,66.46,33.54,BTCUSDT_PERP.A
1624406400,1.3132,56.77,43.23,BTCUSDT_PERP.A
1624492800,1.6089,61.67,38.33,BTCUSDT_PERP.A
1624579200,1.2242,55.04,44.96,BTCUSDT_PERP.A
1624665600,1.7435,63.55,36.45,BTCUSDT_PERP.A
1624752000,1.5988,61.52,38.48,BTCUSDT_PERP.A
1624838400,1.2109,54.77,45.23,BTCUSDT_PERP.A
1624924800,1.1786,54.1,45.9,BTCUSDT_PERP.A
1625011200,1.0773,51.86,48.14,BTCUSDT_PERP.A
1625097600,1.5183,60.29,39.71,BTCUSDT_PERP.A
1625184000,1.2635,55.82,44.18,BTCUSDT_PERP.A
1625270400,1.3535,57.51,42.49,BTCUSDT_PERP.A
1625356800,1.3057,56.63,43.37,BTCUSDT_PERP.A
1625443200,1.4576,59.31,40.69,BTCUSDT_PERP.A
1625529600,1.3753,57.9,42.1,BTCUSDT_PERP.A
1625616000,1.7049,63.03,36.97,BTCUSDT_PERP.A
1625702400,1.4969,59.95,40.05,BTCUSDT_PERP.A
1625788800,1.7988,64.27,35.73,BTCUSDT_PERP.A
1625875200,1.2758,56.06,43.94,BTCUSDT_PERP.A
1625961600,1.1464,53.41,46.59,BTCUSDT_PERP.A
1626048000,0.9558,48.87,51.13,BTCUSDT_PERP.A
1626134400,2.1143,67.89,32.11,BTCUSDT_PERP.A
1626220800,2.1211,67.96,32.04,BTCUSDT_PERP.A
1626307200,2.0451,67.16,32.84,BTCUSDT_PERP.A
1626393600,2.6982,72.96,27.04,BTCUSDT_PERP.A
1626480000,1.733,63.41,36.59,BTCUSDT_PERP.A
1626566400,1.7709,63.91,36.09,BTCUSDT_PERP.A
1626652800,2.076,67.49,32.51,BTCUSDT_PERP.A
1626739200,2.0175,66.86,33.14,BTCUSDT_PERP.A
1626825600,1.429,58.83,41.17,BTCUSDT_PERP.A
1626912000,1.4325,58.89,41.11,BTCUSDT_PERP.A
1626998400,1.2411,55.38,44.62,BTCUSDT_PERP.A
1627084800,1.192,54.38,45.62,BTCUSDT_PERP.A
1627171200,1.0851,52.04,47.96,BTCUSDT_PERP.A
1627257600,0.9433,48.54,51.46,BTCUSDT_PERP.A
1627344000,1.3202,56.9,43.1,BTCUSDT_PERP.A
1627430400,1.3596,57.62,42.38,BTCUSDT_PERP.A
1627516800,0.9183,47.87,52.13,BTCUSDT_PERP.A
1627603200,0.9516,48.76,51.24,BTCUSDT_PERP.A
1627689600,1.0036,50.09,49.91,BTCUSDT_PERP.A
1627776000,1.002,50.05,49.95,BTCUSDT_PERP.A
1627862400,1.1882,54.3,45.7,BTCUSDT_PERP.A
1627948800,1.5183,60.29,39.71,BTCUSDT_PERP.A
1628035200,1.6745,62.61,37.39,BTCUSDT_PERP.A
1628121600,1.5452,60.71,39.29,BTCUSDT_PERP.A
1628208000,1.0412,51.01,48.99,BTCUSDT_PERP.A
1628294400,0.9183,47.87,52.13,BTCUSDT_PERP.A
1628380800,0.9264,48.09,51.91,BTCUSDT_PERP.A
1628467200,0.926,48.08,51.92,BTCUSDT_PERP.A
1628553600,0.8632,46.33,53.67,BTCUSDT_PERP.A
1628640000,1.2376,55.31,44.69,BTCUSDT_PERP.A
1628726400,1.1281,53.01,46.99,BTCUSDT_PERP.A
1628812800,1.3408,57.28,42.72,BTCUSDT_PERP.A
1628899200,1.0342,50.84,49.16,BTCUSDT_PERP.A
1628985600,1.4444,59.09,40.91,BTCUSDT_PERP.A
1629072000,1.5063,60.1,39.9,BTCUSDT_PERP.A
1629158400,1.8952,65.46,34.54,BTCUSDT_PERP.A
1629244800,2.0294,66.99,33.01,BTCUSDT_PERP.A
1629331200,1.9455,66.05,33.95,BTCUSDT_PERP.A
1629417600,1.3618,57.66,42.34,BTCUSDT_PERP.A
1629504000,1.0288,50.71,49.29,BTCUSDT_PERP.A
1629590400,0.9904,49.76,50.24,BTCUSDT_PERP.A
1629676800,1.096,52.29,47.71,BTCUSDT_PERP.A
1629763200,1.3321,57.12,42.88,BTCUSDT_PERP.A
1629849600,1.7056,63.04,36.96,BTCUSDT_PERP.A
1629936000,1.6903,62.83,37.17,BTCUSDT_PERP.A
1630022400,1.8935,65.44,34.56,BTCUSDT_PERP.A
1630108800,1.4137,58.57,41.43,BTCUSDT_PERP.A
1630195200,1.3452,57.36,42.64,BTCUSDT_PERP.A
1630281600,1.3089,56.69,43.31,BTCUSDT_PERP.A
1630368000,1.8752,65.22,34.78,BTCUSDT_PERP.A
1630454400,2.126,68.01,31.99,BTCUSDT_PERP.A
1630540800,1.6069,61.64,38.36,BTCUSDT_PERP.A
1630627200,1.2894,56.32,43.68,BTCUSDT_PERP.A
1630713600,1.2769,56.08,43.92,BTCUSDT_PERP.A
1630800000,1.4361,58.95,41.05,BTCUSDT_PERP.A
1630886400,0.9433,48.54,51.46,BTCUSDT_PERP.A
1630972800,1.0458,51.12,48.88,BTCUSDT_PERP.A
1631059200,1.9709,66.34,33.66,BTCUSDT_PERP.A
1631145600,1.849,64.9,35.1,BTCUSDT_PERP.A
1631232000,1.9351,65.93,34.07,BTCUSDT_PERP.A
1631318400,2.1817,68.57,31.43,BTCUSDT_PERP.A
1631404800,1.9369,65.95,34.05,BTCUSDT_PERP.A
1631491200,1.9104,65.64,34.36,BTCUSDT_PERP.A
1631577600,2.202,68.77,31.23,BTCUSDT_PERP.A
1631664000,1.2376,55.31,44.69,BTCUSDT_PERP.A
1631750400,1.192,54.38,45.62,BTCUSDT_PERP.A
1631836800,1.3641,57.7,42.3,BTCUSDT_PERP.A
1631923200,1.6575,62.37,37.63,BTCUSDT_PERP.A
1632009600,1.4307,58.86,41.14,BTCUSDT_PERP.A
1632096000,1.8506,64.92,35.08,BTCUSDT_PERP.A
1632182400,2.1221,67.97,32.03,BTCUSDT_PERP.A
1632268800,1.7917,64.18,35.82,BTCUSDT_PERP.A
1632355200,1.5183,60.29,39.71,BTCUSDT_PERP.A
1632441600,1.1697,53.91,46.09,BTCUSDT_PERP.A
1632528000,1.4808,59.69,40.31,BTCUSDT_PERP.A
1632614400,1.3068,56.65,43.35,BTCUSDT_PERP.A
1632700800,1.2477,55.51,44.49,BTCUSDT_PERP.A
1632787200,1.4408,59.03,40.97,BTCUSDT_PERP.A
1632873600,1.8321,64.69,35.31,BTCUSDT_PERP.A
1632960000,2.0675,67.4,32.6,BTCUSDT_PERP.A
1633046400,1.0251,50.62,49.38,BTCUSDT_PERP.A
1633132800,0.7838,43.94,56.06,BTCUSDT_PERP.A
1633219200,0.9095,47.63,52.37,BTCUSDT_PERP.A
1633305600,0.9865,49.66,50.34,BTCUSDT_PERP.A
1633392000,0.8025,44.52,55.48,BTCUSDT_PERP.A
1633478400,0.7304,42.21,57.79,BTCUSDT_PERP.A
1633564800,0.944,48.56,51.44,BTCUSDT_PERP.A
1633651200,1.1231,52.9,47.1,BTCUSDT_PERP.A
1633737600,1.3579,57.59,42.41,BTCUSDT_PERP.A
1633824000,1.1944,54.43,45.57,BTCUSDT_PERP.A
1633910400,1.2168,54.89,45.11,BTCUSDT_PERP.A
1633996800,0.9619,49.03,50.97,BTCUSDT_PERP.A
1634083200,1.2277,55.11,44.89,BTCUSDT_PERP.A
1634169600,0.979,49.47,50.53,BTCUSDT_PERP.A
1634256000,1.1177,52.78,47.22,BTCUSDT_PERP.A
1634342400,1.0317,50.78,49.22,BTCUSDT_PERP.A
1634428800,1.3047,56.61,43.39,BTCUSDT_PERP.A
1634515200,1.4284,58.82,41.18,BTCUSDT_PERP.A
1634601600,1.3878,58.12,41.88,BTCUSDT_PERP.A
1634688000,0.9897,49.74,50.26,BTCUSDT_PERP.A
1634774400,1.1313,53.08,46.92,BTCUSDT_PERP.A
1634860800,1.9603,66.22,33.78,BTCUSDT_PERP.A
1634947200,2.2938,69.64,30.36,BTCUSDT_PERP.A
1635033600,2.1786,68.54,31.46,BTCUSDT_PERP.A
1635120000,2.4083,70.66,29.34,BTCUSDT_PERP.A
1635206400,1.9709,66.34,33.66,BTCUSDT_PERP.A
1635292800,2.8462,74.0,26.0,BTCUSDT_PERP.A
1635379200,2.7793,73.54,26.46,BTCUSDT_PERP.A
1635465600,2.6563,72.65,27.35,BTCUSDT_PERP.A
1635552000,2.3693,70.32,29.68,BTCUSDT_PERP.A
1635638400,2.7693,73.47,26.53,BTCUSDT_PERP.A
1635724800,3.3478,77.0,23.0,BTCUSDT_PERP.A
1635811200,3.268,76.57,23.43,BTCUSDT_PERP.A
1635897600,2.2383,69.12,30.88,BTCUSDT_PERP.A
1635984000,2.9078,74.41,25.59,BTCUSDT_PERP.A
1636070400,3.5788,78.16,21.84,BTCUSDT_PERP.A
1636156800,3.7642,79.01,20.99,BTCUSDT_PERP.A
1636243200,3.2427,76.43,23.57,BTCUSDT_PERP.A
1636329600,2.5651,71.95,28.05,BTCUSDT_PERP.A
1636416000,1.849,64.9,35.1,BTCUSDT_PERP.A
1636502400,2.0239,66.93,33.07,BTCUSDT_PERP.A
1636588800,2.4305,70.85,29.15,BTCUSDT_PERP.A
1636675200,2.7807,73.55,26.45,BTCUSDT_PERP.A
1636761600,3.3995,77.27,22.73,BTCUSDT_PERP.A
1636848000,3.3384,76.95,23.05,BTCUSDT_PERP.A
1636934400,3.3497,77.01,22.99,BTCUSDT_PERP.A
1637020800,3.9432,79.77,20.23,BTCUSDT_PERP.A
1637107200,4.0556,80.22,19.78,BTCUSDT_PERP.A
1637193600,4.211,80.81,19.19,BTCUSDT_PERP.A
1637280000,4.2247,80.86,19.14,BTCUSDT_PERP.A
1637366400,3.878,79.5,20.5,BTCUSDT_PERP.A
1637452800,3.5208,77.88,22.12,BTCUSDT_PERP.A
1637539200,3.5704,78.12,21.88,BTCUSDT_PERP.A
1637625600,4.5157,81.87,18.13,BTCUSDT_PERP.A
1637712000,3.9358,79.74,20.26,BTCUSDT_PERP.A
1637798400,4.1177,80.46,19.54,BTCUSDT_PERP.A
1637884800,3.3403,76.96,23.04,BTCUSDT_PERP.A
1637971200,5.6934,85.06,14.94,BTCUSDT_PERP.A
1638057600,5.0901,83.58,16.42,BTCUSDT_PERP.A
1638144000,4.3277,81.23,18.77,BTCUSDT_PERP.A
1638230400,3.1017,75.62,24.38,BTCUSDT_PERP.A
1638316800,4.0226,80.09,19.91,BTCUSDT_PERP.A
1638403200,4.3135,81.18,18.82,BTCUSDT_PERP.A
1638489600,4.6338,82.25,17.75,BTCUSDT_PERP.A
1638576000,5.7843,85.26,14.74,BTCUSDT_PERP.A
1638662400,2.8095,73.75,26.25,BTCUSDT_PERP.A
1638748800,2.0248,66.94,33.06,BTCUSDT_PERP.A
1638835200,1.8074,64.38,35.62,BTCUSDT_PERP.A
1638921600,1.6323,62.01,37.99,BTCUSDT_PERP.A
1639008000,1.9104,65.64,34.36,BTCUSDT_PERP.A
1639094400,2.3625,70.26,29.74,BTCUSDT_PERP.A
1639180800,2.283,69.54,30.46,BTCUSDT_PERP.A
1639267200,1.7382,63.48,36.52,BTCUSDT_PERP.A
1639353600,1.4225,58.72,41.28,BTCUSDT_PERP.A
1639440000,2.4614,71.11,28.89,BTCUSDT_PERP.A
1639526400,1.9976,66.64,33.36,BTCUSDT_PERP.A
1639612800,1.862,65.06,34.94,BTCUSDT_PERP.A
1639699200,2.2279,69.02,30.98,BTCUSDT_PERP.A
1639785600,3.2319,76.37,23.63,BTCUSDT_PERP.A
1639872000,2.8685,74.15,25.85,BTCUSDT_PERP.A
1639958400,2.8212,73.83,26.17,BTCUSDT_PERP.A
1640044800,2.4892,71.34,28.66,BTCUSDT_PERP.A
1640131200,1.3272,57.03,42.97,BTCUSDT_PERP.A
1640217600,1.6617,62.43,37.57,BTCUSDT_PERP.A
1640304000,1.5813,61.26,38.74,BTCUSDT_PERP.A
1640390400,1.6998,62.96,37.04,BTCUSDT_PERP.A
1640476800,2.012,66.8,33.2,BTCUSDT_PERP.A
1640563200,2.1706,68.46,31.54,BTCUSDT_PERP.A
1640649600,1.9438,66.03,33.97,BTCUSDT_PERP.A
1640736000,3.0984,75.6,24.4,BTCUSDT_PERP.A
1640822400,3.207,76.23,23.77,BTCUSDT_PERP.A
1640908800,2.879,74.22,25.78,BTCUSDT_PERP.A
1640995200,3.7192,78.81,21.19,BTCUSDT_PERP.A
1641081600,2.8432,73.98,26.02,BTCUSDT_PERP.A
1641168000,2.8911,74.3,25.7,BTCUSDT_PERP.A
1641254400,4.3677,81.37,18.63,BTCUSDT_PERP.A
1641340800,4.168,80.65,19.35,BTCUSDT_PERP.A
1641427200,3.7824,79.09,20.91,BTCUSDT_PERP.A
1641513600,3.7348,78.88,21.12,BTCUSDT_PERP.A
1641600000,3.1667,76.0,24.0,BTCUSDT_PERP.A
1641686400,2.9793,74.87,25.13,BTCUSDT_PERP.A
1641772800,2.8329,73.91,26.09,BTCUSDT_PERP.A
1641859200,2.6417,72.54,27.46,BTCUSDT_PERP.A
1641945600,1.9674,66.3,33.7,BTCUSDT_PERP.A
1642032000,2.3602,70.24,29.76,BTCUSDT_PERP.A
1642118400,2.7864,73.59,26.41,BTCUSDT_PERP.A
1642204800,2.2279,69.02,30.98,BTCUSDT_PERP.A
1642291200,2.1075,67.82,32.18,BTCUSDT_PERP.A
1642377600,2.3864,70.47,29.53,BTCUSDT_PERP.A
1642464000,3.1789,76.07,23.93,BTCUSDT_PERP.A
1642550400,2.6819,72.84,27.16,BTCUSDT_PERP.A
1642636800,2.7313,73.2,26.8,BTCUSDT_PERP.A
1642723200,3.1929,76.15,23.85,BTCUSDT_PERP.A
1642809600,2.5474,71.81,28.19,BTCUSDT_PERP.A
1642896000,1.8902,65.4,34.6,BTCUSDT_PERP.A
1642982400,1.8217,64.56,35.44,BTCUSDT_PERP.A
1643068800,1.2931,56.39,43.61,BTCUSDT_PERP.A
1643155200,1.1896,54.33,45.67,BTCUSDT_PERP.A
1643241600,1.2548,55.65,44.35,BTCUSDT_PERP.A
1643328000,1.266,55.87,44.13,BTCUSDT_PERP.A
1643414400,0.9554,48.86,51.14,BTCUSDT_PERP.A
1643500800,0.9489,48.69,51.31,BTCUSDT_PERP.A
1643587200,0.9474,48.65,51.35,BTCUSDT_PERP.A
1643673600,0.7292,42.17,57.83,BTCUSDT_PERP.A
1643760000,0.8315,45.4,54.6,BTCUSDT_PERP.A
1643846400,1.2472,55.5,44.5,BTCUSDT_PERP.A
1643932800,1.2487,55.53,44.47,BTCUSDT_PERP.A
1644019200,0.7603,43.19,56.81,BTCUSDT_PERP.A
1644105600,0.7316,42.25,57.75,BTCUSDT_PERP.A
1644192000,0.8192,45.03,54.97,BTCUSDT_PERP.A
1644278400,0.8936,47.19,52.81,BTCUSDT_PERP.A
1644364800,1.107,52.54,47.46,BTCUSDT_PERP.A
1644451200,1.1053,52.5,47.5,BTCUSDT_PERP.A
1644537600,1.2915,56.36,43.64,BTCUSDT_PERP.A
1644624000,1.5227,60.36,39.64,BTCUSDT_PERP.A
1644710400,1.6717,62.57,37.43,BTCUSDT_PERP.A
1644796800,1.7152,63.17,36.83,BTCUSDT_PERP.A
1644883200,1.3414,57.29,42.71,BTCUSDT_PERP.A
1644969600,1.1891,54.32,45.68,BTCUSDT_PERP.A
1645056000,1.3607,57.64,42.36,BTCUSDT_PERP.A
1645142400,1.986,66.51,33.49,BTCUSDT_PERP.A
1645228800,1.8893,65.39,34.61,BTCUSDT_PERP.A
1645315200,2.0836,67.57,32.43,BTCUSDT_PERP.A
1645401600,2.0202,66.89,33.11,BTCUSDT_PERP.A
1645488000,1.924,65.8,34.2,BTCUSDT_PERP.A
1645574400,1.3425,57.31,42.69,BTCUSDT_PERP.A
1645660800,1.6448,62.19,37.81,BTCUSDT_PERP.A
1645747200,1.2306,55.17,44.83,BTCUSDT_PERP.A
1645833600,1.0951,52.27,47.73,BTCUSDT_PERP.A
1645920000,1.1372,53.21,46.79,BTCUSDT_PERP.A
1646006400,1.4272,58.8,41.2,BTCUSDT_PERP.A
1646092800,1.0421,51.03,48.97,BTCUSDT_PERP.A
1646179200,0.9433,48.54,51.46,BTCUSDT_PERP.A
1646265600,0.9893,49.73,50.27,BTCUSDT_PERP.A
1646352000,1.4184,58.65,41.35,BTCUSDT_PERP.A
1646438400,1.8185,64.52,35.48,BTCUSDT_PERP.A
1646524800,2.1969,68.72,31.28,BTCUSDT_PERP.A
1646611200,2.1104,67.85,32.15,BTCUSDT_PERP.A
1646697600,2.1857,68.61,31.39,BTCUSDT_PERP.A
1646784000,1.8321,64.69,35.31,BTCUSDT_PERP.A
1646870400,1.2422,55.4,44.6,BTCUSDT_PERP.A
1646956800,2.023,66.92,33.08,BTCUSDT_PERP.A
1647043200,2.3201,69.88,30.12,BTCUSDT_PERP.A
1647129600,2.1939,68.69,31.31,BTCUSDT_PERP.A
1647216000,2.6062,72.27,27.73,BTCUSDT_PERP.A
1647302400,1.849,64.9,35.1,BTCUSDT_PERP.A
1647388800,1.2889,56.31,43.69,BTCUSDT_PERP.A
1647475200,1.2099,54.75,45.25,BTCUSDT_PERP.A
1647561600,1.3691,57.79,42.21,BTCUSDT_PERP.A
1647648000,1.0764,51.84,48.16,BTCUSDT_PERP.A
1647734400,1.0542,51.32,48.68,BTCUSDT_PERP.A
1647820800,1.3004,56.53,43.47,BTCUSDT_PERP.A
1647907200,1.6504,62.27,37.73,BTCUSDT_PERP.A
1647993600,1.2899,56.33,43.67,BTCUSDT_PERP.A
1648080000,1.3708,57.82,42.18,BTCUSDT_PERP.A
1648166400,0.7569,43.08,56.92,BTCUSDT_PERP.A
1648252800,0.747,42.76,57.24,BTCUSDT_PERP.A
1648339200,0.8232,45.15,54.85,BTCUSDT_PERP.A
1648425600,0.8529,46.03,53.97,BTCUSDT_PERP.A
1648512000,0.8793,46.79,53.21,BTCUSDT_PERP.A
1648598400,1.021,50.52,49.48,BTCUSDT_PERP.A
1648684800,1.1968,54.48,45.52,BTCUSDT_PERP.A
1648771200,1.5432,60.68,39.32,BTCUSDT_PERP.A
1648857600,1.805,64.35,35.65,BTCUSDT_PERP.A
1649030400,1.8612,65.05,34.95,BTCUSDT_PERP.A
1649116800,1.6724,62.58,37.42,BTCUSDT_PERP.A
1649376000,2.4341,70.88,29.12,BTCUSDT_PERP.A
1649462400,2.6219,72.39,27.61,BTCUSDT_PERP.A
1649548800,2.6179,72.36,27.64,BTCUSDT_PERP.A
1649635200,2.6819,72.84,27.16,BTCUSDT_PERP.A
1649721600,2.5765,72.04,27.96,BTCUSDT_PERP.A
1649808000,3.0306,75.19,24.81,BTCUSDT_PERP.A
1649894400,2.269,69.41,30.59,BTCUSDT_PERP.A
1649980800,2.8926,74.31,25.69,BTCUSDT_PERP.A
1650067200,2.5881,72.13,27.87,BTCUSDT_PERP.A
1650153600,2.56,71.91,28.09,BTCUSDT_PERP.A
1650240000,2.879,74.22,25.78,BTCUSDT_PERP.A
1650326400,2.3003,69.7,30.3,BTCUSDT_PERP.A
1650412800,2.0525,67.24,32.76,BTCUSDT_PERP.A
1650499200,1.9525,66.13,33.87,BTCUSDT_PERP.A
1650585600,2.5088,71.5,28.5,BTCUSDT_PERP.A
1650672000,3.3178,76.84,23.16,BTCUSDT_PERP.A
1650758400,3.122,75.74,24.26,BTCUSDT_PERP.A
1650844800,3.1169,75.71,24.29,BTCUSDT_PERP.A
1650931200,2.6417,72.54,27.46,BTCUSDT_PERP.A
1651017600,3.386,77.2,22.8,BTCUSDT_PERP.A
1651276800,2.7064,73.02,26.98,BTCUSDT_PERP.A
1651363200,3.1754,76.05,23.95,BTCUSDT_PERP.A
1651449600,3.0048,75.03,24.97,BTCUSDT_PERP.A
1651536000,2.453,71.04,28.96,BTCUSDT_PERP.A
1651622400,3.5537,78.04,21.96,BTCUSDT_PERP.A
1651708800,1.7533,63.68,36.32,BTCUSDT_PERP.A
1651795200,3.8426,79.35,20.65,BTCUSDT_PERP.A
1651881600,3.3271,76.89,23.11,BTCUSDT_PERP.A
1651968000,3.3956,77.25,22.75,BTCUSDT_PERP.A
1652054400,2.9246,74.52,25.48,BTCUSDT_PERP.A
1652313600,2.413,70.7,29.3,BTCUSDT_PERP.A
1652400000,1.5674,61.05,38.95,BTCUSDT_PERP.A
1652486400,1.4242,58.75,41.25,BTCUSDT_PERP.A
1652572800,1.7427,63.54,36.46,BTCUSDT_PERP.A
1652659200,1.4504,59.19,40.81,BTCUSDT_PERP.A
1652745600,1.4931,59.89,40.11,BTCUSDT_PERP.A
1652832000,1.4919,59.87,40.13,BTCUSDT_PERP.A
1652918400,1.9308,65.88,34.12,BTCUSDT_PERP.A
1653004800,1.1169,52.76,47.24,BTCUSDT_PERP.A
1653091200,2.3568,70.21,29.79,BTCUSDT_PERP.A
1653177600,1.858,65.01,34.99,BTCUSDT_PERP.A
1653264000,1.1997,54.54,45.46,BTCUSDT_PERP.A
1653350400,2.1908,68.66,31.34,BTCUSDT_PERP.A
1653436800,2.3602,70.24,29.76,BTCUSDT_PERP.A
1653523200,1.7724,63.93,36.07,BTCUSDT_PERP.A
1653609600,1.5176,60.28,39.72,BTCUSDT_PERP.A
1653696000,2.1797,68.55,31.45,BTCUSDT_PERP.A
1653782400,1.7248,63.3,36.7,BTCUSDT_PERP.A
1653868800,1.4313,58.87,41.13,BTCUSDT_PERP.A
1653955200,1.2635,55.82,44.18,BTCUSDT_PERP.A
1654041600,1.2217,54.99,45.01,BTCUSDT_PERP.A
1654128000,1.963,66.25,33.75,BTCUSDT_PERP.A
1654214400,1.5497,60.78,39.22,BTCUSDT_PERP.A
1654300800,2.2404,69.14,30.86,BTCUSDT_PERP.A
1654387200,2.0111,66.79,33.21,BTCUSDT_PERP.A
1654473600,1.7663,63.85,36.15,BTCUSDT_PERP.A
1654560000,0.8369,45.56,54.44,BTCUSDT_PERP.A
1654646400,1.0072,50.18,49.82,BTCUSDT_PERP.A
1654732800,1.6199,61.83,38.17,BTCUSDT_PERP.A
1654819200,2.0534,67.25,32.75,BTCUSDT_PERP.A
1654905600,2.7189,73.11,26.89,BTCUSDT_PERP.A
1654992000,2.6417,72.54,27.46,BTCUSDT_PERP.A
1655078400,2.3659,70.29,29.71,BTCUSDT_PERP.A
1655164800,1.713,63.14,36.86,BTCUSDT_PERP.A
1655251200,1.6638,62.46,37.54,BTCUSDT_PERP.A
1655337600,1.6752,62.62,37.38,BTCUSDT_PERP.A
1655424000,2.4025,70.61,29.39,BTCUSDT_PERP.A
1655510400,2.7439,73.29,26.71,BTCUSDT_PERP.A
1655596800,1.5536,60.84,39.16,BTCUSDT_PERP.A
1655683200,1.2297,55.15,44.85,BTCUSDT_PERP.A
1655769600,1.0462,51.13,48.87,BTCUSDT_PERP.A
1655856000,1.073,51.76,48.24,BTCUSDT_PERP.A
1655942400,1.2558,55.67,44.33,BTCUSDT_PERP.A
1656028800,0.9845,49.61,50.39,BTCUSDT_PERP.A
1656115200,0.9581,48.93,51.07,BTCUSDT_PERP.A
1656201600,0.8857,46.97,53.03,BTCUSDT_PERP.A
1656288000,1.1004,52.39,47.61,BTCUSDT_PERP.A
1656374400,1.2306,55.17,44.83,BTCUSDT_PERP.A
1656460800,1.5846,61.31,38.69,BTCUSDT_PERP.A
1656547200,1.6624,62.44,37.56,BTCUSDT_PERP.A
1656633600,1.6911,62.84,37.16,BTCUSDT_PERP.A
1656720000,1.6103,61.69,38.31,BTCUSDT_PERP.A
1656806400,1.6596,62.4,37.6,BTCUSDT_PERP.A
1656892800,1.642,62.15,37.85,BTCUSDT_PERP.A
1656979200,1.1336,53.13,46.87,BTCUSDT_PERP.A
1657065600,0.9268,48.1,51.9,BTCUSDT_PERP.A
1657152000,0.9164,47.82,52.18,BTCUSDT_PERP.A
1657238400,0.648,39.32,60.68,BTCUSDT_PERP.A
1657324800,0.8067,44.65,55.35,BTCUSDT_PERP.A
1657411200,0.9716,49.28,50.72,BTCUSDT_PERP.A
1657497600,1.2681,55.91,44.09,BTCUSDT_PERP.A
1657584000,1.4444,59.09,40.91,BTCUSDT_PERP.A
1657670400,1.613,61.73,38.27,BTCUSDT_PERP.A
1657756800,1.3294,57.07,42.93,BTCUSDT_PERP.A
1657843200,1.0048,50.12,49.88,BTCUSDT_PERP.A
1657929600,0.856,46.12,53.88,BTCUSDT_PERP.A
1658016000,0.8242,45.18,54.82,BTCUSDT_PERP.A
1658102400,0.857,46.15,53.85,BTCUSDT_PERP.A
1658188800,0.935,48.32,51.68,BTCUSDT_PERP.A
1658275200,0.6455,39.23,60.77,BTCUSDT_PERP.A
1658361600,0.8208,45.08,54.92,BTCUSDT_PERP.A
1658448000,0.9589,48.95,51.05,BTCUSDT_PERP.A
1658534400,1.1191,52.81,47.19,BTCUSDT_PERP.A
1658620800,1.2331,55.22,44.78,BTCUSDT_PERP.A
1658707200,1.0479,51.17,48.83,BTCUSDT_PERP.A
1658793600,1.5304,60.48,39.52,BTCUSDT_PERP.A
1658880000,1.4963,59.94,40.06,BTCUSDT_PERP.A
1658966400,0.8713,46.56,53.44,BTCUSDT_PERP.A
1659052800,0.7419,42.59,57.41,BTCUSDT_PERP.A
1659139200,0.7103,41.53,58.47,BTCUSDT_PERP.A
1659225600,0.774,43.63,56.37,BTCUSDT_PERP.A
1659312000,0.9099,47.64,52.36,BTCUSDT_PERP.A
1659398400,1.0004,50.01,49.99,BTCUSDT_PERP.A
1659484800,1.1673,53.86,46.14,BTCUSDT_PERP.A
1659571200,1.3315,57.11,42.89,BTCUSDT_PERP.A
1659657600,1.7137,63.15,36.85,BTCUSDT_PERP.A
1659744000,1.2904,56.34,43.66,BTCUSDT_PERP.A
1659830400,1.377,57.93,42.07,BTCUSDT_PERP.A
1659916800,1.3485,57.42,42.58,BTCUSDT_PERP.A
1660003200,1.0194,50.48,49.52,BTCUSDT_PERP.A
1660089600,2.0779,67.51,32.49,BTCUSDT_PERP.A
1660176000,1.1882,54.3,45.7,BTCUSDT_PERP.A
1660262400,1.1191,52.81,47.19,BTCUSDT_PERP.A
1660348800,1.2252,55.06,44.94,BTCUSDT_PERP.A
1660435200,0.9305,48.2,51.8,BTCUSDT_PERP.A
1660521600,1.2252,55.06,44.94,BTCUSDT_PERP.A
1660608000,1.5793,61.23,38.77,BTCUSDT_PERP.A
1660694400,1.8369,64.75,35.25,BTCUSDT_PERP.A
1660780800,2.2787,69.5,30.5,BTCUSDT_PERP.A
1660867200,1.9931,66.59,33.41,BTCUSDT_PERP.A
1660953600,2.0111,66.79,33.21,BTCUSDT_PERP.A
1661040000,2.1696,68.45,31.55,BTCUSDT_PERP.A
1661126400,2.0386,67.09,32.91,BTCUSDT_PERP.A
1661212800,2.1506,68.26,31.74,BTCUSDT_PERP.A
1661299200,1.5575,60.9,39.1,BTCUSDT_PERP.A
1661385600,1.4649,59.43,40.57,BTCUSDT_PERP.A
1661472000,1.6483,62.24,37.76,BTCUSDT_PERP.A
1661558400,1.9612,66.23,33.77,BTCUSDT_PERP.A
1661644800,2.003,66.7,33.3,BTCUSDT_PERP.A
1661731200,2.0941,67.68,32.32,BTCUSDT_PERP.A
1661817600,1.8385,64.77,35.23,BTCUSDT_PERP.A
1661904000,2.4188,70.75,29.25,BTCUSDT_PERP.A
1661990400,1.8835,65.32,34.68,BTCUSDT_PERP.A
1662076800,2.1526,68.28,31.72,BTCUSDT_PERP.A
1662163200,2.3875,70.48,29.52,BTCUSDT_PERP.A
1662249600,2.9262,74.53,25.47,BTCUSDT_PERP.A
1662336000,2.4554,71.06,28.94,BTCUSDT_PERP.A
1662422400,2.9093,74.42,25.58,BTCUSDT_PERP.A
1662508800,3.0161,75.1,24.9,BTCUSDT_PERP.A
1662595200,1.9104,65.64,34.36,BTCUSDT_PERP.A
1662681600,1.7233,63.28,36.72,BTCUSDT_PERP.A
1662768000,0.8106,44.77,55.23,BTCUSDT_PERP.A
1662854400,0.725,42.03,57.97,BTCUSDT_PERP.A
1662940800,0.67,40.12,59.88,BTCUSDT_PERP.A
1663027200,0.6592,39.73,60.27,BTCUSDT_PERP.A
1663113600,1.6603,62.41,37.59,BTCUSDT_PERP.A
1663200000,2.1387,68.14,31.86,BTCUSDT_PERP.A
1663286400,2.7383,73.25,26.75,BTCUSDT_PERP.A
1663372800,2.3445,70.1,29.9,BTCUSDT_PERP.A
1663459200,2.1928,68.68,31.32,BTCUSDT_PERP.A
1663545600,2.8551,74.06,25.94,BTCUSDT_PERP.A
1663632000,1.9806,66.45,33.55,BTCUSDT_PERP.A
1663718400,2.3434,70.09,29.91,BTCUSDT_PERP.A
1663804800,2.8551,74.06,25.94,BTCUSDT_PERP.A
1663891200,1.7248,63.3,36.7,BTCUSDT_PERP.A
1663977600,2.0902,67.64,32.36,BTCUSDT_PERP.A
1664064000,2.0902,67.64,32.36,BTCUSDT_PERP.A
1664150400,2.4554,71.06,28.94,BTCUSDT_PERP.A
1664236800,1.6476,62.23,37.77,BTCUSDT_PERP.A
1664323200,2.5039,71.46,28.54,BTCUSDT_PERP.A
1664409600,1.2457,55.47,44.53,BTCUSDT_PERP.A
1664496000,1.3923,58.2,41.8,BTCUSDT_PERP.A
1664582400,1.6969,62.92,37.08,BTCUSDT_PERP.A
1664668800,2.0093,66.77,33.23,BTCUSDT_PERP.A
1664755200,2.6062,72.27,27.73,BTCUSDT_PERP.A
1664841600,1.3229,56.95,43.05,BTCUSDT_PERP.A
1664928000,0.7235,41.98,58.02,BTCUSDT_PERP.A
1665014400,0.9205,47.93,52.07,BTCUSDT_PERP.A
1665100800,1.1983,54.51,45.49,BTCUSDT_PERP.A
1665187200,2.2165,68.91,31.09,BTCUSDT_PERP.A
1665273600,2.23,69.04,30.96,BTCUSDT_PERP.A
1665360000,2.4141,70.71,29.29,BTCUSDT_PERP.A
1665446400,3.0,75.0,25.0,BTCUSDT_PERP.A
1665532800,3.0733,75.45,24.55,BTCUSDT_PERP.A
1665619200,2.4447,70.97,29.03,BTCUSDT_PERP.A
1665705600,1.8273,64.63,35.37,BTCUSDT_PERP.A
1665792000,2.012,66.8,33.2,BTCUSDT_PERP.A
1665878400,2.2289,69.03,30.97,BTCUSDT_PERP.A
1665964800,2.2938,69.64,30.36,BTCUSDT_PERP.A
1666051200,1.4231,58.73,41.27,BTCUSDT_PERP.A
1666137600,1.9002,65.52,34.48,BTCUSDT_PERP.A
1666224000,2.4892,71.34,28.66,BTCUSDT_PERP.A
1666310400,2.8926,74.31,25.69,BTCUSDT_PERP.A
1666396800,2.2436,69.17,30.83,BTCUSDT_PERP.A
1666483200,1.8313,64.68,35.32,BTCUSDT_PERP.A
1666569600,1.3202,56.9,43.1,BTCUSDT_PERP.A
1666656000,1.8385,64.77,35.23,BTCUSDT_PERP.A
1666742400,0.8031,44.54,55.46,BTCUSDT_PERP.A
1666828800,0.7501,42.86,57.14,BTCUSDT_PERP.A
1666915200,0.9497,48.71,51.29,BTCUSDT_PERP.A
1667001600,0.9463,48.62,51.38,BTCUSDT_PERP.A
1667088000,0.7409,42.56,57.44,BTCUSDT_PERP.A
1667174400,0.8302,45.36,54.64,BTCUSDT_PERP.A
1667260800,1.1575,53.65,46.35,BTCUSDT_PERP.A
1667347200,1.1598,53.7,46.3,BTCUSDT_PERP.A
1667433600,1.5727,61.13,38.87,BTCUSDT_PERP.A
1667520000,1.6199,61.83,38.17,BTCUSDT_PERP.A
1667606400,0.8113,44.79,55.21,BTCUSDT_PERP.A
1667692800,0.7452,42.7,57.3,BTCUSDT_PERP.A
1667779200,0.9033,47.46,52.54,BTCUSDT_PERP.A
1667865600,1.6903,62.83,37.17,BTCUSDT_PERP.A
1667952000,3.2052,76.22,23.78,BTCUSDT_PERP.A
1668038400,2.5051,71.47,28.53,BTCUSDT_PERP.A
1668124800,2.013,66.81,33.19,BTCUSDT_PERP.A
1668211200,2.2175,68.92,31.08,BTCUSDT_PERP.A
1668297600,1.9551,66.16,33.84,BTCUSDT_PERP.A
1668384000,2.44,70.93,29.07,BTCUSDT_PERP.A
1668470400,2.4002,70.59,29.41,BTCUSDT_PERP.A
1668556800,1.5323,60.51,39.49,BTCUSDT_PERP.A
1668643200,2.2852,69.56,30.44,BTCUSDT_PERP.A
1668729600,1.6969,62.92,37.08,BTCUSDT_PERP.A
1668816000,2.0084,66.76,33.24,BTCUSDT_PERP.A
1668902400,1.9146,65.69,34.31,BTCUSDT_PERP.A
1668988800,2.2669,69.39,30.61,BTCUSDT_PERP.A
1669075200,2.6417,72.54,27.46,BTCUSDT_PERP.A
1669161600,1.9922,66.58,33.42,BTCUSDT_PERP.A
1669248000,1.5413,60.65,39.35,BTCUSDT_PERP.A
1669334400,1.3929,58.21,41.79,BTCUSDT_PERP.A
1669420800,1.4408,59.03,40.97,BTCUSDT_PERP.A
1669507200,1.4882,59.81,40.19,BTCUSDT_PERP.A
1669593600,1.5634,60.99,39.01,BTCUSDT_PERP.A
1669680000,1.9138,65.68,34.32,BTCUSDT_PERP.A
1669766400,1.5419,60.66,39.34,BTCUSDT_PERP.A
1669852800,1.2497,55.55,44.45,BTCUSDT_PERP.A
1669939200,1.2104,54.76,45.24,BTCUSDT_PERP.A
1670025600,1.2391,55.34,44.66,BTCUSDT_PERP.A
1670112000,1.31,56.71,43.29,BTCUSDT_PERP.A
1670198400,1.1964,54.47,45.53,BTCUSDT_PERP.A
1670284800,1.4956,59.93,40.07,BTCUSDT_PERP.A
1670371200,1.4231,58.73,41.27,BTCUSDT_PERP.A
1670457600,1.6062,61.63,38.37,BTCUSDT_PERP.A
1670544000,1.0137,50.34,49.66,BTCUSDT_PERP.A
1670630400,1.021,50.52,49.48,BTCUSDT_PERP.A
1670716800,1.0606,51.47,48.53,BTCUSDT_PERP.A
1670803200,1.1744,54.01,45.99,BTCUSDT_PERP.A
1670889600,1.1395,53.26,46.74,BTCUSDT_PERP.A
1670976000,0.8529,46.03,53.97,BTCUSDT_PERP.A
1671062400,0.8132,44.85,55.15,BTCUSDT_PERP.A
1671148800,1.3674,57.76,42.24,BTCUSDT_PERP.A
1671235200,1.8011,64.3,35.7,BTCUSDT_PERP.A
1671321600,2.003,66.7,33.3,BTCUSDT_PERP.A
1671408000,1.9656,66.28,33.72,BTCUSDT_PERP.A
1671494400,1.9985,66.65,33.35,BTCUSDT_PERP.A
1671580800,1.6164,61.78,38.22,BTCUSDT_PERP.A
1671667200,1.642,62.15,37.85,BTCUSDT_PERP.A
1671753600,1.9481,66.08,33.92,BTCUSDT_PERP.A
1671840000,1.7785,64.01,35.99,BTCUSDT_PERP.A
1671926400,1.681,62.7,37.3,BTCUSDT_PERP.A
1672012800,1.7137,63.15,36.85,BTCUSDT_PERP.A
1672099200,1.7203,63.24,36.76,BTCUSDT_PERP.A
1672185600,2.2092,68.84,31.16,BTCUSDT_PERP.A
1672272000,2.3212,69.89,30.11,BTCUSDT_PERP.A
1672358400,2.1908,68.66,31.34,BTCUSDT_PERP.A
1672444800,2.2605,69.33,30.67,BTCUSDT_PERP.A
1672531200,2.2216,68.96,31.04,BTCUSDT_PERP.A
1672617600,2.125,68.0,32.0,BTCUSDT_PERP.A
1672704000,1.9586,66.2,33.8,BTCUSDT_PERP.A
1672790400,2.0202,66.89,33.11,BTCUSDT_PERP.A
1672876800,1.5497,60.78,39.22,BTCUSDT_PERP.A
1672963200,1.5094,60.15,39.85,BTCUSDT_PERP.A
1673049600,1.4284,58.82,41.18,BTCUSDT_PERP.A
1673136000,1.3159,56.82,43.18,BTCUSDT_PERP.A
1673222400,1.4195,58.67,41.33,BTCUSDT_PERP.A
1673308800,1.0442,51.08,48.92,BTCUSDT_PERP.A
1673395200,0.9026,47.44,52.56,BTCUSDT_PERP.A
1673481600,0.9015,47.41,52.59,BTCUSDT_PERP.A
1673568000,0.7924,44.21,55.79,BTCUSDT_PERP.A
1673654400,0.7976,44.37,55.63,BTCUSDT_PERP.A
1673740800,0.9091,47.62,52.38,BTCUSDT_PERP.A
1673827200,0.9008,47.39,52.61,BTCUSDT_PERP.A
1673913600,0.7565,43.07,56.93,BTCUSDT_PERP.A
1674000000,0.7569,43.08,56.92,BTCUSDT_PERP.A
1674086400,0.8038,44.56,55.44,BTCUSDT_PERP.A
1674172800,0.7677,43.43,56.57,BTCUSDT_PERP.A
1674259200,0.8332,45.45,54.55,BTCUSDT_PERP.A
1674345600,0.8355,45.52,54.48,BTCUSDT_PERP.A
1674432000,1.0036,50.09,49.91,BTCUSDT_PERP.A
1674518400,0.9837,49.59,50.41,BTCUSDT_PERP.A
1674604800,1.0379,50.93,49.07,BTCUSDT_PERP.A
1674691200,1.1584,53.67,46.33,BTCUSDT_PERP.A
1674777600,1.2477,55.51,44.49,BTCUSDT_PERP.A
1674864000,1.0825,51.98,48.02,BTCUSDT_PERP.A
1674950400,1.2124,54.8,45.2,BTCUSDT_PERP.A
1675036800,0.8501,45.95,54.05,BTCUSDT_PERP.A
1675123200,1.2467,55.49,44.51,BTCUSDT_PERP.A
1675209600,1.0925,52.21,47.79,BTCUSDT_PERP.A
1675296000,0.8332,45.45,54.55,BTCUSDT_PERP.A
1675382400,1.0076,50.19,49.81,BTCUSDT_PERP.A
1675468800,1.3105,56.72,43.28,BTCUSDT_PERP.A
1675555200,1.4015,58.36,41.64,BTCUSDT_PERP.A
1675641600,1.5893,61.38,38.62,BTCUSDT_PERP.A
1675728000,1.5361,60.57,39.43,BTCUSDT_PERP.A
1675814400,1.3202,56.9,43.1,BTCUSDT_PERP.A
1675900800,1.6137,61.74,38.26,BTCUSDT_PERP.A
1675987200,1.5157,60.25,39.75,BTCUSDT_PERP.A
1676073600,1.642,62.15,37.85,BTCUSDT_PERP.A
1676160000,1.7579,63.74,36.26,BTCUSDT_PERP.A
1676246400,1.751,63.65,36.35,BTCUSDT_PERP.A
1676332800,1.6896,62.82,37.18,BTCUSDT_PERP.A
1676419200,1.3315,57.11,42.89,BTCUSDT_PERP.A
1676505600,0.9286,48.15,51.85,BTCUSDT_PERP.A
1676592000,0.7851,43.98,56.02,BTCUSDT_PERP.A
1676678400,0.8965,47.27,52.73,BTCUSDT_PERP.A
1676764800,0.9029,47.45,52.55,BTCUSDT_PERP.A
1676851200,0.994,49.85,50.15,BTCUSDT_PERP.A
1676937600,0.9357,48.34,51.66,BTCUSDT_PERP.A
1677024000,1.4231,58.73,41.27,BTCUSDT_PERP.A
1677110400,1.6882,62.8,37.2,BTCUSDT_PERP.A
1677196800,1.7685,63.88,36.12,BTCUSDT_PERP.A
1677283200,2.1857,68.61,31.39,BTCUSDT_PERP.A
1677369600,2.059,67.31,32.69,BTCUSDT_PERP.A
1677456000,1.8474,64.88,35.12,BTCUSDT_PERP.A
1677542400,1.8169,64.5,35.5,BTCUSDT_PERP.A
1677628800,1.8514,64.93,35.07,BTCUSDT_PERP.A
1677715200,1.6504,62.27,37.73,BTCUSDT_PERP.A
1677801600,1.9326,65.9,34.1,BTCUSDT_PERP.A
1677888000,2.1786,68.54,31.46,BTCUSDT_PERP.A
1677974400,2.0969,67.71,32.29,BTCUSDT_PERP.A
1678060800,2.046,67.17,32.83,BTCUSDT_PERP.A
1678147200,1.97,66.33,33.67,BTCUSDT_PERP.A
1678233600,2.1656,68.41,31.59,BTCUSDT_PERP.A
1678320000,2.1496,68.25,31.75,BTCUSDT_PERP.A
1678406400,2.2196,68.94,31.06,BTCUSDT_PERP.A
1678492800,1.9525,66.13,33.87,BTCUSDT_PERP.A
1678579200,1.7181,63.21,36.79,BTCUSDT_PERP.A
1678665600,1.4056,58.43,41.57,BTCUSDT_PERP.A
1678752000,0.8529,46.03,53.97,BTCUSDT_PERP.A
1678838400,1.0149,50.37,49.63,BTCUSDT_PERP.A
1678924800,1.0585,51.42,48.58,BTCUSDT_PERP.A
1679011200,0.9501,48.72,51.28,BTCUSDT_PERP.A
1679097600,0.787,44.04,55.96,BTCUSDT_PERP.A
1679184000,0.7074,41.43,58.57,BTCUSDT_PERP.A
1679270400,0.7677,43.43,56.57,BTCUSDT_PERP.A
1679356800,0.7712,43.54,56.46,BTCUSDT_PERP.A
1679443200,0.7289,42.16,57.84,BTCUSDT_PERP.A
1679529600,0.8549,46.09,53.91,BTCUSDT_PERP.A
1679616000,0.7047,41.34,58.66,BTCUSDT_PERP.A
1679702400,0.9429,48.53,51.47,BTCUSDT_PERP.A
1679788800,0.9361,48.35,51.65,BTCUSDT_PERP.A
1679875200,0.8258,45.23,54.77,BTCUSDT_PERP.A
1679961600,1.103,52.45,47.55,BTCUSDT_PERP.A
1680048000,0.9701,49.24,50.76,BTCUSDT_PERP.A
1680134400,0.6955,41.02,58.98,BTCUSDT_PERP.A
1680220800,0.9231,48.0,52.0,BTCUSDT_PERP.A
1680307200,0.7188,41.82,58.18,BTCUSDT_PERP.A
1680393600,0.7413,42.57,57.43,BTCUSDT_PERP.A
1680480000,0.9209,47.94,52.06,BTCUSDT_PERP.A
1680566400,1.0973,52.32,47.68,BTCUSDT_PERP.A
1680652800,0.8804,46.82,53.18,BTCUSDT_PERP.A
1680739200,1.0602,51.46,48.54,BTCUSDT_PERP.A
1680825600,1.1436,53.35,46.65,BTCUSDT_PERP.A
1680912000,1.2341,55.24,44.76,BTCUSDT_PERP.A
1680998400,1.2056,54.66,45.34,BTCUSDT_PERP.A
1681084800,0.9033,47.46,52.54,BTCUSDT_PERP.A
1681171200,0.6044,37.67,62.33,BTCUSDT_PERP.A
1681257600,0.641,39.06,60.94,BTCUSDT_PERP.A
1681344000,0.8031,44.54,55.46,BTCUSDT_PERP.A
1681430400,0.6841,40.62,59.38,BTCUSDT_PERP.A
1681516800,0.8685,46.48,53.52,BTCUSDT_PERP.A
1681603200,0.8706,46.54,53.46,BTCUSDT_PERP.A
1681689600,0.9631,49.06,50.94,BTCUSDT_PERP.A
1681776000,1.2784,56.11,43.89,BTCUSDT_PERP.A
1681862400,0.9739,49.34,50.66,BTCUSDT_PERP.A
1681948800,1.5497,60.78,39.22,BTCUSDT_PERP.A
1682035200,1.8531,64.95,35.05,BTCUSDT_PERP.A
1682121600,1.7609,63.78,36.22,BTCUSDT_PERP.A
1682208000,2.0139,66.82,33.18,BTCUSDT_PERP.A
1682294400,1.7925,64.19,35.81,BTCUSDT_PERP.A
1682380800,1.8137,64.46,35.54,BTCUSDT_PERP.A
1682467200,1.4722,59.55,40.45,BTCUSDT_PERP.A
1682553600,1.3975,58.29,41.71,BTCUSDT_PERP.A
1682640000,0.935,48.32,51.68,BTCUSDT_PERP.A
1682726400,1.0509,51.24,48.76,BTCUSDT_PERP.A
1682812800,1.0964,52.3,47.7,BTCUSDT_PERP.A
1682899200,1.0964,52.3,47.7,BTCUSDT_PERP.A
1682985600,1.6774,62.65,37.35,BTCUSDT_PERP.A
1683072000,1.3116,56.74,43.26,BTCUSDT_PERP.A
1683158400,1.1566,53.63,46.37,BTCUSDT_PERP.A
1683244800,1.2065,54.68,45.32,BTCUSDT_PERP.A
1683331200,0.8498,45.94,54.06,BTCUSDT_PERP.A
1683417600,1.3998,58.33,41.67,BTCUSDT_PERP.A
1683504000,1.3491,57.43,42.57,BTCUSDT_PERP.A
1683590400,2.1918,68.67,31.33,BTCUSDT_PERP.A
1683676800,2.1114,67.86,32.14,BTCUSDT_PERP.A
1683763200,1.9656,66.28,33.72,BTCUSDT_PERP.A
1683849600,2.0544,67.26,32.74,BTCUSDT_PERP.A
1683936000,2.0741,67.47,32.53,BTCUSDT_PERP.A
1684022400,1.8289,64.65,35.35,BTCUSDT_PERP.A
1684108800,1.8019,64.31,35.69,BTCUSDT_PERP.A
1684195200,1.58,61.24,38.76,BTCUSDT_PERP.A
1684281600,1.7218,63.26,36.74,BTCUSDT_PERP.A
1684368000,1.5361,60.57,39.43,BTCUSDT_PERP.A
1684454400,2.0855,67.59,32.41,BTCUSDT_PERP.A
1684540800,1.956,66.17,33.83,BTCUSDT_PERP.A
1684627200,1.8345,64.72,35.28,BTCUSDT_PERP.A
1684713600,1.9904,66.56,33.44,BTCUSDT_PERP.A
1684800000,1.9291,65.86,34.14,BTCUSDT_PERP.A
1684886400,1.4752,59.6,40.4,BTCUSDT_PERP.A
1684972800,2.6114,72.31,27.69,BTCUSDT_PERP.A
1685059200,2.1726,68.48,31.52,BTCUSDT_PERP.A
1685145600,1.5947,61.46,38.54,BTCUSDT_PERP.A
1685232000,1.6767,62.64,37.36,BTCUSDT_PERP.A
1685318400,1.2041,54.63,45.37,BTCUSDT_PERP.A
1685404800,1.368,57.77,42.23,BTCUSDT_PERP.A
1685491200,1.4402,59.02,40.98,BTCUSDT_PERP.A
1685577600,2.2808,69.52,30.48,BTCUSDT_PERP.A
1685664000,2.3979,70.57,29.43,BTCUSDT_PERP.A
1685750400,2.0497,67.21,32.79,BTCUSDT_PERP.A
1685836800,2.0257,66.95,33.05,BTCUSDT_PERP.A
1685923200,1.9036,65.56,34.44,BTCUSDT_PERP.A
1686009600,3.2212,76.31,23.69,BTCUSDT_PERP.A
1686096000,1.5967,61.49,38.51,BTCUSDT_PERP.A
1686182400,2.0066,66.74,33.26,BTCUSDT_PERP.A
1686268800,2.0912,67.65,32.35,BTCUSDT_PERP.A
1686355200,1.9869,66.52,33.48,BTCUSDT_PERP.A
1686441600,2.775,73.51,26.49,BTCUSDT_PERP.A
1686528000,2.3267,69.94,30.06,BTCUSDT_PERP.A
1686614400,2.3146,69.83,30.17,BTCUSDT_PERP.A
1686700800,2.3389,70.05,29.95,BTCUSDT_PERP.A
1686787200,3.0371,75.23,24.77,BTCUSDT_PERP.A
1686873600,2.33,69.97,30.03,BTCUSDT_PERP.A
1686960000,1.3057,56.63,43.37,BTCUSDT_PERP.A
1687046400,1.4096,58.5,41.5,BTCUSDT_PERP.A
1687132800,1.3063,56.64,43.36,BTCUSDT_PERP.A
1687219200,1.2707,55.96,44.04,BTCUSDT_PERP.A
1687305600,0.809,44.72,55.28,BTCUSDT_PERP.A
1687392000,0.7816,43.87,56.13,BTCUSDT_PERP.A
1687478400,0.7167,41.75,58.25,BTCUSDT_PERP.A
1687564800,0.7696,43.49,56.51,BTCUSDT_PERP.A
1687651200,0.8423,45.72,54.28,BTCUSDT_PERP.A
1687737600,0.9354,48.33,51.67,BTCUSDT_PERP.A
1687824000,1.0247,50.61,49.39,BTCUSDT_PERP.A
1687910400,0.9194,47.9,52.1,BTCUSDT_PERP.A
1687996800,1.1151,52.72,47.28,BTCUSDT_PERP.A
1688083200,0.8997,47.36,52.64,BTCUSDT_PERP.A
1688169600,1.0929,52.22,47.78,BTCUSDT_PERP.A
1688256000,0.9968,49.92,50.08,BTCUSDT_PERP.A
1688342400,0.9861,49.65,50.35,BTCUSDT_PERP.A
1688428800,0.759,43.15,56.85,BTCUSDT_PERP.A
1688515200,0.9234,48.01,51.99,BTCUSDT_PERP.A
1688601600,1.0986,52.35,47.65,BTCUSDT_PERP.A
1688688000,1.3111,56.73,43.27,BTCUSDT_PERP.A
1688774400,1.2769,56.08,43.92,BTCUSDT_PERP.A
1688860800,1.3223,56.94,43.06,BTCUSDT_PERP.A
1688947200,1.337,57.21,42.79,BTCUSDT_PERP.A
1689033600,1.0794,51.91,48.09,BTCUSDT_PERP.A
1689120000,0.9798,49.49,50.51,BTCUSDT_PERP.A
1689206400,1.2401,55.36,44.64,BTCUSDT_PERP.A
1689292800,0.7781,43.76,56.24,BTCUSDT_PERP.A
1689379200,1.6518,62.29,37.71,BTCUSDT_PERP.A
1689465600,1.5873,61.35,38.65,BTCUSDT_PERP.A
1689552000,1.5974,61.5,38.5,BTCUSDT_PERP.A
1689638400,1.7709,63.91,36.09,BTCUSDT_PERP.A
1689724800,1.896,65.47,34.53,BTCUSDT_PERP.A
1689811200,1.8629,65.07,34.93,BTCUSDT_PERP.A
1689897600,2.1027,67.77,32.23,BTCUSDT_PERP.A
1689984000,1.8114,64.43,35.57,BTCUSDT_PERP.A
1690070400,1.8466,64.87,35.13,BTCUSDT_PERP.A
1690156800,1.51,60.16,39.84,BTCUSDT_PERP.A
1690243200,2.1556,68.31,31.69,BTCUSDT_PERP.A
1690329600,1.9481,66.08,33.92,BTCUSDT_PERP.A
1690416000,1.5484,60.76,39.24,BTCUSDT_PERP.A
1690502400,1.6795,62.68,37.32,BTCUSDT_PERP.A
1690588800,1.505,60.08,39.92,BTCUSDT_PERP.A
1690675200,1.5562,60.88,39.12,BTCUSDT_PERP.A
1690761600,1.6392,62.11,37.89,BTCUSDT_PERP.A
1690848000,1.8466,64.87,35.13,BTCUSDT_PERP.A
1690934400,1.694,62.88,37.12,BTCUSDT_PERP.A
1691020800,1.9994,66.66,33.34,BTCUSDT_PERP.A
1691107200,1.8935,65.44,34.56,BTCUSDT_PERP.A
1691193600,2.1776,68.53,31.47,BTCUSDT_PERP.A
1691280000,2.1676,68.43,31.57,BTCUSDT_PERP.A
1691366400,2.1338,68.09,31.91,BTCUSDT_PERP.A
1691452800,2.0111,66.79,33.21,BTCUSDT_PERP.A
1691539200,1.0338,50.83,49.17,BTCUSDT_PERP.A
1691625600,1.4004,58.34,41.66,BTCUSDT_PERP.A
1691712000,1.6434,62.17,37.83,BTCUSDT_PERP.A
1691798400,1.8241,64.59,35.41,BTCUSDT_PERP.A
1691884800,1.8604,65.04,34.96,BTCUSDT_PERP.A
1691971200,1.9797,66.44,33.56,BTCUSDT_PERP.A
1692057600,1.9308,65.88,34.12,BTCUSDT_PERP.A
1692144000,2.1888,68.64,31.36,BTCUSDT_PERP.A
1692230400,2.3921,70.52,29.48,BTCUSDT_PERP.A
1692316800,2.2352,69.09,30.91,BTCUSDT_PERP.A
1692403200,2.1596,68.35,31.65,BTCUSDT_PERP.A
1692489600,2.5149,71.55,28.45,BTCUSDT_PERP.A
1692576000,2.51,71.51,28.49,BTCUSDT_PERP.A
1692662400,2.2331,69.07,30.93,BTCUSDT_PERP.A
1692748800,2.4807,71.27,28.73,BTCUSDT_PERP.A
1692835200,1.9691,66.32,33.68,BTCUSDT_PERP.A
1692921600,2.4819,71.28,28.72,BTCUSDT_PERP.A
1693008000,2.3795,70.41,29.59,BTCUSDT_PERP.A
1693094400,2.3344,70.01,29.99,BTCUSDT_PERP.A
1693180800,2.3201,69.88,30.12,BTCUSDT_PERP.A
1693267200,2.3411,70.07,29.93,BTCUSDT_PERP.A
1693353600,1.181,54.15,45.85,BTCUSDT_PERP.A
1693440000,1.5038,60.06,39.94,BTCUSDT_PERP.A
1693526400,2.2415,69.15,30.85,BTCUSDT_PERP.A
1693612800,2.4423,70.95,29.05,BTCUSDT_PERP.A
1693699200,2.3278,69.95,30.05,BTCUSDT_PERP.A
1693785600,2.2468,69.2,30.8,BTCUSDT_PERP.A
1693872000,2.3852,70.46,29.54,BTCUSDT_PERP.A
1693958400,2.4686,71.17,28.83,BTCUSDT_PERP.A
1694044800,2.6075,72.28,27.72,BTCUSDT_PERP.A
1694131200,1.9913,66.57,33.43,BTCUSDT_PERP.A
1694217600,2.0807,67.54,32.46,BTCUSDT_PERP.A
1694304000,1.9958,66.62,33.38,BTCUSDT_PERP.A
1694390400,2.1417,68.17,31.83,BTCUSDT_PERP.A
1694476800,2.6075,72.28,27.72,BTCUSDT_PERP.A
1694563200,1.7086,63.08,36.92,BTCUSDT_PERP.A
1694649600,1.4355,58.94,41.06,BTCUSDT_PERP.A
1694736000,1.2691,55.93,44.07,BTCUSDT_PERP.A
1694822400,1.3485,57.42,42.58,BTCUSDT_PERP.A
1694908800,1.4414,59.04,40.96,BTCUSDT_PERP.A
1694995200,1.3992,58.32,41.68,BTCUSDT_PERP.A
1695081600,1.2763,56.07,43.93,BTCUSDT_PERP.A
1695168000,1.2031,54.61,45.39,BTCUSDT_PERP.A
1695254400,1.3657,57.73,42.27,BTCUSDT_PERP.A
1695340800,1.7005,62.97,37.03,BTCUSDT_PERP.A
1695427200,1.7122,63.13,36.87,BTCUSDT_PERP.A
1695513600,1.7647,63.83,36.17,BTCUSDT_PERP.A
1695600000,1.8074,64.38,35.62,BTCUSDT_PERP.A
1695686400,1.8377,64.76,35.24,BTCUSDT_PERP.A
1695772800,1.9189,65.74,34.26,BTCUSDT_PERP.A
1695859200,1.8161,64.49,35.51,BTCUSDT_PERP.A
1695945600,0.9912,49.78,50.22,BTCUSDT_PERP.A
1696032000,1.2482,55.52,44.48,BTCUSDT_PERP.A
1696118400,1.2371,55.3,44.7,BTCUSDT_PERP.A
1696204800,1.0851,52.04,47.96,BTCUSDT_PERP.A
1696291200,1.1101,52.61,47.39,BTCUSDT_PERP.A
1696377600,1.4284,58.82,41.18,BTCUSDT_PERP.A
1696464000,1.3436,57.33,42.67,BTCUSDT_PERP.A
1696550400,1.3883,58.13,41.87,BTCUSDT_PERP.A
1696636800,0.926,48.08,51.92,BTCUSDT_PERP.A
1696723200,0.955,48.85,51.15,BTCUSDT_PERP.A
1696809600,1.0317,50.78,49.22,BTCUSDT_PERP.A
1696896000,1.2753,56.05,43.95,BTCUSDT_PERP.A
1696982400,1.5151,60.24,39.76,BTCUSDT_PERP.A
1697068800,2.123,67.98,32.02,BTCUSDT_PERP.A
1697155200,1.8555,64.98,35.02,BTCUSDT_PERP.A
1697241600,1.8257,64.61,35.39,BTCUSDT_PERP.A
1697328000,1.8249,64.6,35.4,BTCUSDT_PERP.A
1697414400,1.5381,60.6,39.4,BTCUSDT_PERP.A
1697500800,1.1277,53.0,47.0,BTCUSDT_PERP.A
1697587200,0.972,49.29,50.71,BTCUSDT_PERP.A
1697673600,1.1277,53.0,47.0,BTCUSDT_PERP.A
1697760000,0.908,47.59,52.41,BTCUSDT_PERP.A
1697846400,0.769,43.47,56.53,BTCUSDT_PERP.A
1697932800,0.6804,40.49,59.51,BTCUSDT_PERP.A
1698019200,0.7138,41.65,58.35,BTCUSDT_PERP.A
1698105600,0.9106,47.66,52.34,BTCUSDT_PERP.A
1698192000,0.866,46.41,53.59,BTCUSDT_PERP.A
1698278400,0.7986,44.4,55.6,BTCUSDT_PERP.A
1698364800,0.9095,47.63,52.37,BTCUSDT_PERP.A
1698451200,0.9581,48.93,51.07,BTCUSDT_PERP.A
1698537600,0.9608,49.0,51.0,BTCUSDT_PERP.A
1698624000,0.8491,45.92,54.08,BTCUSDT_PERP.A
1698710400,0.9916,49.79,50.21,BTCUSDT_PERP.A
1698796800,0.8879,47.03,52.97,BTCUSDT_PERP.A
1698883200,0.8169,44.96,55.04,BTCUSDT_PERP.A
1698969600,0.9869,49.67,50.33,BTCUSDT_PERP.A
1699056000,1.0509,51.24,48.76,BTCUSDT_PERP.A
1699142400,0.8882,47.04,52.96,BTCUSDT_PERP.A
1699228800,0.8688,46.49,53.51,BTCUSDT_PERP.A
1699315200,0.9131,47.73,52.27,BTCUSDT_PERP.A
1699401600,0.7556,43.04,56.96,BTCUSDT_PERP.A
1699488000,0.7612,43.22,56.78,BTCUSDT_PERP.A
1699574400,0.9996,49.99,50.01,BTCUSDT_PERP.A
1699660800,0.9238,48.02,51.98,BTCUSDT_PERP.A
1699747200,0.9814,49.53,50.47,BTCUSDT_PERP.A
1699833600,0.9771,49.42,50.58,BTCUSDT_PERP.A
1699920000,1.0903,52.16,47.84,BTCUSDT_PERP.A
1700006400,1.31,56.71,43.29,BTCUSDT_PERP.A
1700092800,0.8113,44.79,55.21,BTCUSDT_PERP.A
1700179200,1.3849,58.07,41.93,BTCUSDT_PERP.A
1700265600,1.2124,54.8,45.2,BTCUSDT_PERP.A
1700352000,1.1169,52.76,47.24,BTCUSDT_PERP.A
1700438400,0.9402,48.46,51.54,BTCUSDT_PERP.A
1700524800,0.8349,45.5,54.5,BTCUSDT_PERP.A
1700611200,1.0683,51.65,48.35,BTCUSDT_PERP.A
1700697600,0.7756,43.68,56.32,BTCUSDT_PERP.A
1700784000,0.8392,45.63,54.37,BTCUSDT_PERP.A
1700870400,0.7768,43.72,56.28,BTCUSDT_PERP.A
1700956800,0.8162,44.94,55.06,BTCUSDT_PERP.A
1701043200,0.9743,49.35,50.65,BTCUSDT_PERP.A
1701129600,1.2046,54.64,45.36,BTCUSDT_PERP.A
1701216000,0.6793,40.45,59.55,BTCUSDT_PERP.A
1701302400,0.8077,44.68,55.32,BTCUSDT_PERP.A
1701388800,0.9305,48.2,51.8,BTCUSDT_PERP.A
1701475200,0.5929,37.22,62.78,BTCUSDT_PERP.A
1701561600,0.6625,39.85,60.15,BTCUSDT_PERP.A
1701648000,0.7001,41.18,58.82,BTCUSDT_PERP.A
1701734400,0.7126,41.61,58.39,BTCUSDT_PERP.A
1701820800,0.7851,43.98,56.02,BTCUSDT_PERP.A
1701907200,0.9022,47.43,52.57,BTCUSDT_PERP.A
1701993600,1.0227,50.56,49.44,BTCUSDT_PERP.A
1702080000,0.9062,47.54,52.46,BTCUSDT_PERP.A
1702166400,0.9685,49.2,50.8,BTCUSDT_PERP.A
1702252800,1.0653,51.58,48.42,BTCUSDT_PERP.A
1702339200,1.3474,57.4,42.6,BTCUSDT_PERP.A
1702425600,1.4331,58.9,41.1,BTCUSDT_PERP.A
1702512000,1.1151,52.72,47.28,BTCUSDT_PERP.A
1702598400,1.082,51.97,48.03,BTCUSDT_PERP.A
1702684800,1.2852,56.24,43.76,BTCUSDT_PERP.A
1702771200,1.2297,55.15,44.85,BTCUSDT_PERP.A
1702857600,1.3702,57.81,42.19,BTCUSDT_PERP.A
1702944000,1.1825,54.18,45.82,BTCUSDT_PERP.A
1703030400,1.2396,55.35,44.65,BTCUSDT_PERP.A
1703116800,0.8765,46.71,53.29,BTCUSDT_PERP.A
1703203200,0.9305,48.2,51.8,BTCUSDT_PERP.A
1703289600,1.0263,50.65,49.35,BTCUSDT_PERP.A
1703376000,1.0342,50.84,49.16,BTCUSDT_PERP.A
1703462400,1.1354,53.17,46.83,BTCUSDT_PERP.A
1703548800,1.1418,53.31,46.69,BTCUSDT_PERP.A
1703635200,1.6525,62.3,37.7,BTCUSDT_PERP.A
1703721600,1.2573,55.7,44.3,BTCUSDT_PERP.A
1703808000,1.5517,60.81,39.19,BTCUSDT_PERP.A
1703894400,1.8852,65.34,34.66,BTCUSDT_PERP.A
1703980800,1.4438,59.08,40.92,BTCUSDT_PERP.A
1704067200,1.5069,60.11,39.89,BTCUSDT_PERP.A
1704153600,1.0829,51.99,48.01,BTCUSDT_PERP.A
1704240000,1.028,50.69,49.31,BTCUSDT_PERP.A
1704326400,1.6448,62.19,37.81,BTCUSDT_PERP.A
1704412800,1.1744,54.01,45.99,BTCUSDT_PERP.A
1704499200,1.2217,54.99,45.01,BTCUSDT_PERP.A
1704585600,1.2386,55.33,44.67,BTCUSDT_PERP.A
1704672000,1.157,53.64,46.36,BTCUSDT_PERP.A
1704758400,0.7899,44.13,55.87,BTCUSDT_PERP.A
1704844800,1.1626,53.76,46.24,BTCUSDT_PERP.A
1704931200,1.6076,61.65,38.35,BTCUSDT_PERP.A
1705017600,1.7108,63.11,36.89,BTCUSDT_PERP.A
1705104000,2.701,72.98,27.02,BTCUSDT_PERP.A
1705190400,2.8329,73.91,26.09,BTCUSDT_PERP.A
1705276800,2.6536,72.63,27.37,BTCUSDT_PERP.A
1705363200,2.6166,72.35,27.65,BTCUSDT_PERP.A
1705449600,2.1556,68.31,31.69,BTCUSDT_PERP.A
1705536000,2.5125,71.53,28.47,BTCUSDT_PERP.A
1705622400,2.9063,74.4,25.6,BTCUSDT_PERP.A
1705708800,2.4412,70.94,29.06,BTCUSDT_PERP.A
1705795200,2.3613,70.25,29.75,BTCUSDT_PERP.A
1705881600,2.3944,70.54,29.46,BTCUSDT_PERP.A
1705968000,2.6193,72.37,27.63,BTCUSDT_PERP.A
1706054400,2.3523,70.17,29.83,BTCUSDT_PERP.A
1706140800,2.1085,67.83,32.17,BTCUSDT_PERP.A
1706227200,2.0312,67.01,32.99,BTCUSDT_PERP.A
1706313600,1.4624,59.39,40.61,BTCUSDT_PERP.A
1706400000,1.5013,60.02,39.98,BTCUSDT_PERP.A
1706486400,1.5674,61.05,38.95,BTCUSDT_PERP.A
1706572800,1.3359,57.19,42.81,BTCUSDT_PERP.A
1706659200,1.1848,54.23,45.77,BTCUSDT_PERP.A
1706745600,1.4184,58.65,41.35,BTCUSDT_PERP.A
1706832000,1.3747,57.89,42.11,BTCUSDT_PERP.A
1706918400,1.302,56.56,43.44,BTCUSDT_PERP.A
1707004800,1.3386,57.24,42.76,BTCUSDT_PERP.A
1707091200,1.5471,60.74,39.26,BTCUSDT_PERP.A
1707177600,1.7824,64.06,35.94,BTCUSDT_PERP.A
1707264000,1.2507,55.57,44.43,BTCUSDT_PERP.A
1707350400,1.0458,51.12,48.88,BTCUSDT_PERP.A
1707436800,0.807,44.66,55.34,BTCUSDT_PERP.A
1707523200,0.7212,41.9,58.1,BTCUSDT_PERP.A
1707609600,0.6485,39.34,60.66,BTCUSDT_PERP.A
1707696000,0.6793,40.45,59.55,BTCUSDT_PERP.A
1707782400,0.6088,37.84,62.16,BTCUSDT_PERP.A
1707868800,0.7924,44.21,55.79,BTCUSDT_PERP.A
1707955200,0.5883,37.04,62.96,BTCUSDT_PERP.A
1708041600,0.6906,40.85,59.15,BTCUSDT_PERP.A
1708128000,0.6714,40.17,59.83,BTCUSDT_PERP.A
1708214400,0.7593,43.16,56.84,BTCUSDT_PERP.A
1708300800,0.7298,42.19,57.81,BTCUSDT_PERP.A
1708387200,0.7986,44.4,55.6,BTCUSDT_PERP.A
1708473600,0.7886,44.09,55.91,BTCUSDT_PERP.A
1708560000,1.0198,50.49,49.51,BTCUSDT_PERP.A
1708646400,0.9639,49.08,50.92,BTCUSDT_PERP.A
1708732800,1.1858,54.25,45.75,BTCUSDT_PERP.A
1708819200,0.9893,49.73,50.27,BTCUSDT_PERP.A
1708905600,0.9365,48.36,51.64,BTCUSDT_PERP.A
1708992000,0.6798,40.47,59.53,BTCUSDT_PERP.A
1709078400,0.7559,43.05,56.95,BTCUSDT_PERP.A
1709164800,0.9984,49.96,50.04,BTCUSDT_PERP.A
1709251200,1.1529,53.55,46.45,BTCUSDT_PERP.A
1709337600,1.0708,51.71,48.29,BTCUSDT_PERP.A
1709424000,1.2931,56.39,43.61,BTCUSDT_PERP.A
1709510400,1.1584,53.67,46.33,BTCUSDT_PERP.A
1709596800,1.1133,52.68,47.32,BTCUSDT_PERP.A
1709683200,1.6164,61.78,38.22,BTCUSDT_PERP.A
1709769600,1.2341,55.24,44.76,BTCUSDT_PERP.A
1709856000,1.1964,54.47,45.53,BTCUSDT_PERP.A
1709942400,1.2134,54.82,45.18,BTCUSDT_PERP.A
1710028800,1.2391,55.34,44.66,BTCUSDT_PERP.A
1710115200,1.0886,52.12,47.88,BTCUSDT_PERP.A
1710201600,0.8871,47.01,52.99,BTCUSDT_PERP.A
1710288000,1.3408,57.28,42.72,BTCUSDT_PERP.A
1710374400,1.019,50.47,49.53,BTCUSDT_PERP.A
1710460800,1.6137,61.74,38.26,BTCUSDT_PERP.A
1710547200,1.6817,62.71,37.29,BTCUSDT_PERP.A
1710633600,2.0469,67.18,32.82,BTCUSDT_PERP.A
1710720000,1.5381,60.6,39.4,BTCUSDT_PERP.A
1710806400,1.588,61.36,38.64,BTCUSDT_PERP.A
1710892800,2.251,69.24,30.76,BTCUSDT_PERP.A
1710979200,1.3196,56.89,43.11,BTCUSDT_PERP.A
1711065600,1.8744,65.21,34.79,BTCUSDT_PERP.A
1711152000,2.3625,70.26,29.74,BTCUSDT_PERP.A
1711238400,1.6151,61.76,38.24,BTCUSDT_PERP.A
1711324800,1.4096,58.5,41.5,BTCUSDT_PERP.A
1711411200,1.0538,51.31,48.69,BTCUSDT_PERP.A
1711497600,1.1768,54.06,45.94,BTCUSDT_PERP.A
1711584000,1.5272,60.43,39.57,BTCUSDT_PERP.A
1711670400,1.0872,52.09,47.91,BTCUSDT_PERP.A
1711756800,1.5221,60.35,39.65,BTCUSDT_PERP.A
1711843200,1.3969,58.28,41.72,BTCUSDT_PERP.A
1711929600,1.157,53.64,46.36,BTCUSDT_PERP.A
1712016000,1.5138,60.22,39.78,BTCUSDT_PERP.A
1712102400,2.2041,68.79,31.21,BTCUSDT_PERP.A
1712188800,2.1407,68.16,31.84,BTCUSDT_PERP.A
1712275200,1.482,59.71,40.29,BTCUSDT_PERP.A
1712361600,1.6281,61.95,38.05,BTCUSDT_PERP.A
1712448000,1.3359,57.19,42.81,BTCUSDT_PERP.A
1712534400,1.2457,55.47,44.53,BTCUSDT_PERP.A
1712620800,1.0602,51.46,48.54,BTCUSDT_PERP.A
1712707200,1.7701,63.9,36.1,BTCUSDT_PERP.A
1712793600,1.4021,58.37,41.63,BTCUSDT_PERP.A
1712880000,1.3052,56.62,43.38,BTCUSDT_PERP.A
1712966400,2.0075,66.75,33.25,BTCUSDT_PERP.A
1713052800,1.924,65.8,34.2,BTCUSDT_PERP.A
1713139200,1.7167,63.19,36.81,BTCUSDT_PERP.A
1713225600,2.1556,68.31,31.69,BTCUSDT_PERP.A
1713312000,1.9257,65.82,34.18,BTCUSDT_PERP.A
1713398400,2.4153,70.72,29.28,BTCUSDT_PERP.A
1713484800,1.6021,61.57,38.43,BTCUSDT_PERP.A
1713571200,1.4201,58.68,41.32,BTCUSDT_PERP.A
1713657600,1.4594,59.34,40.66,BTCUSDT_PERP.A
1713744000,1.4108,58.52,41.48,BTCUSDT_PERP.A
1713830400,1.2056,54.66,45.34,BTCUSDT_PERP.A
1713916800,1.3546,57.53,42.47,BTCUSDT_PERP.A
1714003200,1.9044,65.57,34.43,BTCUSDT_PERP.A
1714089600,1.6802,62.69,37.31,BTCUSDT_PERP.A
1714176000,2.0166,66.85,33.15,BTCUSDT_PERP.A
1714262400,2.1786,68.54,31.46,BTCUSDT_PERP.A
1714348800,2.1959,68.71,31.29,BTCUSDT_PERP.A
1714435200,1.8885,65.38,34.62,BTCUSDT_PERP.A
1714521600,3.4603,77.58,22.42,BTCUSDT_PERP.A
1714608000,2.9588,74.74,25.26,BTCUSDT_PERP.A
1714694400,1.9317,65.89,34.11,BTCUSDT_PERP.A
1714780800,1.2502,55.56,44.44,BTCUSDT_PERP.A
1714867200,1.1358,53.18,46.82,BTCUSDT_PERP.A
1714953600,1.1281,53.01,46.99,BTCUSDT_PERP.A
1715040000,1.3343,57.16,42.84,BTCUSDT_PERP.A
1715126400,1.5582,60.91,39.09,BTCUSDT_PERP.A
1715212800,1.907,65.6,34.4,BTCUSDT_PERP.A
1715299200,1.7739,63.95,36.05,BTCUSDT_PERP.A
1715385600,2.4447,70.97,29.03,BTCUSDT_PERP.A
1715472000,2.2573,69.3,30.7,BTCUSDT_PERP.A
1715558400,1.9735,66.37,33.63,BTCUSDT_PERP.A
1715644800,1.2497,55.55,44.45,BTCUSDT_PERP.A
1715731200,1.924,65.8,34.2,BTCUSDT_PERP.A
1715817600,0.9486,48.68,51.32,BTCUSDT_PERP.A
1715904000,1.0416,51.02,48.98,BTCUSDT_PERP.A
1715990400,0.9467,48.63,51.37,BTCUSDT_PERP.A
1716076800,0.9387,48.42,51.58,BTCUSDT_PERP.A
1716163200,1.0113,50.28,49.72,BTCUSDT_PERP.A
1716249600,0.8957,47.25,52.75,BTCUSDT_PERP.A
1716336000,1.192,54.38,45.62,BTCUSDT_PERP.A
1716422400,1.3143,56.79,43.21,BTCUSDT_PERP.A
1716508800,1.8744,65.21,34.79,BTCUSDT_PERP.A
1716595200,1.4172,58.63,41.37,BTCUSDT_PERP.A
1716681600,1.3992,58.32,41.68,BTCUSDT_PERP.A
1716768000,1.4759,59.61,40.39,BTCUSDT_PERP.A
1716854400,1.3776,57.94,42.06,BTCUSDT_PERP.A
1716940800,1.7442,63.56,36.44,BTCUSDT_PERP.A
1717027200,2.0893,67.63,32.37,BTCUSDT_PERP.A
1717113600,1.5589,60.92,39.08,BTCUSDT_PERP.A
1717200000,2.1746,68.5,31.5,BTCUSDT_PERP.A
1717286400,2.0684,67.41,32.59,BTCUSDT_PERP.A
1717372800,1.9412,66.0,34.0,BTCUSDT_PERP.A
1717459200,1.3952,58.25,41.75,BTCUSDT_PERP.A
1717545600,0.9704,49.25,50.75,BTCUSDT_PERP.A
1717632000,0.9327,48.26,51.74,BTCUSDT_PERP.A
1717718400,1.076,51.83,48.17,BTCUSDT_PERP.A
1717804800,1.5221,60.35,39.65,BTCUSDT_PERP.A
1717891200,1.4691,59.5,40.5,BTCUSDT_PERP.A
1717977600,1.4956,59.93,40.07,BTCUSDT_PERP.A
1718064000,1.405,58.42,41.58,BTCUSDT_PERP.A
1718150400,2.1847,68.6,31.4,BTCUSDT_PERP.A
1718236800,1.6846,62.75,37.25,BTCUSDT_PERP.A
1718323200,2.2206,68.95,31.05,BTCUSDT_PERP.A
1718409600,2.3124,69.81,30.19,BTCUSDT_PERP.A
1718496000,2.1566,68.32,31.68,BTCUSDT_PERP.A
1718582400,2.1646,68.4,31.6,BTCUSDT_PERP.A
1718668800,2.0893,67.63,32.37,BTCUSDT_PERP.A
1718755200,2.3636,70.27,29.73,BTCUSDT_PERP.A
1718841600,2.5386,71.74,28.26,BTCUSDT_PERP.A
1718928000,2.427,70.82,29.18,BTCUSDT_PERP.A
1719014400,2.7693,73.47,26.53,BTCUSDT_PERP.A
1719100800,2.4554,71.06,28.94,BTCUSDT_PERP.A
1719187200,2.5323,71.69,28.31,BTCUSDT_PERP.A
1719273600,3.29,76.69,23.31,BTCUSDT_PERP.A
1719360000,2.5958,72.19,27.81,BTCUSDT_PERP.A
1719446400,2.5984,72.21,27.79,BTCUSDT_PERP.A
1719532800,2.5791,72.06,27.94,BTCUSDT_PERP.A
1719619200,3.1203,75.73,24.27,BTCUSDT_PERP.A
1719705600,2.5211,71.6,28.4,BTCUSDT_PERP.A
1719792000,2.1827,68.58,31.42,BTCUSDT_PERP.A
1719878400,1.8555,64.98,35.02,BTCUSDT_PERP.A
1719964800,2.6298,72.45,27.55,BTCUSDT_PERP.A
1720051200,3.2499,76.47,23.53,BTCUSDT_PERP.A
1720137600,3.1982,76.18,23.82,BTCUSDT_PERP.A
1720224000,2.3512,70.16,29.84,BTCUSDT_PERP.A
1720310400,2.231,69.05,30.95,BTCUSDT_PERP.A
1720396800,2.124,67.99,32.01,BTCUSDT_PERP.A
1720483200,2.4083,70.66,29.34,BTCUSDT_PERP.A
1720569600,1.6925,62.86,37.14,BTCUSDT_PERP.A
1720656000,2.0769,67.5,32.5,BTCUSDT_PERP.A
1720742400,1.9472,66.07,33.93,BTCUSDT_PERP.A
1720828800,1.9155,65.7,34.3,BTCUSDT_PERP.A
1720915200,1.4085,58.48,41.52,BTCUSDT_PERP.A
1721001600,1.2952,56.43,43.57,BTCUSDT_PERP.A
1721088000,1.1386,53.24,46.76,BTCUSDT_PERP.A
1721174400,1.079,51.9,48.1,BTCUSDT_PERP.A
1721260800,1.1906,54.35,45.65,BTCUSDT_PERP.A
1721347200,1.3821,58.02,41.98,BTCUSDT_PERP.A
1721433600,0.8836,46.91,53.09,BTCUSDT_PERP.A
1721520000,0.9747,49.36,50.64,BTCUSDT_PERP.A
1721606400,1.0028,50.07,49.93,BTCUSDT_PERP.A
1721692800,1.0538,51.31,48.69,BTCUSDT_PERP.A
1721779200,1.3641,57.7,42.3,BTCUSDT_PERP.A
1721865600,1.4546,59.26,40.74,BTCUSDT_PERP.A
1721952000,1.3392,57.25,42.75,BTCUSDT_PERP.A
1722038400,0.9286,48.15,51.85,BTCUSDT_PERP.A
1722124800,0.9209,47.94,52.06,BTCUSDT_PERP.A
1722211200,1.0317,50.78,49.22,BTCUSDT_PERP.A
1722297600,1.4907,59.85,40.15,BTCUSDT_PERP.A
1722384000,1.7785,64.01,35.99,BTCUSDT_PERP.A
1722470400,2.1095,67.84,32.16,BTCUSDT_PERP.A
1722556800,2.012,66.8,33.2,BTCUSDT_PERP.A
1722643200,2.3501,70.15,29.85,BTCUSDT_PERP.A
1722729600,2.5323,71.69,28.31,BTCUSDT_PERP.A
1722816000,2.5524,71.85,28.15,BTCUSDT_PERP.A
1722902400,1.8935,65.44,34.56,BTCUSDT_PERP.A
1722988800,1.5947,61.46,38.54,BTCUSDT_PERP.A
1723075200,1.6788,62.67,37.33,BTCUSDT_PERP.A
1723161600,1.0631,51.53,48.47,BTCUSDT_PERP.A
1723248000,1.3753,57.9,42.1,BTCUSDT_PERP.A
1723334400,1.3386,57.24,42.76,BTCUSDT_PERP.A
1723420800,1.4981,59.97,40.03,BTCUSDT_PERP.A
1723507200,1.798,64.26,35.74,BTCUSDT_PERP.A
1723593600,1.3596,57.62,42.38,BTCUSDT_PERP.A
1723680000,2.125,68.0,32.0,BTCUSDT_PERP.A
1723766400,2.349,70.14,29.86,BTCUSDT_PERP.A
1723852800,1.4325,58.89,41.11,BTCUSDT_PERP.A
1723939200,1.4307,58.86,41.14,BTCUSDT_PERP.A
1724025600,1.5164,60.26,39.74,BTCUSDT_PERP.A
1724112000,1.8106,64.42,35.58,BTCUSDT_PERP.A
1724198400,1.9257,65.82,34.18,BTCUSDT_PERP.A
1724284800,1.129,53.03,46.97,BTCUSDT_PERP.A
1724371200,1.5667,61.04,38.96,BTCUSDT_PERP.A
1724457600,0.9029,47.45,52.55,BTCUSDT_PERP.A
1724544000,0.9627,49.05,50.95,BTCUSDT_PERP.A
1724630400,0.9387,48.42,51.58,BTCUSDT_PERP.A
1724716800,1.1308,53.07,46.93,BTCUSDT_PERP.A
1724803200,2.0864,67.6,32.4,BTCUSDT_PERP.A
1724889600,2.3841,70.45,29.55,BTCUSDT_PERP.A
1724976000,2.012,66.8,33.2,BTCUSDT_PERP.A
1725062400,2.3389,70.05,29.95,BTCUSDT_PERP.A
1725148800,2.0912,67.65,32.35,BTCUSDT_PERP.A
1725235200,2.4674,71.16,28.84,BTCUSDT_PERP.A
1725321600,2.0157,66.84,33.16,BTCUSDT_PERP.A
1725408000,2.413,70.7,29.3,BTCUSDT_PERP.A
1725494400,1.9455,66.05,33.95,BTCUSDT_PERP.A
1725580800,2.9093,74.42,25.58,BTCUSDT_PERP.A
1725667200,3.6598,78.54,21.46,BTCUSDT_PERP.A
1725753600,2.8124,73.77,26.23,BTCUSDT_PERP.A
1725840000,2.7383,73.25,26.75,BTCUSDT_PERP.A
1725926400,1.6302,61.98,38.02,BTCUSDT_PERP.A
1726012800,1.5753,61.17,38.83,BTCUSDT_PERP.A
1726099200,1.5767,61.19,38.81,BTCUSDT_PERP.A
1726185600,1.4378,58.98,41.02,BTCUSDT_PERP.A
1726272000,0.9984,49.96,50.04,BTCUSDT_PERP.A
1726358400,1.0973,52.32,47.68,BTCUSDT_PERP.A
1726444800,1.2124,54.8,45.2,BTCUSDT_PERP.A
1726531200,1.9019,65.54,34.46,BTCUSDT_PERP.A
1726617600,1.0881,52.11,47.89,BTCUSDT_PERP.A
1726704000,1.281,56.16,43.84,BTCUSDT_PERP.A
1726790400,0.8376,45.58,54.42,BTCUSDT_PERP.A
1726876800,0.9088,47.61,52.39,BTCUSDT_PERP.A
1726963200,0.9324,48.25,51.75,BTCUSDT_PERP.A
1727049600,0.8758,46.69,53.31,BTCUSDT_PERP.A
1727136000,1.021,50.52,49.48,BTCUSDT_PERP.A
1727222400,0.8031,44.54,55.46,BTCUSDT_PERP.A
1727308800,1.1066,52.53,47.47,BTCUSDT_PERP.A
1727395200,0.7218,41.92,58.08,BTCUSDT_PERP.A
1727481600,0.7838,43.94,56.06,BTCUSDT_PERP.A
1727568000,0.8228,45.14,54.86,BTCUSDT_PERP.A
1727654400,0.8612,46.27,53.73,BTCUSDT_PERP.A
1727740800,1.2805,56.15,43.85,BTCUSDT_PERP.A
1727827200,1.578,61.21,38.79,BTCUSDT_PERP.A
1727913600,1.6724,62.58,37.42,BTCUSDT_PERP.A
1728000000,1.6247,61.9,38.1,BTCUSDT_PERP.A
1728086400,1.3191,56.88,43.12,BTCUSDT_PERP.A
1728172800,1.3474,57.4,42.6,BTCUSDT_PERP.A
1728259200,1.2889,56.31,43.69,BTCUSDT_PERP.A
1728345600,1.3759,57.91,42.09,BTCUSDT_PERP.A
1728432000,1.5189,60.3,39.7,BTCUSDT_PERP.A
1728518400,1.8241,64.59,35.41,BTCUSDT_PERP.A
1728604800,2.0969,67.71,32.29,BTCUSDT_PERP.A
1728691200,1.0995,52.37,47.63,BTCUSDT_PERP.A
1728777600,1.0542,51.32,48.68,BTCUSDT_PERP.A
1728864000,1.2589,55.73,44.27,BTCUSDT_PERP.A
1728950400,0.7077,41.44,58.56,BTCUSDT_PERP.A
1729036800,0.7206,41.88,58.12,BTCUSDT_PERP.A
1729123200,0.6466,39.27,60.73,BTCUSDT_PERP.A
1729209600,0.7079,41.45,58.55,BTCUSDT_PERP.A
1729296000,0.6226,38.37,61.63,BTCUSDT_PERP.A
1729382400,0.7036,41.3,58.7,BTCUSDT_PERP.A
1729468800,0.6734,40.24,59.76,BTCUSDT_PERP.A
1729555200,0.8272,45.27,54.73,BTCUSDT_PERP.A
1729641600,0.8288,45.32,54.68,BTCUSDT_PERP.A
1729728000,1.07,51.69,48.31,BTCUSDT_PERP.A
1729814400,0.8423,45.72,54.28,BTCUSDT_PERP.A
1729900800,1.0321,50.79,49.21,BTCUSDT_PERP.A
1729987200,0.9286,48.15,51.85,BTCUSDT_PERP.A
1730073600,0.8123,44.82,55.18,BTCUSDT_PERP.A
1730160000,0.5699,36.3,63.7,BTCUSDT_PERP.A
1730246400,0.5618,35.97,64.03,BTCUSDT_PERP.A
1730332800,0.6176,38.18,61.82,BTCUSDT_PERP.A
1730419200,0.9044,47.49,52.51,BTCUSDT_PERP.A
1730505600,1.1048,52.49,47.51,BTCUSDT_PERP.A
1730592000,1.1177,52.78,47.22,BTCUSDT_PERP.A
1730678400,1.2411,55.38,44.62,BTCUSDT_PERP.A
1730764800,1.474,59.58,40.42,BTCUSDT_PERP.A
1730851200,1.2391,55.34,44.66,BTCUSDT_PERP.A
1730937600,0.6576,39.67,60.33,BTCUSDT_PERP.A
1731024000,0.6504,39.41,60.59,BTCUSDT_PERP.A
1731110400,0.5954,37.32,62.68,BTCUSDT_PERP.A
1731196800,0.6077,37.8,62.2,BTCUSDT_PERP.A
1731283200,0.6611,39.8,60.2,BTCUSDT_PERP.A
1731369600,0.8106,44.77,55.23,BTCUSDT_PERP.A
1731456000,0.7637,43.3,56.7,BTCUSDT_PERP.A
1731542400,0.9019,47.42,52.58,BTCUSDT_PERP.A
1731628800,1.139,53.25,46.75,BTCUSDT_PERP.A
1731715200,0.7876,44.06,55.94,BTCUSDT_PERP.A
1731801600,0.8113,44.79,55.21,BTCUSDT_PERP.A
1731888000,0.9924,49.81,50.19,BTCUSDT_PERP.A
1731974400,0.9117,47.69,52.31,BTCUSDT_PERP.A
1732060800,0.7915,44.18,55.82,BTCUSDT_PERP.A
1732147200,0.6067,37.76,62.24,BTCUSDT_PERP.A
1732233600,0.7126,41.61,58.39,BTCUSDT_PERP.A
1732320000,0.7382,42.47,57.53,BTCUSDT_PERP.A
1732406400,0.8936,47.19,52.81,BTCUSDT_PERP.A
1732492800,0.9497,48.71,51.29,BTCUSDT_PERP.A
1732579200,1.31,56.71,43.29,BTCUSDT_PERP.A
1732665600,1.4498,59.18,40.82,BTCUSDT_PERP.A
1732752000,0.9662,49.14,50.86,BTCUSDT_PERP.A
1732838400,1.0725,51.75,48.25,BTCUSDT_PERP.A
1732924800,0.8643,46.36,53.64,BTCUSDT_PERP.A
1733011200,0.9806,49.51,50.49,BTCUSDT_PERP.A
1733097600,0.9109,47.67,52.33,BTCUSDT_PERP.A
1733184000,1.116,52.74,47.26,BTCUSDT_PERP.A
1733270400,1.07,51.69,48.31,BTCUSDT_PERP.A
1733356800,0.8242,45.18,54.82,BTCUSDT_PERP.A
1733443200,1.3552,57.54,42.46,BTCUSDT_PERP.A
1733529600,0.96,48.98,51.02,BTCUSDT_PERP.A
1733616000,1.0956,52.28,47.72,BTCUSDT_PERP.A
1733702400,1.0313,50.77,49.23,BTCUSDT_PERP.A
1733788800,1.405,58.42,41.58,BTCUSDT_PERP.A
1733875200,1.3764,57.92,42.08,BTCUSDT_PERP.A
1733961600,0.7431,42.63,57.37,BTCUSDT_PERP.A
1734048000,0.8457,45.82,54.18,BTCUSDT_PERP.A
1734134400,0.7071,41.42,58.58,BTCUSDT_PERP.A
1734220800,0.7637,43.3,56.7,BTCUSDT_PERP.A
1734307200,0.6281,38.58,61.42,BTCUSDT_PERP.A
1734393600,0.6242,38.43,61.57,BTCUSDT_PERP.A
1734480000,0.6767,40.36,59.64,BTCUSDT_PERP.A
1734566400,1.1954,54.45,45.55,BTCUSDT_PERP.A
1734652800,1.5491,60.77,39.23,BTCUSDT_PERP.A
1734739200,1.4166,58.62,41.38,BTCUSDT_PERP.A
1734825600,1.3742,57.88,42.12,BTCUSDT_PERP.A
1734912000,1.5355,60.56,39.44,BTCUSDT_PERP.A
1734998400,2.0057,66.73,33.27,BTCUSDT_PERP.A
1735084800,1.1022,52.43,47.57,BTCUSDT_PERP.A
1735171200,1.1013,52.41,47.59,BTCUSDT_PERP.A
1735257600,1.5361,60.57,39.43,BTCUSDT_PERP.A
1735344000,1.7801,64.03,35.97,BTCUSDT_PERP.A
1735430400,1.7345,63.43,36.57,BTCUSDT_PERP.A
1735516800,1.8563,64.99,35.01,BTCUSDT_PERP.A
1735603200,2.0395,67.1,32.9,BTCUSDT_PERP.A
1735689600,1.8217,64.56,35.44,BTCUSDT_PERP.A
1735776000,1.6817,62.71,37.29,BTCUSDT_PERP.A
1735862400,1.1459,53.4,46.6,BTCUSDT_PERP.A
1735948800,1.0877,52.1,47.9,BTCUSDT_PERP.A
1736035200,1.1277,53.0,47.0,BTCUSDT_PERP.A
1736121600,1.1281,53.01,46.99,BTCUSDT_PERP.A
1736208000,0.7618,43.24,56.76,BTCUSDT_PERP.A
1736294400,1.5543,60.85,39.15,BTCUSDT_PERP.A
1736380800,1.8137,64.46,35.54,BTCUSDT_PERP.A
1736467200,2.1526,68.28,31.72,BTCUSDT_PERP.A
1736553600,1.6932,62.87,37.13,BTCUSDT_PERP.A
1736640000,1.736,63.45,36.55,BTCUSDT_PERP.A
1736726400,1.7435,63.55,36.45,BTCUSDT_PERP.A
1736812800,1.6889,62.81,37.19,BTCUSDT_PERP.A
1736899200,1.2437,55.43,44.57,BTCUSDT_PERP.A
1736985600,0.8699,46.52,53.48,BTCUSDT_PERP.A
1737072000,0.904,47.48,52.52,BTCUSDT_PERP.A
1737158400,0.7173,41.77,58.23,BTCUSDT_PERP.A
1737244800,0.7899,44.13,55.87,BTCUSDT_PERP.A
1737331200,1.0165,50.41,49.59,BTCUSDT_PERP.A
1737417600,1.1213,52.86,47.14,BTCUSDT_PERP.A
1737504000,0.7857,44.0,56.0,BTCUSDT_PERP.A
1737590400,1.0982,52.34,47.66,BTCUSDT_PERP.A
1737676800,1.1213,52.86,47.14,BTCUSDT_PERP.A
1737763200,0.8352,45.51,54.49,BTCUSDT_PERP.A
1737849600,0.9631,49.06,50.94,BTCUSDT_PERP.A
1737936000,1.1519,53.53,46.47,BTCUSDT_PERP.A
1738022400,1.5189,60.3,39.7,BTCUSDT_PERP.A
1738108800,1.3186,56.87,43.13,BTCUSDT_PERP.A
1738195200,1.0088,50.22,49.78,BTCUSDT_PERP.A
1738281600,0.8179,44.99,55.01,BTCUSDT_PERP.A
1738368000,1.5176,60.28,39.72,BTCUSDT_PERP.A
1738454400,1.6371,62.08,37.92,BTCUSDT_PERP.A
1738540800,2.1596,68.35,31.65,BTCUSDT_PERP.A
1738627200,1.3337,57.15,42.85,BTCUSDT_PERP.A
1738713600,1.6702,62.55,37.45,BTCUSDT_PERP.A
1738800000,1.7541,63.69,36.31,BTCUSDT_PERP.A
1738886400,1.9753,66.39,33.61,BTCUSDT_PERP.A
1738972800,2.0276,66.97,33.03,BTCUSDT_PERP.A
1739059200,1.9386,65.97,34.03,BTCUSDT_PERP.A
1739145600,2.0285,66.98,33.02,BTCUSDT_PERP.A
1739232000,1.5867,61.34,38.66,BTCUSDT_PERP.A
1739318400,2.3058,69.75,30.25,BTCUSDT_PERP.A
1739404800,1.4777,59.64,40.36,BTCUSDT_PERP.A
1739491200,2.0874,67.61,32.39,BTCUSDT_PERP.A
1739577600,1.4237,58.74,41.26,BTCUSDT_PERP.A
1739664000,1.4492,59.17,40.83,BTCUSDT_PERP.A
1739750400,1.7525,63.67,36.33,BTCUSDT_PERP.A
1739836800,2.2227,68.97,31.03,BTCUSDT_PERP.A
1739923200,2.3738,70.36,29.64,BTCUSDT_PERP.A
1740009600,1.5853,61.32,38.68,BTCUSDT_PERP.A
1740096000,1.0627,51.52,48.48,BTCUSDT_PERP.A
1740182400,1.9369,65.95,34.05,BTCUSDT_PERP.A
1740268800,1.6028,61.58,38.42,BTCUSDT_PERP.A
1740355200,2.0039,66.71,33.29,BTCUSDT_PERP.A
1740441600,2.5817,72.08,27.92,BTCUSDT_PERP.A
1740528000,2.9417,74.63,25.37,BTCUSDT_PERP.A
1740614400,2.827,73.87,26.13,BTCUSDT_PERP.A
1740700800,2.6684,72.74,27.26,BTCUSDT_PERP.A
1740787200,1.7949,64.22,35.78,BTCUSDT_PERP.A
1740873600,1.727,63.33,36.67,BTCUSDT_PERP.A
1740960000,1.2732,56.01,43.99,BTCUSDT_PERP.A
1741046400,2.2862,69.57,30.43,BTCUSDT_PERP.A
1741132800,1.7685,63.88,36.12,BTCUSDT_PERP.A
1741219200,1.2925,56.38,43.62,BTCUSDT_PERP.A
1741305600,1.416,58.61,41.39,BTCUSDT_PERP.A
1741392000,2.1666,68.42,31.58,BTCUSDT_PERP.A
1741478400,2.3245,69.92,30.08,BTCUSDT_PERP.A
1741564800,2.7037,73.0,27.0,BTCUSDT_PERP.A
1741651200,2.9216,74.5,25.5,BTCUSDT_PERP.A
1741737600,1.7956,64.23,35.77,BTCUSDT_PERP.A
1741824000,1.8417,64.81,35.19,BTCUSDT_PERP.A
1741910400,2.4153,70.72,29.28,BTCUSDT_PERP.A
1741996800,1.2193,54.94,45.06,BTCUSDT_PERP.A
1742083200,1.3267,57.02,42.98,BTCUSDT_PERP.A
1742169600,1.6774,62.65,37.35,BTCUSDT_PERP.A
1742256000,1.3079,56.67,43.33,BTCUSDT_PERP.A
1742342400,2.1143,67.89,32.11,BTCUSDT_PERP.A
1742428800,1.0479,51.17,48.83,BTCUSDT_PERP.A
1742515200,1.6427,62.16,37.84,BTCUSDT_PERP.A
1742601600,1.5714,61.11,38.89,BTCUSDT_PERP.A
1742688000,1.5497,60.78,39.22,BTCUSDT_PERP.A
1742774400,1.192,54.38,45.62,BTCUSDT_PERP.A
1742860800,0.8218,45.11,54.89,BTCUSDT_PERP.A
1742947200,0.9175,47.85,52.15,BTCUSDT_PERP.A
1743033600,1.0934,52.23,47.77,BTCUSDT_PERP.A
1743120000,1.0276,50.68,49.32,BTCUSDT_PERP.A
1743206400,2.0675,67.4,32.6,BTCUSDT_PERP.A
1743292800,2.0084,66.76,33.24,BTCUSDT_PERP.A
1743379200,1.9985,66.65,33.35,BTCUSDT_PERP.A
1743465600,1.9656,66.28,33.72,BTCUSDT_PERP.A
1743552000,1.12,52.83,47.17,BTCUSDT_PERP.A
1743638400,1.474,59.58,40.42,BTCUSDT_PERP.A
1743724800,1.9525,66.13,33.87,BTCUSDT_PERP.A
1743811200,1.2104,54.76,45.24,BTCUSDT_PERP.A
1743897600,1.6178,61.8,38.2,BTCUSDT_PERP.A
1743984000,2.2062,68.81,31.19,BTCUSDT_PERP.A
1744070400,1.6096,61.68,38.32,BTCUSDT_PERP.A
1744156800,2.1397,68.15,31.85,BTCUSDT_PERP.A
1744243200,0.8943,47.21,52.79,BTCUSDT_PERP.A
1744329600,1.7495,63.63,36.37,BTCUSDT_PERP.A
1744416000,0.7797,43.81,56.19,BTCUSDT_PERP.A
1744502400,0.737,42.43,57.57,BTCUSDT_PERP.A
1744588800,0.955,48.85,51.15,BTCUSDT_PERP.A
1744675200,0.919,47.89,52.11,BTCUSDT_PERP.A
1744761600,1.0387,50.95,49.05,BTCUSDT_PERP.A
1744848000,0.981,49.52,50.48,BTCUSDT_PERP.A
1744934400,0.8365,45.55,54.45,BTCUSDT_PERP.A
1745020800,1.0012,50.03,49.97,BTCUSDT_PERP.A
1745107200,0.843,45.74,54.26,BTCUSDT_PERP.A
1745193600,1.0117,50.29,49.71,BTCUSDT_PERP.A
1745280000,0.7413,42.57,57.43,BTCUSDT_PERP.A
1745366400,0.6036,37.64,62.36,BTCUSDT_PERP.A
1745452800,0.6132,38.01,61.99,BTCUSDT_PERP.A
1745539200,0.648,39.32,60.68,BTCUSDT_PERP.A
1745625600,0.5785,36.65,63.35,BTCUSDT_PERP.A
1745712000,0.6647,39.93,60.07,BTCUSDT_PERP.A
1745798400,0.7109,41.55,58.45,BTCUSDT_PERP.A
1745884800,0.6886,40.78,59.22,BTCUSDT_PERP.A
1745971200,0.7325,42.28,57.72,BTCUSDT_PERP.A
1746057600,0.7753,43.67,56.33,BTCUSDT_PERP.A
1746144000,0.5713,36.36,63.64,BTCUSDT_PERP.A
1746230400,0.6158,38.11,61.89,BTCUSDT_PERP.A
1746316800,0.7129,41.62,58.38,BTCUSDT_PERP.A
1746403200,0.8018,44.5,55.5,BTCUSDT_PERP.A
1746489600,0.8574,46.16,53.84,BTCUSDT_PERP.A
1746576000,0.7209,41.89,58.11,BTCUSDT_PERP.A
1746662400,0.5924,37.2,62.8,BTCUSDT_PERP.A
1746748800,0.5843,36.88,63.12,BTCUSDT_PERP.A
1746835200,0.6023,37.59,62.41,BTCUSDT_PERP.A
1746921600,0.6255,38.48,61.52,BTCUSDT_PERP.A
1747008000,0.6179,38.19,61.81,BTCUSDT_PERP.A
1747094400,0.806,44.63,55.37,BTCUSDT_PERP.A
1747180800,0.6807,40.5,59.5,BTCUSDT_PERP.A
1747267200,0.7483,42.8,57.2,BTCUSDT_PERP.A
1747353600,0.7618,43.24,56.76,BTCUSDT_PERP.A
1747440000,0.6898,40.82,59.18,BTCUSDT_PERP.A
1747526400,0.7504,42.87,57.13,BTCUSDT_PERP.A
1747612800,0.6313,38.7,61.3,BTCUSDT_PERP.A
1747699200,0.6046,37.68,62.32,BTCUSDT_PERP.A
1747785600,0.5237,34.37,65.63,BTCUSDT_PERP.A
1747872000,0.4941,33.07,66.93,BTCUSDT_PERP.A
1747958400,0.4641,31.7,68.3,BTCUSDT_PERP.A
1748044800,0.7117,41.58,58.42,BTCUSDT_PERP.A
1748131200,0.7109,41.55,58.45,BTCUSDT_PERP.A
1748217600,0.7489,42.82,57.18,BTCUSDT_PERP.A
1748304000,0.608,37.81,62.19,BTCUSDT_PERP.A
1748390400,0.6483,39.33,60.67,BTCUSDT_PERP.A
1748476800,1.0521,51.27,48.73,BTCUSDT_PERP.A
1748563200,1.1872,54.28,45.72,BTCUSDT_PERP.A
1748649600,1.2031,54.61,45.39,BTCUSDT_PERP.A
1748736000,1.1906,54.35,45.65,BTCUSDT_PERP.A
1748822400,1.1363,53.19,46.81,BTCUSDT_PERP.A
1748908800,1.0717,51.73,48.27,BTCUSDT_PERP.A
1748995200,0.9209,47.94,52.06,BTCUSDT_PERP.A
1749081600,1.0317,50.78,49.22,BTCUSDT_PERP.A
1749168000,1.4266,58.79,41.21,BTCUSDT_PERP.A
1749254400,0.7349,42.36,57.64,BTCUSDT_PERP.A
1749340800,0.6821,40.55,59.45,BTCUSDT_PERP.A
1749427200,0.6675,40.03,59.97,BTCUSDT_PERP.A
1749513600,0.5152,34.0,66.0,BTCUSDT_PERP.A
1749600000,0.5286,34.58,65.42,BTCUSDT_PERP.A
1749686400,0.6152,38.09,61.91,BTCUSDT_PERP.A
1749772800,0.9346,48.31,51.69,BTCUSDT_PERP.A
1749859200,0.8539,46.06,53.94,BTCUSDT_PERP.A
1749945600,0.8801,46.81,53.19,BTCUSDT_PERP.A
1750032000,0.8818,46.86,53.14,BTCUSDT_PERP.A
1750118400,0.5967,37.37,62.63,BTCUSDT_PERP.A
1750204800,1.1533,53.56,46.44,BTCUSDT_PERP.A
1750291200,1.035,50.86,49.14,BTCUSDT_PERP.A
1750377600,1.0375,50.92,49.08,BTCUSDT_PERP.A
1750464000,1.2763,56.07,43.93,BTCUSDT_PERP.A
1750550400,1.2183,54.92,45.08,BTCUSDT_PERP.A
1750636800,1.2002,54.55,45.45,BTCUSDT_PERP.A
1750723200,0.7721,43.57,56.43,BTCUSDT_PERP.A
1750809600,0.6633,39.88,60.12,BTCUSDT_PERP.A
1750896000,0.5265,34.49,65.51,BTCUSDT_PERP.A
1750982400,0.5378,34.97,65.03,BTCUSDT_PERP.A
1751068800,0.5691,36.27,63.73,BTCUSDT_PERP.A
1751155200,0.5679,36.22,63.78,BTCUSDT_PERP.A
1751241600,0.5555,35.71,64.29,BTCUSDT_PERP.A
1751328000,0.6038,37.65,62.35,BTCUSDT_PERP.A
1751414400,0.7535,42.97,57.03,BTCUSDT_PERP.A
1751500800,0.4409,30.6,69.4,BTCUSDT_PERP.A
1751587200,0.4543,31.24,68.76,BTCUSDT_PERP.A
1751673600,0.6731,40.23,59.77,BTCUSDT_PERP.A
1751760000,0.6242,38.43,61.57,BTCUSDT_PERP.A
1751846400,0.5931,37.23,62.77,BTCUSDT_PERP.A
1751932800,0.6658,39.97,60.03,BTCUSDT_PERP.A
1752019200,0.578,36.63,63.37,BTCUSDT_PERP.A
1752105600,0.4499,31.03,68.97,BTCUSDT_PERP.A
1752192000,0.4594,31.48,68.52,BTCUSDT_PERP.A
1752278400,0.4732,32.12,67.88,BTCUSDT_PERP.A
1752364800,0.483,32.57,67.43,BTCUSDT_PERP.A
1752451200,0.4843,32.63,67.37,BTCUSDT_PERP.A
1752537600,0.579,36.67,63.33,BTCUSDT_PERP.A
1752624000,0.8172,44.97,55.03,BTCUSDT_PERP.A
1752710400,0.7033,41.29,58.71,BTCUSDT_PERP.A
1752796800,0.6385,38.97,61.03,BTCUSDT_PERP.A
1752883200,0.8139,44.87,55.13,BTCUSDT_PERP.A
1752969600,0.8175,44.98,55.02,BTCUSDT_PERP.A
1753056000,0.8939,47.2,52.8,BTCUSDT_PERP.A
1753142400,1.019,50.47,49.53,BTCUSDT_PERP.A
1753228800,0.6898,40.82,59.18,BTCUSDT_PERP.A
1753315200,0.8911,47.12,52.88,BTCUSDT_PERP.A
1753401600,0.8248,45.2,54.8,BTCUSDT_PERP.A
1753488000,1.1026,52.44,47.56,BTCUSDT_PERP.A
1753574400,0.8667,46.43,53.57,BTCUSDT_PERP.A
1753660800,0.7957,44.31,55.69,BTCUSDT_PERP.A
1753747200,0.9516,48.76,51.24,BTCUSDT_PERP.A
1753833600,1.0096,50.24,49.76,BTCUSDT_PERP.A
1753920000,1.0429,51.05,48.95,BTCUSDT_PERP.A
1754006400,1.1542,53.58,46.42,BTCUSDT_PERP.A
1754092800,1.5031,60.05,39.95,BTCUSDT_PERP.A
1754179200,1.5536,60.84,39.16,BTCUSDT_PERP.A
1754265600,1.4944,59.91,40.09,BTCUSDT_PERP.A
1754352000,1.4044,58.41,41.59,BTCUSDT_PERP.A
1754438400,1.4679,59.48,40.52,BTCUSDT_PERP.A
1754524800,1.182,54.17,45.83,BTCUSDT_PERP.A
1754611200,1.0109,50.27,49.73,BTCUSDT_PERP.A
1754697600,1.0859,52.06,47.94,BTCUSDT_PERP.A
1754784000,1.2477,55.51,44.49,BTCUSDT_PERP.A
1754870400,0.9387,48.42,51.58,BTCUSDT_PERP.A
1754956800,0.9889,49.72,50.28,BTCUSDT_PERP.A
1755043200,1.0276,50.68,49.32,BTCUSDT_PERP.A
1755129600,0.74,42.53,57.47,BTCUSDT_PERP.A
1755216000,1.3288,57.06,42.94,BTCUSDT_PERP.A
1755302400,1.3804,57.99,42.01,BTCUSDT_PERP.A
1755388800,1.3031,56.58,43.42,BTCUSDT_PERP.A
1755475200,1.3375,57.22,42.78,BTCUSDT_PERP.A
1755561600,1.3747,57.89,42.11,BTCUSDT_PERP.A
1755648000,1.6497,62.26,37.74,BTCUSDT_PERP.A
1755734400,1.6254,61.91,38.09,BTCUSDT_PERP.A
1755820800,1.8736,65.2,34.8,BTCUSDT_PERP.A
1755907200,1.343,57.32,42.68,BTCUSDT_PERP.A
1755993600,1.6695,62.54,37.46,BTCUSDT_PERP.A
1756080000,1.7925,64.19,35.81,BTCUSDT_PERP.A
1756166400,2.0349,67.05,32.95,BTCUSDT_PERP.A
1756252800,1.9146,65.69,34.31,BTCUSDT_PERP.A
1756339200,1.8035,64.33,35.67,BTCUSDT_PERP.A
1756425600,1.6882,62.8,37.2,BTCUSDT_PERP.A
1756512000,2.3234,69.91,30.09,BTCUSDT_PERP.A
1756598400,2.2992,69.69,30.31,BTCUSDT_PERP.A
1756684800,2.1546,68.3,31.7,BTCUSDT_PERP.A
1756771200,2.0157,66.84,33.16,BTCUSDT_PERP.A
1756857600,1.5189,60.3,39.7,BTCUSDT_PERP.A
1756944000,1.3832,58.04,41.96,BTCUSDT_PERP.A
1757030400,1.7203,63.24,36.76,BTCUSDT_PERP.A
1757116800,1.7747,63.96,36.04,BTCUSDT_PERP.A
1757203200,1.9112,65.65,34.35,BTCUSDT_PERP.A
1757289600,1.6717,62.57,37.43,BTCUSDT_PERP.A
1757376000,1.4004,58.34,41.66,BTCUSDT_PERP.A
1757462400,1.7964,64.24,35.76,BTCUSDT_PERP.A
1757548800,1.124,52.92,47.08,BTCUSDT_PERP.A
1757635200,1.0227,50.56,49.44,BTCUSDT_PERP.A
1757721600,0.9873,49.68,50.32,BTCUSDT_PERP.A
1757808000,1.0383,50.94,49.06,BTCUSDT_PERP.A
1757894400,1.0807,51.94,48.06,BTCUSDT_PERP.A
1757980800,1.1768,54.06,45.94,BTCUSDT_PERP.A
1758067200,0.9091,47.62,52.38,BTCUSDT_PERP.A
1758153600,1.2099,54.75,45.25,BTCUSDT_PERP.A
1758240000,0.9406,48.47,51.53,BTCUSDT_PERP.A
1758326400,1.2523,55.6,44.4,BTCUSDT_PERP.A
1758412800,1.2477,55.51,44.49,BTCUSDT_PERP.A
1758499200,1.2655,55.86,44.14,BTCUSDT_PERP.A
1758585600,1.4913,59.86,40.14,BTCUSDT_PERP.A
1758672000,1.6082,61.66,38.34,BTCUSDT_PERP.A
1758758400,1.2401,55.36,44.64,BTCUSDT_PERP.A
1758844800,1.8035,64.33,35.67,BTCUSDT_PERP.A
1758931200,1.7917,64.18,35.82,BTCUSDT_PERP.A
1759017600,1.7824,64.06,35.94,BTCUSDT_PERP.A
1759104000,1.49,59.84,40.16,BTCUSDT_PERP.A
1759190400,1.0227,50.56,49.44,BTCUSDT_PERP.A
1759276800,1.0683,51.65,48.35,BTCUSDT_PERP.A
1759363200,0.7838,43.94,56.06,BTCUSDT_PERP.A
1759449600,0.672,40.19,59.81,BTCUSDT_PERP.A
1759536000,0.6202,38.28,61.72,BTCUSDT_PERP.A
1759622400,0.6276,38.56,61.44,BTCUSDT_PERP.A
1759708800,0.6611,39.8,60.2,BTCUSDT_PERP.A
1759795200,0.5598,35.89,64.11,BTCUSDT_PERP.A
1759881600,0.7857,44.0,56.0,BTCUSDT_PERP.A
1759968000,0.6978,41.1,58.9,BTCUSDT_PERP.A
1760054400,0.904,47.48,52.52,BTCUSDT_PERP.A
1760140800,1.1858,54.25,45.75,BTCUSDT_PERP.A
1760227200,1.4021,58.37,41.63,BTCUSDT_PERP.A
1760313600,1.5556,60.87,39.13,BTCUSDT_PERP.A
1760400000,1.3299,57.08,42.92,BTCUSDT_PERP.A
1760486400,1.6745,62.61,37.39,BTCUSDT_PERP.A
1760572800,1.9762,66.4,33.6,BTCUSDT_PERP.A
1760659200,2.4072,70.65,29.35,BTCUSDT_PERP.A
1760745600,2.1407,68.16,31.84,BTCUSDT_PERP.A
1760832000,2.1221,67.97,32.03,BTCUSDT_PERP.A
1760918400,2.06,67.32,32.68,BTCUSDT_PERP.A
1761004800,1.7078,63.07,36.93,BTCUSDT_PERP.A
1761091200,1.8098,64.41,35.59,BTCUSDT_PERP.A
1761177600,2.3003,69.7,30.3,BTCUSDT_PERP.A
1761264000,1.7762,63.98,36.02,BTCUSDT_PERP.A
1761350400,1.6274,61.94,38.06,BTCUSDT_PERP.A
1761436800,1.454,59.25,40.75,BTCUSDT_PERP.A
1761523200,1.2748,56.04,43.96,BTCUSDT_PERP.A
1761609600,1.1744,54.01,45.99,BTCUSDT_PERP.A
1761696000,1.442,59.05,40.95,BTCUSDT_PERP.A
1761782400,2.0423,67.13,32.87,BTCUSDT_PERP.A
1761868800,2.635,72.49,27.51,BTCUSDT_PERP.A
1761955200,1.9709,66.34,33.66,BTCUSDT_PERP.A
1762041600,1.8752,65.22,34.78,BTCUSDT_PERP.A
1762128000,1.9189,65.74,34.26,BTCUSDT_PERP.A
1762214400,2.2206,68.95,31.05,BTCUSDT_PERP.A
1762300800,2.7566,73.38,26.62,BTCUSDT_PERP.A
1762387200,2.3887,70.49,29.51,BTCUSDT_PERP.A
1762473600,2.5753,72.03,27.97,BTCUSDT_PERP.A
1762560000,2.4141,70.71,29.29,BTCUSDT_PERP.A
1762646400,2.6483,72.59,27.41,BTCUSDT_PERP.A
1762732800,2.1807,68.56,31.44,BTCUSDT_PERP.A
1762819200,1.7624,63.8,36.2,BTCUSDT_PERP.A
1762905600,2.3223,69.9,30.1,BTCUSDT_PERP.A
1762992000,2.6846,72.86,27.14,BTCUSDT_PERP.A
1763078400,3.2626,76.54,23.46,BTCUSDT_PERP.A
1763164800,3.3253,76.88,23.12,BTCUSDT_PERP.A
1763251200,3.1563,75.94,24.06,BTCUSDT_PERP.A
1763337600,3.3554,77.04,22.96,BTCUSDT_PERP.A
1763424000,3.6577,78.53,21.47,BTCUSDT_PERP.A
1763510400,2.6563,72.65,27.35,BTCUSDT_PERP.A
1763596800,3.4326,77.44,22.56,BTCUSDT_PERP.A
1763683200,3.9925,79.97,20.03,BTCUSDT_PERP.A
1763769600,2.6062,72.27,27.73,BTCUSDT_PERP.A
1763856000,2.4447,70.97,29.03,BTCUSDT_PERP.A
1763942400,2.2499,69.23,30.77,BTCUSDT_PERP.A
1764028800,1.9638,66.26,33.74,BTCUSDT_PERP.A
1764115200,2.4376,70.91,29.09,BTCUSDT_PERP.A
1764201600,1.7488,63.62,36.38,BTCUSDT_PERP.A
1764288000,1.5246,60.39,39.61,BTCUSDT_PERP.A
1764374400,1.7078,63.07,36.93,BTCUSDT_PERP.A
1764460800,1.6925,62.86,37.14,BTCUSDT_PERP.A
1764547200,1.736,63.45,36.55,BTCUSDT_PERP.A
1764633600,2.1368,68.12,31.88,BTCUSDT_PERP.A
1764720000,1.4272,58.8,41.2,BTCUSDT_PERP.A
1764806400,1.4588,59.33,40.67,BTCUSDT_PERP.A
1764892800,1.445,59.1,40.9,BTCUSDT_PERP.A
1764979200,1.8969,65.48,34.52,BTCUSDT_PERP.A
1765065600,1.9214,65.77,34.23,BTCUSDT_PERP.A
1765152000,2.0665,67.39,32.61,BTCUSDT_PERP.A
1765238400,2.1066,67.81,32.19,BTCUSDT_PERP.A
1765324800,1.4963,59.94,40.06,BTCUSDT_PERP.A
1765411200,1.764,63.82,36.18,BTCUSDT_PERP.A
1765497600,1.6596,62.4,37.6,BTCUSDT_PERP.A
1765584000,2.2051,68.8,31.2,BTCUSDT_PERP.A
1765670400,2.1827,68.58,31.42,BTCUSDT_PERP.A
1765756800,2.3704,70.33,29.67,BTCUSDT_PERP.A
1765843200,2.9857,74.91,25.09,BTCUSDT_PERP.A
1765929600,2.1837,68.59,31.41,BTCUSDT_PERP.A
1766016000,2.4518,71.03,28.97,BTCUSDT_PERP.A
1766102400,2.4412,70.94,29.06,BTCUSDT_PERP.A
1766188800,1.5667,61.04,38.96,BTCUSDT_PERP.A
1766275200,1.5648,61.01,38.99,BTCUSDT_PERP.A
1766361600,1.7108,63.11,36.89,BTCUSDT_PERP.A
1766448000,1.9036,65.56,34.44,BTCUSDT_PERP.A
1766534400,2.2626,69.35,30.65,BTCUSDT_PERP.A
1766620800,2.2755,69.47,30.53,BTCUSDT_PERP.A
1766707200,2.1279,68.03,31.97,BTCUSDT_PERP.A
1766793600,2.5562,71.88,28.12,BTCUSDT_PERP.A
1766880000,2.3956,70.55,29.45,BTCUSDT_PERP.A
1766966400,2.2531,69.26,30.74,BTCUSDT_PERP.A
1767052800,2.8417,73.97,26.03,BTCUSDT_PERP.A
1767139200,2.0432,67.14,32.86,BTCUSDT_PERP.A
1767225600,2.6114,72.31,27.69,BTCUSDT_PERP.A
1767312000,2.2733,69.45,30.55,BTCUSDT_PERP.A
1767398400,1.3929,58.21,41.79,BTCUSDT_PERP.A
1767484800,1.3815,58.01,41.99,BTCUSDT_PERP.A
1767571200,1.3691,57.79,42.21,BTCUSDT_PERP.A
1767657600,1.0496,51.21,48.79,BTCUSDT_PERP.A
1767744000,1.4789,59.66,40.34,BTCUSDT_PERP.A
1767830400,2.1506,68.26,31.74,BTCUSDT_PERP.A
1767916800,2.1867,68.62,31.38,BTCUSDT_PERP.A
1768003200,2.2595,69.32,30.68,BTCUSDT_PERP.A
1768089600,2.2669,69.39,30.61,BTCUSDT_PERP.A
1768176000,2.33,69.97,30.03,BTCUSDT_PERP.A
1768262400,1.8785,65.26,34.74,BTCUSDT_PERP.A
1768348800,1.1169,52.76,47.24,BTCUSDT_PERP.A
1768435200,0.8755,46.68,53.32,BTCUSDT_PERP.A
1768521600,1.1422,53.32,46.68,BTCUSDT_PERP.A
1768608000,1.2952,56.43,43.57,BTCUSDT_PERP.A
1768694400,1.3613,57.65,42.35,BTCUSDT_PERP.A
1768780800,1.5126,60.2,39.8,BTCUSDT_PERP.A
1768867200,2.0102,66.78,33.22,BTCUSDT_PERP.A
1768953600,2.5361,71.72,28.28,BTCUSDT_PERP.A
1769040000,2.3201,69.88,30.12,BTCUSDT_PERP.A
1769126400,2.4831,71.29,28.71,BTCUSDT_PERP.A
1769212800,2.3014,69.71,30.29,BTCUSDT_PERP.A
1769299200,2.5186,71.58,28.42,BTCUSDT_PERP.A
1769385600,2.8536,74.05,25.95,BTCUSDT_PERP.A
1769472000,2.391,70.51,29.49,BTCUSDT_PERP.A
1769558400,2.1124,67.87,32.13,BTCUSDT_PERP.A
1769644800,2.0414,67.12,32.88,BTCUSDT_PERP.A
1769731200,3.2827,76.65,23.35,BTCUSDT_PERP.A
1769817600,2.5224,71.61,28.39,BTCUSDT_PERP.A
1769904000,2.7397,73.26,26.74,BTCUSDT_PERP.A
1769990400,2.5663,71.96,28.04,BTCUSDT_PERP.A
1770076800,2.2971,69.67,30.33,BTCUSDT_PERP.A
1770163200,2.8476,74.01,25.99,BTCUSDT_PERP.A
1770249600,2.888,74.28,25.72,BTCUSDT_PERP.A
1770336000,2.5881,72.13,27.87,BTCUSDT_PERP.A
1770422400,1.8506,64.92,35.08,BTCUSDT_PERP.A
1770508800,1.6316,62.0,38.0,BTCUSDT_PERP.A
1770595200,1.6889,62.81,37.19,BTCUSDT_PERP.A
1770681600,1.6144,61.75,38.25,BTCUSDT_PERP.A
1770768000,1.8736,65.2,34.8,BTCUSDT_PERP.A
1770854400,1.8827,65.31,34.69,BTCUSDT_PERP.A
1770940800,2.3311,69.98,30.02,BTCUSDT_PERP.A
1771027200,1.5806,61.25,38.75,BTCUSDT_PERP.A
1771113600,1.6846,62.75,37.25,BTCUSDT_PERP.A
1771200000,1.8523,64.94,35.06,BTCUSDT_PERP.A
1771286400,2.0248,66.94,33.06,BTCUSDT_PERP.A
1771372800,2.1279,68.03,31.97,BTCUSDT_PERP.A
1771459200,2.663,72.7,27.3,BTCUSDT_PERP.A
1771545600,2.2134,68.88,31.12,BTCUSDT_PERP.A
1771632000,2.012,66.8,33.2,BTCUSDT_PERP.A
1771718400,1.7632,63.81,36.19,BTCUSDT_PERP.A
1771804800,1.9317,65.89,34.11,BTCUSDT_PERP.A
1771891200,2.4235,70.79,29.21,BTCUSDT_PERP.A
1771977600,2.1309,68.06,31.94,BTCUSDT_PERP.A
1772064000,1.4869,59.79,40.21,BTCUSDT_PERP.A
1772150400,1.8185,64.52,35.48,BTCUSDT_PERP.A
1772236800,2.3289,69.96,30.04,BTCUSDT_PERP.A
1772323200,1.8885,65.38,34.62,BTCUSDT_PERP.A
1772409600,1.7405,63.51,36.49,BTCUSDT_PERP.A
1772496000,1.0542,51.32,48.68,BTCUSDT_PERP.A
1772582400,1.429,58.83,41.17,BTCUSDT_PERP.A
1772668800,0.8051,44.6,55.4,BTCUSDT_PERP.A
1772755200,1.1673,53.86,46.14,BTCUSDT_PERP.A
1772841600,1.8289,64.65,35.35,BTCUSDT_PERP.A
1772928000,1.9104,65.64,34.36,BTCUSDT_PERP.A
1773014400,2.1387,68.14,31.86,BTCUSDT_PERP.A
1773100800,1.4826,59.72,40.28,BTCUSDT_PERP.A
1773187200,1.2227,55.01,44.99,BTCUSDT_PERP.A
