model1_return_prediction,true_return
0.027646936,0.037819102
0.0020799313,0.0043969736
0.0062004207,-0.0053115194
-0.04891462,-0.06655627
-0.0706143,-0.0782384
-0.055560697,-0.06658407
-0.024691429,-0.00482631
-0.05087502,-0.05077208
0.05669544,0.083457366
-0.037151262,-0.0431068
0.0047277156,0.0020414265
-0.08729637,-0.11328497
0.015819095,0.00865036
-0.005474001,0.0023053186
-0.029332412,-0.05412641
0.02511165,0.0456145
0.03235449,0.048849527
0.021029081,0.035409793
-0.006031586,-0.0028075352
-0.0027885742,-0.01841271
0.006042001,0.019878153
-0.0222933,-0.04026594
0.0066756667,-0.009015746
-0.022051085,-0.040467136
-0.025000092,-0.042533156
0.0053642215,0.019535948
-0.06681839,-0.11437879
-0.0313362,-0.03588373
-0.005336075,0.012159282
-0.005446624,-0.016146619
0.026912633,0.035044298
0.0127813285,0.04830549
-0.032983106,-0.08583489
0.014701023,-0.0037355777
-0.017353456,-0.025333108
0.022122901,0.0436323
-0.0033582211,0.017565746
-0.019118328,-0.034100074
-0.002358946,0.008979543
-0.0058213584,0.01592909
0.06475723,0.13048309
0.0045037894,-0.005770752
0.0061067287,0.015318614
0.02358729,0.043542378
-0.012693872,-0.03533637
-0.009287496,-0.022559036
0.026318587,0.035871282
-0.0030540826,0.0127653545
0.028813547,0.06760445
0.011185564,0.006564175
-0.0028496727,-0.014494391
0.01335295,0.01658971
0.030000847,0.07397788
-0.0374411,-0.08116955
0.0067224987,0.04367812
-0.021415718,-0.038577277
0.02015711,0.047387905
-0.015235335,0.0075665093
-0.0054951976,-0.01853682
-0.007818564,-0.019056682
-0.0013139374,0.019254584
0.015866391,0.052877273
0.0054374197,-0.0037001704
0.00055925176,0.015324651
-0.007839912,-0.021000607
-0.0008294245,-0.030911822
-0.0002188562,-0.019128941
-0.009250145,0.013238696
-0.014024371,-0.0336201
-0.029526398,-0.069237284
-0.0008779892,0.007819349
0.0022317255,0.024937063
-0.009332465,-0.0018877884
-0.004768969,-0.023514777
-0.0074583367,-0.015722096
-0.010446071,-0.0352528
-0.0008294644,0.024366627
0.0009878465,-0.0007673023
-0.006461269,0.035025273
-0.005247414,-0.017239379
-0.0163402,-0.049419686
-0.011421284,-0.061413202
-0.0009113515,0.0096916845
-0.001434648,-0.015701482
-0.005566884,-0.016637573
-0.0040206145,0.0006856154
-0.019981958,-0.033247303
0.0055611697,0.049774393
0.0053658877,-0.0115022585
0.011571265,0.014676291
0.0044528763,0.0047980836
-0.0037296126,0.015701093
-0.0020284345,0.009669035
-0.005539749,-0.029902382
0.0007597208,0.01826414
-0.0003336675,0.004428214
0.0021523042,0.0042006797
-0.008913844,-0.011460439
-0.0116878105,-0.014801031
-0.01595562,-0.102038965
-0.007479349,0.015694402
-0.014235233,-0.05104824
-0.0070541156,-0.037003998
0.009289232,0.053103413
-0.025248922,-0.03794425
-0.0014934898,0.01477241
-0.008623839,-0.0053148554
0.01122484,0.039945837
0.00355542,0.0042739334
-0.0063548493,0.0030068038
-0.005936808,-0.0063307174
-0.024690785,-0.105684035
-0.008534867,0.017217346
0.0019069165,-0.0021176948
0.00155657,0.018570278
-0.0046088398,-0.029414315
0.0039172373,0.01031595
-0.022011425,-0.046681277
0.0068671275,0.05709198
0.0066312384,0.030531472
-0.0048785857,-0.0052185436
0.013131253,0.039856955
-0.010168305,-0.015451422
0.009990939,0.011162759
-0.0044835648,-0.008810549
0.0036421781,0.012265946
0.0042600804,0.022025675
-0.008180736,-0.006664177
-0.0030901216,-0.0074741156
-0.010824098,-0.056378715
-0.006160763,0.012806507
-0.013983024,-0.020192884
-0.0014522173,-0.0057761245
-0.0026444132,0.006003278
-0.00026360247,0.016028903
0.0017180911,0.056657825
0.0032164284,0.084674
0.00029936875,0.008770518
-0.004764812,0.01135645
-0.0055732224,-0.017385233
-0.00023949472,0.008312848
-0.00667716,-0.00053942355
0.0117621375,0.043169487
0.013992156,0.083957896
0.0036626356,-0.026744079
0.0043197805,-0.031767797
0.0054628304,0.033348072
0.0052766073,0.0044438806
-0.00073033525,-0.0017084412
-0.0044344105,-0.0045261206
-0.007570545,-0.05571943
0.0018056228,-0.016478468
-0.0019459066,-0.010425539
-0.0035018125,-0.014310535
-0.00862425,-0.056699745
-0.0015608591,0.0020450298
-0.0062206136,-0.012804808
-0.0043284576,-0.031458016
-0.004961756,-0.06693124
0.001768939,0.038208943
-0.012123496,-0.06089716
-0.006369042,0.014275845
0.0027674683,0.012117513
-0.011572366,-0.009873689
-0.002720184,-0.009372433
-0.002733398,0.012698441
0.002272442,0.007089674
0.0025121504,0.04230391
-0.004838495,-0.030301915
-0.0054386836,0.013924296
-0.009235818,-0.034983702
0.007589632,0.035364944
-0.002945154,-0.018552206
0.0045756144,0.025474181
0.0055992445,0.023720982
0.00023856829,0.007752393
-0.0149489725,-0.005008333
0.0041689533,0.030665277
0.0023357384,0.02395152
0.004000996,-0.006364089
0.0005343667,-0.0066181463
-0.00042039808,0.0037682105
-0.0046571037,0.026572118
-0.0011031557,0.014067238
0.006102319,-0.0053539323
-0.0012188605,0.0131364865
-0.013787479,-0.09382468
0.0016260704,-0.0278453
-0.009608906,-0.018661354
-0.0052361153,-0.033465784
-0.0019771224,0.010575965
-0.0068048285,0.009741528
-0.0009070772,-0.0027112132
-0.0017733136,0.006919709
-0.0020821323,0.023197671
-0.0011823361,-0.0016584379
-0.006325423,0.0059007574
-0.0103476485,-0.0015299589
-0.011633231,-0.04019927
-0.0040540495,0.013946833
0.005562264,0.008711325
0.011196198,0.01554065
0.010304862,0.04030726
-4.7288835e-05,-0.0053359885
-0.0072933547,-0.0022410767
-0.015709609,-0.019054875
-0.008909802,-0.020547306
-0.005353805,0.0027229108
-0.0017131366,0.034062248
0.0019509945,-0.008188455
0.0018826537,-0.0057743513
-0.0057581444,0.0045663114
0.0014156492,-0.0022601304
-0.0004082584,-0.013065176
-0.0009782712,-0.0024225626
-0.0026044631,0.012788841
-0.0033065337,0.0063283313
0.0033629304,-0.006255538
0.004766538,0.0031780114
-0.0010446152,0.008691931
-0.0006927999,-0.0024606865
-0.0034696793,-0.0038547236
-0.009594353,-0.05874545
-0.0057749776,0.0072235386
0.0029969797,0.005529294
0.0021156373,0.0010116579
0.011765831,0.06313814
-0.0053298105,0.0010020894
-0.006780794,-0.0027229323
-0.00422991,-0.018253706
-0.0058235205,-0.013702845
-0.006310267,0.0090751145
-0.0007646332,0.0002595134
0.0030731421,-0.0013529408
-0.0027992914,-0.0042163157
-0.001660589,0.0018278824
-0.0027322657,-0.005714262
-0.0029944095,0.0016132591
-0.006134018,-0.005064319
-0.0076009994,-0.0024115995
-0.0090662725,-0.02266345
-0.0021326812,-0.0021506285
0.004514683,0.006464739
0.0030744984,0.0059568645
0.000905121,0.0037340494
-0.0021952032,-0.007314555
-0.006416675,0.015344115
-0.008410458,-0.0026028897
-0.009721006,0.0077178725
-0.0022506497,0.009062812
-0.005285493,-0.015104856
-0.0063620354,-0.009279259
-0.004817932,0.0020322048
-0.0033508944,0.0026019083
-0.0026647565,0.00050531357
-0.0028776121,0.0007110365
-0.013305546,-0.08652356
-0.012409696,-0.028952476
-0.008845743,-0.017084664
-0.004551345,-0.0049006543
-0.0015522656,0.0059715207
-0.055865906,-0.14249714
-0.03697038,-0.07420746
-5.112961e-07,0.022172444
-0.028410215,-0.064482026
0.0040451502,0.011514686
-0.064768955,-0.1170176
0.008565327,0.038252555
-0.030357286,-0.056275684
0.0036914293,0.0033628857
0.04374824,0.09580716
0.0007761908,0.007240102
-0.02570774,-0.06107574
0.008344083,0.036134135
-0.008091833,-0.006947674
-0.018959064,-0.06888971
0.004606034,0.017262558
-0.019687273,-0.047098123
-0.0376219,-0.07177271
-0.014216143,-0.030440845
-0.003222176,0.002165977
0.018957533,0.038657546
-0.009533544,-0.03224297
-0.007739475,-0.015408471
0.01354853,0.018932818
-0.016968708,-0.04237739
0.0011697323,-0.023870964
0.0005100162,-0.0038689335
0.009459507,0.0052636685
0.04509117,0.08328361
0.0076120105,0.040189378
0.004857488,0.002526248
0.041492213,0.10055353
-0.025038391,-0.053499702
0.022194583,0.028316244
-0.009368855,-0.00487396
0.010454035,0.019729227
-0.027698845,-0.06766231
0.020545088,0.008493405
-0.027157277,-0.057145957
0.04963351,0.07329965
-0.02223301,-0.038212486
0.015055555,0.028436419
-0.010547523,-0.026387276
0.010346897,0.025131855
0.0029641232,0.016045906
-0.002879174,-0.024073532
0.0077454466,0.0066756965
-0.004148114,-0.0055666105
0.007683257,0.055859935
-0.0036429944,-0.003051597
-0.010910925,-0.0051244786
-0.00575999,0.0029084394
-0.030745745,-0.100917995
0.00087112316,0.004293757
-0.0051796604,-0.005060948
-0.014241037,-0.030121513
0.0145312175,0.042039726
-0.0016946843,-0.020345729
-0.003968113,0.010855402
0.0015017756,0.00676191
-0.0028239135,-0.0059186867
0.006193185,0.019402359
-0.0038368995,-0.034986872
-0.0006401242,-0.0035040185
0.000175494,0.012406768
-0.0006419537,-0.0050844117
0.01375201,0.0047174934
0.003943404,-0.0012137506
-0.006760458,-1.1219347e-05
-0.0077735167,-0.0040499824
-0.012258331,-0.03341475
-0.00841021,-0.006752212
0.0065188194,0.013725209
0.0036243023,-0.0069875563
0.008982593,0.008111794
0.0006471193,0.012258221
-0.005071552,-0.0134027
-0.0037490968,0.0014765951
-0.005738579,0.00241391
-0.006554027,-0.019259105
-0.0009766092,-0.0020488647
-0.00013424008,0.07389609
0.001650093,0.0016766294
0.0009305837,0.004051609
-0.0070193605,-0.013407194
-0.008981317,0.00011290862
-0.013021806,-0.0060932175
-0.0012354795,-0.0052333744
-4.6526693e-06,0.003311542
0.0016000558,0.0044149817
0.006138768,0.013497341
0.013483395,0.06108547
0.0022293655,0.0023544824
0.0015933042,0.015728604
0.0016621135,-0.008202853
0.009111735,0.006251199
0.0043253885,0.03856038
-0.0009841529,-0.095272295
0.007184919,0.022284545
-0.013708019,-0.0048945057
0.016392853,0.0023179904
-0.00147577,-0.0011478349
0.002905094,0.0024382304
0.00033790164,-0.0008033569
-0.003919262,-0.0031936343
-3.002258e-05,-0.024579035
-1.2458535e-05,0.037619498
-0.001961682,0.0010648263
0.006876044,0.0030508796
0.0021366286,-0.0022614123
0.0025064652,0.020018779
-0.0012495174,-0.0066718995
-0.0070522698,-0.011609659
-0.008687554,0.0028680733
-0.0030369852,-0.0043181335
-0.011209146,0.002872229
0.0010628965,0.011957767
0.0044815517,0.020737868
0.004665347,-0.0062200343
0.0041135806,0.0016739976
-0.0007509459,0.0069271354
-0.005492039,0.0068275407
-0.0056752567,-0.0155542735
0.000291531,0.0015789008
0.001962434,0.004774222
0.0025071558,-0.003458286
0.004843758,-0.0141419815
0.004581341,0.0031529565
-0.0029439535,0.02241348
-0.0011459262,-0.0025390983
0.0008263832,0.018556539
-0.0016652435,0.0009061877
0.00020493392,-0.0007356058
0.008223051,0.009846706
0.02309347,0.15868405
0.01518658,0.0153855635
0.0067364434,-0.006904534
0.013674662,0.021465724
0.006924624,0.007750187
0.011422349,0.0247473
0.0028395082,0.012804809
0.0033326466,-0.016733006
0.0026037192,0.030265499
-0.013621259,-0.056356322
0.003965156,0.006088214
-0.01140562,-0.0005528458
0.0060258918,0.016917778
-0.0073422673,-0.020943535
0.004077109,0.029176462
0.0025459095,0.005608821
-0.0011762849,0.010633619
0.0038921358,4.563987e-05
-0.0012168244,0.0062651797
0.0005784028,-0.0067483075
0.0012140402,0.019033333
-0.0012801557,0.025100738
0.0002974283,-0.014358108
-0.01237586,-0.036694635
-0.00076891994,0.01788542
-0.008677212,-0.0034703831
-0.0037769196,0.0022314007
-0.0013611091,-0.01315821
-0.001467757,0.015659073
-0.0026794875,0.011657446
0.009005862,0.020167895
0.0057491786,0.04968729
0.002202966,0.00978448
0.0007347178,-0.009277047
0.005572906,-0.004830177
0.0015602341,0.017000392
0.0021881924,0.023823064
0.01748981,0.036389954
0.0248865,0.026093254
0.035209183,0.104617774
0.023116555,-0.015510656
0.06424768,0.111702785
0.020724323,0.019932965
0.033850808,0.027588034
-0.0023457492,-0.03782832
-0.03074903,-0.067208976
-0.012660683,-0.013387176
0.06819821,0.11580288
-0.009597191,-0.026151156
-0.0055763344,-0.0042012255
-0.013143922,-0.035596967
0.019273467,0.028823813
0.004743312,0.014334752
0.008845187,0.0075721364
0.02443977,0.07082595
-0.002345779,0.01633702
0.0036374214,-0.0046566124
0.0008191989,-0.008059339
-0.01615519,-0.04448089
0.0033724634,0.033937022
-0.006233401,-0.0012784323
0.0056445743,0.021067308
-0.03445887,-0.07248954
-0.021262389,-0.05428075
-0.00905947,0.011571872
-0.0040285247,0.0013107846
0.0018144632,0.024587676
0.004345429,-0.010949987
-0.005427316,-0.03421211
0.004773928,0.045440234
-0.0049286075,-0.012333426
0.0031428875,0.03032106
-0.0018366175,0.011121979
0.0017605695,0.051166743
0.004807701,0.01818055
0.003717195,0.01628566
0.009922994,0.03948882
-0.005187171,-0.025269467
0.009022978,0.018972006
0.01703753,0.027875394
0.020112034,0.06535238
0.025579534,0.054552294
0.014919087,0.016322557
0.023461655,0.013707115
0.034838933,0.066839136
0.06264434,0.10227307
-0.06576508,-0.14468564
0.066833906,0.090294085
-0.020897098,-0.040945888
-0.036706556,-0.092258506
-0.018823422,-0.021339763
0.013256868,0.02030275
0.072731405,0.09638823
-0.05707116,-0.06884303
-0.0013019155,-0.015820265
0.023515452,0.025714034
0.018560775,0.0132157225
0.06004924,0.07043432
0.0077646356,0.024600537
-0.019723114,-0.035298478
-0.04753484,-0.06530584
0.026789928,0.035876404
-0.025115352,-0.034742415
-0.095828444,-0.10987197
0.05557998,0.06327177
-0.113864735,-0.13821237
0.02111885,0.023900641
0.07297295,0.0945998
-0.00013999967,-0.011629243
0.025271937,0.022212759
-8.054078e-06,-0.014138281
-0.007375588,-0.023808373
-0.029121887,-0.04706583
-0.010980654,-0.010355607
-0.0005451329,0.011870944
-0.0117083555,-0.0056709824
-0.022189856,-0.03601121
0.007981396,0.0068377377
-3.3499906e-05,-0.003559212
0.0070080133,0.0069773393
0.017782703,0.051532816
0.0074699568,0.028792262
0.022521064,0.014236505
0.0058561526,0.02747142
0.0011989856,0.010334823
0.038137946,0.079096384
-0.0021393127,-0.029783644
0.027945625,0.042070057
0.012249061,0.0020638343
-0.012067845,-0.010032011
-0.036112722,-0.049229193
0.0032658565,0.021056559
-0.023274284,-0.013413403
-0.024965014,-0.04517568
-0.042558365,-0.08048431
-0.0018746178,0.023944952
-0.004457646,0.0036469512
-0.00049347174,-0.011244276
-0.0041390266,0.008844854
0.015939735,0.05738553
-0.005579801,-0.01430451
-0.020519711,-0.059141535
-0.006415235,-0.004217875
0.007577825,0.02827695
-0.0056406762,-0.02486985
0.0058716726,0.00082260533
0.0015429843,0.022380723
-0.011216474,-0.018213011
-0.0077534607,-0.046632465
-0.015117739,-0.02316092
0.00050337415,0.009023809
0.007642513,0.00030565393
0.006523301,0.014240796
0.012521978,0.061322037
0.004110962,0.026274603
-0.0058115395,-0.0045566424
-0.0033124362,-0.00023945284
-0.0078012757,-0.025477791
0.005583249,0.015143913
0.003921486,-0.007169948
0.0021404284,-0.0075477893
-0.0032188643,-0.020094523
-0.003967343,0.00594182
-0.005123703,0.024953976
0.00014664233,-0.007028959
-0.004523373,-0.0006809472
-0.0083821835,-0.0031991065
-0.0068243435,-0.0049335198
-0.0019722302,-0.006212613
-0.0016370639,-0.0030307507
0.0053238976,0.0085583385
0.0065202164,-0.00741692
0.002655371,-0.018080391
-0.0052152635,0.0042447676
-0.008006586,-0.033110116
-0.013090191,-0.13309903
-0.0053130705,-0.0074560754
-0.024607427,-0.044426475
-0.0050341375,0.014060388
0.0018586856,0.002552405
-0.00847556,-0.019084927
0.0025701302,0.030066257
0.002045202,0.00037390436
0.009177962,0.0081069935
-0.0044052256,-0.016399406
-0.0053345207,-0.010614307
-0.005730036,-0.0013453589
-0.009655499,-0.034037393
0.01087655,0.0418701
0.0063576633,-0.0026530598
0.011866645,0.04691481
-0.0055652778,-0.00031661155
-0.010831152,-0.035627052
-0.009356677,0.005023385
-0.0026625483,-0.0030262284
-0.0015651246,0.008805817
-0.0046579083,-0.02288879
-0.0006813642,-0.020748647
-0.0056536524,0.009816842
-0.00064397603,-0.015429594
0.0029998724,0.00012582558
0.0007927245,0.034056086
-0.006104029,-0.0031764966
-0.006453174,-0.02186275
-0.0054155225,-0.071496
-0.004650208,-0.0072867977
0.027287852,0.15498388
0.009344393,0.06431955
0.021624614,0.031978324
-0.014512808,-0.03467535
0.015827524,0.021757975
-0.01439279,-0.027250405
0.0017759213,-0.0015162143
-0.0069166413,0.0098800855
0.011648656,0.0062534185
0.0016674884,-0.010258565
0.0045148707,0.021373674
-0.0020319475,-0.009056843
0.0036439532,0.0032593843
-0.0023216833,-0.013241729
-0.012188322,-0.049200777
-0.0024844,0.004058439
0.001953532,0.025780076
-0.008541069,-0.034460675
0.0027850932,0.01010193
0.0052303076,-0.005093465
-0.0030880254,-0.014972904
-0.0023695515,-0.020440694
-0.0026362273,0.0022743964
-0.007719621,0.0013393421
-0.01692025,-0.03778018
-0.009370342,-0.006559747
-0.0034726867,-0.0043901955
-0.01938257,-0.05982675
-0.014414347,-0.048278805
-0.0069739297,0.0059452294
-0.024853691,-0.057461362
-0.008029632,0.029445102
0.0014265113,0.0065289657
0.007847863,0.048067648
-0.009807819,-0.0119280545
0.01900385,0.042250022
-0.0032282025,-0.025887528
-0.0017030996,-0.020224653
-0.016927369,-0.013157682
-0.004749888,-0.00021526031
0.0037415347,-0.013583393
0.015051904,0.026700582
0.0030885856,0.018566588
0.00039718946,-0.0052292123
-0.0021649722,0.002920329
-0.016363084,-0.023096573
-0.005221923,-0.015726728
-0.0033708173,-0.0019578603
-0.0036797128,-0.0016546275
0.0012173804,0.008356117
-0.0021518948,-0.0271519
0.0019403212,0.0076911305
-0.0003259069,-0.03238898
-0.00016830303,-0.039648447
0.008927303,0.0941605
-0.007396268,-0.017678427
-0.0012348962,0.0052350042
-0.0030474267,-0.0076924637
0.018487561,0.05039815
0.003167605,-0.024882294
0.0009764254,-0.008415693
-0.00943691,-0.0070731393
-0.0073958486,-0.00036510968
-0.0024930886,0.0072962833
0.0013226598,0.008427818
0.0015120502,0.0098066805
-0.0015174226,-0.019439954
0.0023291428,-0.007031286
-0.0023905179,0.0007807681
-0.0017055471,-0.033199534
0.0043533943,0.053014822
0.0009455719,0.0012449769
0.000519007,0.0006307408
0.006987302,0.05283449
0.0036735458,0.04871405
-0.00076367287,-0.011023945
-0.0011920484,-0.030016605
0.009063202,0.047372606
-0.0031055983,-0.021831004
0.002384595,0.0203611
0.0007869429,-0.009160977
0.019722775,0.082748786
0.0007628642,0.0012931462
0.0024099497,-0.011561337
0.0076178564,0.021921914
0.0017711392,0.00030062976
-0.00049951486,-0.02432452
-0.0093025705,-0.0068438724
0.001171525,0.010781316
0.000242198,-0.006162472
-0.0022180825,-0.032523725
-0.003405572,0.004094162
-0.007511525,-0.01173106
0.005796212,0.032372113
0.0010267751,0.033396605
0.0068986714,0.051060826
0.0011929028,-0.007783399
-0.00092794816,0.022502456
0.00076019345,-0.016995972
-0.00028142572,0.003385727
-0.006141087,-0.005674268
0.00021046525,-0.004217202
-0.00379918,-0.010300125
0.005170968,0.04413696
0.0005599054,0.016504673
0.004461853,0.004261272
0.005206556,0.008252206
0.007417435,0.025611473
-0.0025934963,-0.02998888
0.0073722294,0.036990684
1.8568244e-06,0.0100616235
0.0043462897,-0.009421122
0.001977676,0.011153032
0.00082420604,-0.043430034
-0.00012005161,0.0012662706
-0.01193271,-0.021533431
0.01061855,0.046177667
-0.011725781,-0.057805903
0.002021127,0.0002740981
-0.0060564065,0.008366991
0.0061377697,-0.0027100723
0.005995697,0.029157752
-0.0045561786,-0.028611835
-0.0032847677,-0.03587677
-0.013349578,-0.058642
-0.0028810573,0.0043115704
-0.0054364367,-0.014877998
-0.009001263,-0.019667791
0.0038082593,0.0009697758
0.006959146,0.043952435
-0.0001859263,-0.017558277
0.0064508216,-0.0010507718
0.00032785255,0.03412863
0.0044067875,0.008489837
-0.0019529115,-0.027220313
-0.013317612,-0.10095463
-0.0045509296,-0.012960006
-0.0025842602,-0.0044627273
-0.0031159674,0.005048946
-0.38158587,-0.5026069
0.063176416,0.15032193
-0.07551689,-0.075666785
0.03513855,0.03593542
-0.04434708,-0.06399129
0.041764624,0.054873694
0.01101954,0.015020346
0.08450669,0.1333522
0.0074026473,0.007435327
0.0024864087,-0.003449687
-0.034620754,-0.061801676
0.085795164,0.10611485
0.012181539,0.04199972
-0.0074138516,-0.010026794
0.008218075,0.008934974
-0.038844347,-0.057779726
-0.003774627,-0.019445252
-0.04888707,-0.05864495
0.061362866,0.08362125
0.007254665,0.0025084317
0.02245577,0.035623714
0.0045895246,0.022501491
0.0019966268,-0.008868946
0.0122186765,0.0180844
-0.0043700375,-0.012356932
0.037401296,0.079050235
-0.016264848,-0.018253138
0.00087209104,0.022525096
-0.013079879,-0.010616823
-0.05099757,-0.060067013
0.0032145903,0.002607795
8.838484e-06,0.0039127464
-0.0016440647,-0.009588406
-0.0042495383,0.0044927304
-0.027673062,-0.036692195
0.04091607,0.070085324
-0.008590523,-0.010529848
0.024314953,0.030970208
-0.02220187,-0.017796693
-0.04428006,-0.042151216
-0.0057992986,0.002127567
0.04931824,0.04064137
0.02692625,0.048922885
0.00015902612,0.0030172055
0.0016841553,0.004476309
0.011878028,0.02027805
0.007926901,0.010540759
0.004495695,-0.0045946864
0.11003491,0.12604363
0.004434694,-0.01822844
0.023201998,0.02372559
0.011384383,0.016303515
-0.0052227774,-0.008719308
-0.008122057,-0.00249914
0.015832972,0.016751455
0.021097599,0.013332614
0.04144332,0.088244356
-0.0028475537,-0.018840762
-0.012871967,-0.026952816
-0.023218188,-0.089493744
-0.0101134265,-0.018659104
0.014927536,0.028699363
0.041966714,0.055044312
0.033009436,0.050542265
-0.025481753,-0.04978525
0.007917698,0.0069367136
0.004185048,0.031350885
0.0020688213,0.0055516865
-0.0021748475,0.0042646043
-0.009215088,-0.02738809
-0.02003479,-0.047670823
-0.00491874,0.011113876
-0.012755909,0.0009973214
-0.032156833,-0.05127638
0.015863314,0.020432374
0.0025489072,-0.00667025
0.019734586,0.040225424
0.024557607,0.039602704
0.0011166316,-0.015663143
0.019309543,0.02830547
-0.0030578778,-0.02605915
0.03383626,0.07663155
-0.025861643,-0.06927426
0.0036735404,0.015450457
-0.0021683574,0.012626033
-0.00045766844,-0.017300596
-0.0048494944,0.00468077
0.0072478815,0.00831291
0.00047706172,0.003586465
0.00023870554,-0.0009798286
0.0076101646,0.011453301
-0.0051417714,-0.06311381
0.0040455004,0.01970987
0.0010949189,0.00086701836
-0.0024218732,-0.013950472
0.0024044835,0.008942883
-0.0021915582,0.010507911
-0.0007559331,-0.0063662855
-0.0042795483,-0.008362265
0.0021440631,-0.008139514
0.0050095213,0.005219309
0.004796412,-0.0068898355
0.0073797596,0.04120627
-0.0029265727,-0.006297087
-0.010040865,-0.03471554
-0.003046586,-0.0050684945
-0.0029112194,-0.009480999
-0.00731173,-0.016530393
-0.0047399593,0.011512483
0.0015549943,0.0083249565
0.00019514351,-0.0058927317
3.0315568e-05,0.01017398
-0.0048665176,-0.015881512
-3.468152e-05,-0.003117149
-0.0031061042,0.008486495
-0.006260325,-0.007256332
-0.0044711917,0.029848618
-0.004973536,-0.0093336785
-0.00395558,0.019116368
-0.0050825616,-0.021816235
-0.0017958661,0.0060375645
-0.005982257,-0.005864277
-0.0038083843,0.0074144825
-0.0075111925,-0.0064846603
-0.0037864428,0.0014303888
-0.002053383,-0.0063132034
-0.0034088928,-0.006969521
-0.0008721771,0.0022528395
-0.0031211462,0.0017419212
-0.0014602422,0.004212361
0.0015810875,-0.005248853
0.0025591997,0.024713965
-0.0015262382,0.01355626
0.00041432714,0.008902113
0.00016821199,-0.0068408144
0.002673191,0.016906332
0.0015259992,0.023546368
0.014149689,0.10489965
0.013580069,-0.011277353
0.0141686415,0.017655002
0.018731862,-8.288236e-05
0.018459547,0.021025892
0.01445184,0.040262815
-0.009648392,-0.06383799
-0.0026003998,0.013320276
0.006936479,-0.0024844091
0.03387175,0.0482234
-0.0012391029,0.001493149
-0.0025275738,-0.014405544
0.0046149706,0.014316273
0.0036767186,-0.0068020304
0.006625724,0.017921463
-0.010278213,-0.043024886
0.0049661696,0.015006984
0.002948064,0.018477818
0.006516031,-0.0016533184
0.0036464548,0.007780519
-0.0016479335,0.004931964
0.0054353103,0.030601595
-0.0012443146,-0.02775032
-0.00019067619,-0.016069815
0.0033240025,0.008383598
-0.0069088787,-0.027558854
0.0011698754,0.011349462
0.0010163749,-0.0012723559
0.004411632,0.008554385
0.0013220136,-0.03726855
-0.0012626117,0.012555999
0.00052024896,-0.0114998715
-0.004268526,0.017196689
-0.0022258558,-0.005312122
-0.00023157476,0.021170054
0.0022761878,-0.005278114
0.0018375152,0.023118798
-0.0021554253,-0.04577533
-0.017233979,-0.11603577
0.0030992138,0.02967124
-0.018142153,-0.027126372
-0.007911043,0.0087657105
0.009727002,0.011366293
-0.0087593375,-0.02407813
0.0075381175,0.009097741
3.7234568e-05,0.011448812
0.008529247,0.004923589
-0.00471776,0.0050919964
-0.0030314089,-0.010406496
0.0004323083,0.032275733
0.002637516,0.010583086
0.010719638,0.015520576
0.0024261202,-0.0012807164
-0.00022669462,-0.0006034733
0.0035757194,0.013378934
-0.0066469074,-0.014578733
-0.013702056,-0.047161404
-0.0050797267,0.010731082
-0.0043370966,-0.0277471
0.0028637191,0.0471882
-0.002869348,-0.0046352157
-0.0010213273,0.003915902
0.0023517695,0.004245955
0.007731622,-0.0072779693
0.00026570202,0.013406216
-0.0043874853,-0.0059110867
-0.0021622758,-0.014719097
0.0039446354,-0.004599449
0.00066683104,-0.0026846721
0.00033179997,0.011747207
-0.0013571541,0.011704401
-0.008677548,-0.018002652
-0.00507618,0.006275751
-0.001735315,0.024008237
-0.0056336485,0.011382432
0.0047484227,0.021714201
0.005003264,0.0066895667
0.0077478085,0.013908433
0.004221319,-0.0093853045
0.0057103676,-0.00023381622
-0.004417167,0.00761073
-0.0036045003,-0.016281154
-0.0032176757,0.0036050184
-0.0030129806,0.012504023
0.0048883026,0.021358298
0.0035662393,0.013399204
0.016820367,0.07057902
0.0051859356,0.014568319
0.0042200037,-0.003510796
0.010848937,0.014493163
0.0049524484,-0.006342655
0.0050442256,0.0017913415
0.004032161,0.043769885
-0.00196504,-0.027491298
0.0033419237,0.014168285
-0.0020343235,0.007728849
0.0037626072,0.016884549
-0.00035568135,-0.0021413674
0.0019023115,-0.0155347865
0.012574948,0.03439658
0.007064054,0.00855458
0.05159633,0.09733975
-0.0016039159,-0.0006480603
-0.007274491,-0.050120004
0.010900096,0.04336938
-0.0017034933,-0.009524311
0.011138405,-0.0020375105
0.0069189295,0.024985928
0.030559022,0.03800921
0.006154879,0.0017686442
-0.0014167812,-0.015452059
0.010687309,-0.0070845773
0.002600024,0.04632336
0.0029317862,0.055046123
-0.006198995,0.0065888967
-0.0038261253,0.0015008881
0.034887034,0.04679325
0.019216312,0.0025765905
0.009099254,-0.015592115
-0.005083006,-0.0025245761
0.0146704195,0.042215273
-0.015384377,-0.023280367
-0.099141866,-0.087577656
-0.0023170938,-0.00058036123
0.020292383,0.03329857
0.024394821,0.025911048
0.048569612,0.07981244
-0.02373188,-0.04841767
0.0027775413,0.023131976
0.009058095,0.011278018
-0.024066044,-0.04052727
0.00057907496,0.026306488
0.018729217,0.010997575
0.0017808834,-0.009993257
-0.028770499,-0.044967152
0.0018273774,0.011781919
-0.00864316,-0.015580852
-0.008905103,-0.012019601
0.011006212,0.04191985
0.013780517,0.019287828
0.014360022,0.005105591
0.0022939416,0.007922093
0.039103895,0.09373878
0.043215126,0.06626268
0.024052624,0.013516513
0.010102751,0.030440671
-0.0142002115,-0.01548729
-0.017494975,-0.031873032
0.01933434,0.04690601
-0.0057207732,-0.024575487
0.013756416,0.021143006
0.015088168,0.04060162
0.027668701,0.06958729
-0.002021518,-0.00802391
0.0066982554,0.029902304
0.0012632031,0.011221758
0.035234027,0.05299945
0.0027220028,0.0016640382
0.0027968404,0.014009593
0.029850516,0.092624746
-0.011899621,0.025215833
0.0011554398,-0.031126048
0.032687023,0.05949198
0.03351014,0.07978988
0.045849975,0.069919884
0.024394624,0.028759807
-0.015886392,-0.012262052
-0.031744376,-0.049556244
-0.025929611,-0.074688196
-0.03400913,-0.038971633
0.05651184,0.09303872
0.030301753,0.046354756
-0.046225946,-0.06333342
0.009140329,-0.020547017
0.012755698,-0.004632748
-0.006485327,0.02215551
-0.029627804,-0.020402027
-0.01159735,-0.011862854
-0.065536804,-0.1394964
0.031903043,0.0657037
0.0014148578,-0.026674228
0.003310266,0.005654536
-0.015219905,-0.00017670555
0.022833595,0.0065996377
-0.012809403,-0.0669194
0.06275077,0.09417475
0.023539573,0.026247546
0.015751466,0.0003117562
-0.006547074,-0.034741376
0.010905195,0.013011118
0.029095514,0.056248963
0.03698795,0.05892453
-0.015737822,-0.018301232
0.0009623475,0.03599048
0.0045155995,0.023148494
-0.0044537764,-0.01003437
0.08524638,0.17844856
0.0066740294,0.000981731
-0.015542964,-0.03536213
0.019999906,0.06818828
-0.009943424,-0.014317496
-0.0093727335,-0.002835838
-0.0007033614,0.029754164
-0.0149945775,-0.0138192205
-0.0038900017,0.025192855
0.022749834,0.059003122
0.0071431715,-0.010940542
0.019970676,0.08106906
-0.0061492957,-0.0011599398
0.01175888,0.027681826
-0.03624327,-0.05958735
-0.04698356,-0.101012915
0.012022173,0.015932614
-0.013568875,-0.05381085
-0.019503653,-0.017072828
0.003946375,-0.0036898486
-0.003199988,-0.021279799
0.04635196,0.09405669
0.0058978274,-0.02338997
0.016032148,0.03864677
-0.011437939,-0.040021766
0.007154219,0.007775934
0.007662474,0.0026730483
0.004912052,0.041858237
0.0047295894,0.027161065
0.015037331,0.046798352
0.0038142987,0.017467016
0.0070605855,0.033826314
-0.010983547,-0.009590762
0.014549584,0.06702392
-0.019924305,-0.036957286
-0.025690936,-0.058723457
-0.002420025,0.0230318
0.0032335278,0.03475275
-0.0062280865,-0.021702942
-0.0074429885,0.006601961
-0.002807395,0.0012446153
-0.01935159,-0.013004861
-0.039244045,-0.05867552
-0.011155038,0.004752456
-0.021731045,-0.038210824
-0.0137639595,-0.01949666
0.033964183,0.07022885
0.0031133485,0.014282641
-0.012736244,-0.0007080977
-0.004564598,0.032765284
0.004151318,0.019094592
-0.0065925885,-0.00010247932
0.0008400921,-0.00034241154
-0.010225963,0.0039019191
-0.0169526,-0.032727715
-0.004239621,0.019957809
0.007755993,0.01581835
-0.0060396255,-0.019447828
-0.024352133,-0.03577032
0.011525176,0.037258577
0.0034918648,0.0011189119
0.009022699,0.027591726
0.0012516851,0.0038957545
-0.006489997,-0.002376559
-0.004438486,0.060211807
-0.005535895,-0.009728172
-0.0052758246,0.0031787336
-0.020878173,-0.02932349
-0.014461799,-0.021891825
-0.024816845,-0.0664287
0.008377882,-0.009247793
0.017923348,0.014133256
-0.012348845,-0.047868807
-0.025009183,-0.039760605
0.0034671603,-0.011006558
0.00044193259,-0.021297004
-0.015719328,-0.019797325
0.014185864,0.095827766
0.012467321,0.01854101
0.0048248847,-0.0030175287
-0.006619369,-0.023824105
0.023377903,0.0744487
0.0036601634,0.0018373153
-0.009031446,-0.02137125
-0.0061168866,0.010394687
-0.022093654,-0.07196003
0.03216648,0.07661462
-0.0014704501,-0.018316105
0.0022944096,0.016200913
-0.007418425,0.026638564
-0.018580595,-0.010609744
-0.017976288,-0.042523753
-0.004827331,0.015182248
-0.043099143,-0.13262324
-0.016057365,0.00079857174
0.012861748,0.0034263094
-0.005539369,-0.06375489
0.003299836,-0.00711397
-0.011329331,-0.06434307
0.009601593,-0.015934529
-0.031763036,-0.15519382
0.07541051,0.099452846
-0.028632358,-0.08425363
0.030147169,0.005293597
-0.020077907,-0.07755027
0.068851285,0.112875395
0.0020376556,-0.012229505
0.024377044,0.02365019
0.008618816,-0.01830867
-0.026867136,-0.07730916
-0.009715395,-0.030124962
0.0107800495,0.029501721
0.038327366,0.044249985
-0.015905112,-0.015165768
0.003998277,0.02358227
0.038922727,0.043698933
-0.03128256,-0.06358408
-0.0080269165,-0.03638112
0.013848758,0.007940358
-0.045569494,-0.064724796
0.008596604,-0.0051388354
0.071006425,0.11336995
0.0010020793,-0.01923618
0.010537647,0.017735377
-0.04536965,-0.049019605
0.031206045,0.09325822
0.011795507,0.037615173
-0.0057100803,-0.009230129
-0.031374622,-0.045745272
-0.011428509,-0.006698962
-0.033224113,-0.061527822
-3.2384414e-05,-0.00942793
-0.010129353,0.0032761325
-0.043250985,-0.118910454
0.00278913,0.028094525
0.030410089,0.035312682
0.025466632,0.028828548
-0.06488122,-0.09301052
0.006105652,0.021896
0.055066437,0.07218858
0.016940605,-0.005938288
-0.005828607,0.040252786
0.0070867725,-0.024431033
-0.006233003,-0.04494752
0.01203764,0.008377365
-0.0021720878,0.025786871
-0.0024184706,0.017651072
-0.021342378,-0.046295524
0.015452461,0.015605348
0.01099469,-0.010513575
0.0024510487,-0.029562898
0.004865808,0.028194357
-0.0013072429,-0.009297337
0.009751995,0.022317905
-0.0067956652,-0.034819737
-0.010422303,-0.010844212
-0.006161213,0.0027536338
-0.014036565,-0.02905984
-0.010523997,-0.015684787
-0.0014428416,0.004330419
-0.008560559,0.008167363
0.0006836734,-0.029990649
0.0026362687,-0.034616683
0.012449028,0.07605716
-0.0029526409,0.004448705
0.011771614,0.040849756
-0.010425001,0.018384065
-0.013535565,0.032251317
0.00030808826,0.051143486
-0.00026939856,0.057914518
0.000903626,0.014134814
0.0027936203,-7.696533e-05
0.0022026938,0.053279787
-0.009184765,-0.017797913
-0.018490799,-0.039765276
-0.015060655,-0.017663231
0.0065364544,-0.024324683
0.013646441,0.038914844
0.010777997,0.028276896
-0.0031893607,0.047187388
-0.0028092437,0.039718796
-0.008944962,-0.017612703
0.00694124,0.054629706
-0.010804277,-0.014556479
-0.0017593023,-0.0016244407
-0.013085474,-0.024737108
0.012675298,0.07380869
-0.0012449593,-0.01542144
-0.0012481611,-0.0020137746
-0.013726861,-0.023097204
-0.01788541,-0.026610328
0.017633617,0.00020894565
0.01783241,0.044949558
0.0053708483,0.053338364
-0.011907658,-0.01020139
-0.0060233604,0.008512092
0.0005736565,0.005056931
-0.004099964,-0.037361007
0.0020508152,0.026889274
0.003689224,-0.044455502
0.003392625,0.046425655
-0.00046045624,-0.0035635123
-0.0010291353,-0.0026114257
-0.011354713,-0.037286956
-0.0050726216,0.0025079784
0.0065100924,0.035653967
0.0056281155,0.008895279
0.002624338,0.015164663
-0.00062956987,-0.0016714248
-0.0027261241,0.03622299
-0.007860941,0.017372841
-0.022099866,-0.11668618
-0.011121469,-0.017552966
0.026300544,0.0075036497
-0.014477703,-0.033850834
-0.0069837924,0.0071709594
0.014166852,0.018675104
0.007832767,-0.02384543
0.0055834567,0.047173046
0.0036583678,0.021209635
-0.0136613585,-0.008003237
-0.01883983,-0.009214083
-0.0008402881,0.020771366
-0.0015888081,-0.022003204
-0.026182445,-0.09371473
0.00039361638,-0.054490853
0.020556398,0.06669051
0.01072632,0.029900812
-0.01086199,-0.04687874
-0.030944446,-0.0032739388
0.008757456,0.011423897
-0.007129971,-0.023763182
-0.009788712,-0.026952637
0.016171776,0.012059142
0.017245252,0.053905576
0.034333624,0.09396298
-0.0050411746,-0.01058119
-0.010435694,0.011793543
0.0030958934,0.021041177
0.008047622,0.04463737
0.015473837,0.072006345
-0.012482299,-0.028045412
0.00025692466,0.0030854892
-0.001066002,0.018334389
0.0069996566,-0.0053046998
0.005892708,0.05017268
-0.01080753,-0.025989695
-0.0075994567,0.024172358
-0.010296177,-0.00033230198
0.005382925,0.072699904
-0.008678462,-0.013004884
0.0047524376,0.010665774
-0.0089117475,0.007795363
-0.0051268633,0.035964638
-0.010512877,0.026418386
-0.035136793,-0.05943124
-0.023593929,-0.024495255
-0.0075541744,0.009814059
0.0030137838,-0.007115368
-0.0005475872,0.03593612
-0.026698042,-0.044574656
-0.008410915,-0.032263767
0.01507093,0.036350958
0.017236603,0.027321173
-0.0036253994,-0.006357459
-0.013179539,-0.009084092
-0.015115265,-0.006360992
-0.01051075,0.03720496
-0.0034714406,-0.0051303483
0.0015251245,-0.024161639
-0.007921432,-0.0074860486
-0.001846076,0.0087166615
0.008064228,0.028908849
0.006618699,0.06504217
-0.0035020593,-0.008599071
-0.010413853,-0.03133426
-0.0039229146,-0.0016685607
-0.0063982755,-0.0101171965
0.0031706104,0.00401192
-0.016184691,0.017538678
-0.020455439,-0.029622264
-0.022766992,-0.05739419
0.007835178,0.004750692
-0.002401379,-0.058927886
-0.007557637,0.02019524
-0.0038503963,0.028114513
-0.019705711,-0.018347414
-0.017749185,-0.04135449
0.003005518,0.022746524
0.0016562291,-0.0070279595
0.002256503,0.031390883
-0.028568197,-0.092958435
-0.002272495,0.018341176
0.011924496,0.045614038
0.012960389,0.008715658
-0.010429881,-0.014394268
-0.016133517,0.0040918402
0.0011869911,-0.01238275
0.0010727127,-0.052323956
-0.032192603,-0.08664156
-0.0015824586,0.0049490305
0.013393569,0.020946445
0.0142515525,0.0029105975
-0.0058662016,-0.0023304946
-0.006091686,-0.05971364
0.005760243,-0.008555688
0.011186407,0.04661442
0.01599576,0.013352653
-0.02152313,-0.06929737
0.005246413,0.034524176
0.010561468,0.010733759
0.009378727,-0.025548203
-0.020484645,-0.03202327
0.011559264,0.015130173
0.005846435,-0.0032775272
-0.0013182438,0.004977392
0.01067418,0.041250873
-0.0006454797,-0.006190542
0.0029359292,0.04528016
0.0027017496,-0.0003700614
-0.0073213875,-0.008305549
-0.007148226,0.0074293287
-0.00043177232,-0.0014594452
-0.017829336,-0.06430418
-0.013250331,-0.022958105
-0.0077893715,0.014023979
0.0047425316,-0.019369822
-0.005415369,0.032059945
-0.00687222,-0.009188053
-0.011583056,-0.017925575
-0.021046132,-0.013309745
-0.021699613,-0.053345896
-0.004727051,-0.008524386
-0.0030310736,-0.035818398
0.0009666695,0.0027210861
-0.015200825,0.0044259196
0.008815934,-0.0010068457
0.026882287,0.0214504
0.0019601323,0.027090278
-0.0048968038,-0.03105748
0.0015809855,0.011676134
0.0081757605,0.0005648665
-0.010165276,-0.00029318928
-0.010015265,-0.020406632
0.0004992001,0.00355987
-0.00071296946,-0.016476803
-0.005883067,-0.023782736
-0.018176563,-0.10994616
0.004002628,-0.038426228
0.024401551,0.03290247
0.005997181,0.011406764
-0.012561486,0.008095002
-0.008132244,-0.004039174
0.010189987,0.009483987
0.013978605,0.01486365
-0.00015123561,0.01186782
-0.009951705,-0.007497346
0.008247018,0.015328402
0.009973956,0.005901666
-0.0046246434,-0.047586896
0.01076918,0.011191637
0.04481878,0.10817645
-0.0065597324,-0.0046207244
-0.021275109,0.02383682
0.0015505292,0.033849332
-0.00079212873,0.004619788
0.001198926,0.007458664
-0.011824934,-0.019968761
-0.016704086,-0.02612751
-0.009990536,-0.0036850036
-0.0093825795,-0.0038971691
-0.004123913,0.011402944
0.0010741741,0.046147406
-0.014193799,-0.015184911
-0.030680325,-0.079622306
-0.009020755,-0.013449304
0.0023059489,0.0026164982
-0.0070800483,-0.043140754
-0.0038543711,-0.036577567
0.017751584,0.03249075
0.008611175,-0.025976967
0.011415404,0.028507875
0.011085339,0.02300557
0.0011261734,-0.002615661
-0.011905947,-0.036914572
0.034228936,0.13527872
0.00525937,0.028802693
-0.0018749794,-0.011962434
-0.016936649,-0.03333326
-0.013399339,-0.08105494
-0.0049387054,0.006347844
0.009257234,-0.025114799
0.00095263054,-0.01132892
-0.008974742,0.01936044
0.033379503,0.07965004
0.00063051574,-0.06195676
0.005429866,-0.017720645
-0.007125527,0.0020065284
0.0014653059,-0.026900467
-0.0039526382,0.04892032
-0.002276876,-0.009905884
0.018611211,0.04562481
-0.0022984191,-0.0047810758
0.012988063,0.020311695
0.012732848,0.010567683
-0.0060055656,-0.022502352
0.0031866292,-0.006317702
0.0008269232,0.03267507
-0.0049106567,0.012167866
0.0015135393,0.025525644
0.0016689985,0.007286174
-0.0033219084,0.004460717
-0.009818703,0.050733775
-0.00842733,0.0062682503
-0.0074871453,0.006611697
-0.009544034,-0.0077629844
-0.0151570225,-0.0336536
-0.011311187,0.016845757
0.0024841935,-0.010261073
-0.0052879774,0.012933615
-0.0038116532,0.0037243615
-0.015970694,-0.023523735
-0.017851517,-0.052501783
-0.008355731,0.006320429
-0.013468045,-0.027825199
-0.003406161,0.0118101295
-0.000630229,-0.01401743
-0.015493184,-0.06437337
0.00073589804,0.01367994
-0.0021417453,0.02641902
-0.012242879,-0.029732304
-0.0027644807,0.01514472
-0.011926279,-0.0042799693
-0.015311962,-0.017502764
0.009162642,0.027909875
0.0077633243,0.0168193
0.004382197,-0.0032586092
-0.019822365,-0.021462195
-0.012889808,-0.019225877
0.0017268064,-0.0067612985
-0.00796957,0.00021624574
-0.006995767,0.02443778
-0.0092171645,-0.058928873
0.0082007665,0.029041309
-0.010852449,0.012822768
-0.0029065758,-0.02925883
-0.008456785,-0.02532863
0.003458465,0.022012962
-0.0053755427,0.001475709
-0.017207496,-0.02088383
0.0045853904,0.050671563
-0.00029790355,-0.08233683
-0.0061999205,-0.014861076
-0.0036797924,-0.015146718
-0.01901001,-0.04126535
-0.046520647,-0.123751484
0.015866619,0.030800847
-0.00653998,-0.06366511
-0.0013321089,-0.002552394
0.016229127,0.008824273
0.019652981,0.026939105
0.033209648,0.04045613
-0.025568627,-0.047551803
-0.0010503675,0.018930607
-0.008366724,-0.0584887
0.010527613,0.054351386
-0.012271755,-0.037578866
0.0012243025,0.008322856
0.019468078,0.028421538
-0.013809185,-0.039895136
0.020892333,0.018564025
0.017233277,-0.003798525
-0.0038894769,-0.011603116
-0.008441696,-0.019766808
0.003581725,0.013927458
-0.002378281,0.01493273
0.009229512,0.07408727
-0.002188881,0.0021033997
-0.045039624,-0.06479498
0.013686896,0.021468021
-0.009074985,-0.025017917
-0.015681654,0.0055009644
-0.020683179,0.001845668
0.0006973492,0.047450088
0.0013374155,-0.007928881
0.0026655463,-0.030022098
-0.00204347,-0.0031448412
-0.0036428445,-0.034395922
-0.006183231,-0.023200613
-0.024650674,-0.067305245
-0.0586617,-0.16699764
-0.017627122,-0.015731832
0.017440509,0.020005528
-0.031948403,-0.10163018
-0.0021114638,0.0033031497
-0.03673728,-0.07600184
0.06847065,0.08112772
-0.0024895554,-5.3465683e-06
0.010583697,0.007246491
-0.014263753,-0.036137693
0.032183025,0.05462143
-0.003052997,0.0060244133
0.004359521,0.01186565
-0.00643018,-0.02130943
-0.014720258,-0.014146025
0.008490788,-0.022488842
0.011744795,-0.00783485
-0.008915227,-0.009025346
-0.017489092,-0.033780675
0.018058978,-0.0014008916
-0.0025233114,0.003267943
0.03537939,0.046573315
0.02060494,-0.0030129284
0.019326376,0.019081421
0.005928255,0.05028235
0.014243961,-0.0013988984
-0.023614787,-0.0001352272
-0.026657615,-0.03436315
-0.02417256,-0.044040736
-0.029170431,-0.032317493
-0.0027369503,0.045813728
0.0076210834,0.017341828
0.0071494523,0.011646994
0.026937835,0.017397437
0.0082367165,-0.018929092
0.038116403,0.07564984
0.007357672,0.042077202
0.018165994,-0.0074354825
-0.0057962984,-0.0030667086
-0.00930412,-0.020392958
-0.019539407,-0.0103581445
-0.0039044903,0.0057121124
-0.0110098515,-0.05783171
0.007338714,-0.002642043
0.046186868,0.076848045
0.015106364,0.038063053
0.0043576597,-0.0029057064
0.010283969,-0.005493372
-0.006324631,-0.014922035
-0.0030257842,-0.0010871683
0.0005381033,-0.012116251
-0.0022088625,-0.007397292
-0.004591288,-0.00859971
0.023751415,0.030020062
0.004229214,-0.015484904
0.00040716585,0.009546428
0.0062428173,0.027057871
0.0061002253,-0.02811304
0.01450688,0.034144793
0.005490719,-0.00082107505
0.008846485,0.019417604
-0.0030013295,0.0015436569
0.0062159505,-0.0055856328
-0.0026246323,-0.0086950855
-0.0019510863,-0.01001394
-0.008216311,-0.021700352
-0.009557668,-0.0065096915
-0.033483442,-0.10716791
-0.0027787117,0.014565305
0.011360166,0.017608427
-0.0030146227,-0.0053957403
0.0064536845,0.006023459
0.008010115,-0.007508218
0.008440661,0.008896998
-0.022374175,-0.0630825
-0.0014336943,-0.010102212
-0.007052928,-0.024348307
0.025774043,0.036655482
-0.010743657,-0.02364703
0.007758026,0.011959498
0.0137816295,0.004053614
-0.0012184423,-0.0089613935
0.0022757438,-0.0060306196
0.005313601,0.008455521
-0.00295333,-0.010224944
-0.017285904,-0.052165054
0.02122292,0.026376765
0.002030792,0.0013948813
0.055560157,0.10039624
0.014169969,0.013403613
0.017641822,0.008213002
0.02587641,0.025728982
-0.05135906,-0.10449743
-0.00036373176,0.0026306764
-0.009415078,-0.026289945
0.009320769,0.005134528
0.013052903,0.015548607
-0.0099381395,-0.035290457
0.0030328361,0.006204388
0.012841636,-0.03447283
0.008926878,-0.022158395
0.0005890429,0.049677186
-0.011298736,-0.0057749217
-0.0032442082,-0.019336171
0.00950063,-0.0059966445
0.0029946654,0.022108844
0.0008074697,-0.0077631213
0.013994233,0.017338606
-0.0030893944,0.0091626365
0.010708984,-0.008658458
0.008848771,-0.0057655587
0.0032061948,-0.013248299
0.017672598,0.029588146
0.011612935,0.03547007
0.004825087,-0.008868077
-0.001221058,-0.0098502925
0.0034580033,-0.021807484
-0.001850755,-0.0057579423
0.0022234586,0.0010839752
0.0058592116,-0.015926855
0.018927168,-0.0037636326
0.010234774,0.0049995487
-0.0052248416,0.011398838
-0.005151625,-0.010282291
0.01050119,-0.0056235623
-0.00024201116,0.010100688
0.010342697,0.014783006
-0.0032119183,-0.011442278
0.0027508745,-0.010583326
-0.0031891074,-0.0042996574
-0.00132671,0.0064099613
-0.0023210505,0.00208399
0.005391067,0.018881405
0.007921318,-0.012374413
0.015649352,0.038083974
0.020501232,0.033858407
0.00043097208,-0.023206217
0.015670866,0.01451491
0.012516668,0.010522902
0.0007387777,-0.008793615
-0.0005838382,-0.0066510905
-0.0015284941,-0.0003475344
0.0011844794,-0.016329942
0.005901382,0.0027740588
0.017389372,0.045500267
0.0064542154,0.007107568
0.011102281,-0.018661385
-0.004887254,-0.015155708
-0.050957985,-0.104539946
-0.09654252,-0.15256777
0.061099946,0.10021157
-0.036397096,-0.030623544
-0.010431064,-0.015243022
-0.014058219,-0.029102955
0.015699666,0.017579576
0.02469604,0.01677305
-0.0035348944,-0.01417106
0.0032491824,0.0017868219
0.0006798869,0.000472554
0.006546021,1.3771989e-05
-0.0040268716,-0.025497949
-0.0054657767,-0.031126427
0.021981787,0.027847763
0.019673485,0.022917204
-0.0019111335,-0.00025058686
0.013558211,-0.0046381406
0.0061757895,-0.0038549853
-0.003007383,-0.0018116393
0.0025790671,-0.013226836
0.014277278,0.014063432
0.021552946,0.042921923
0.010798456,-0.010911912
0.021697626,0.006772531
-0.0037631206,-0.012216314
0.0040640053,0.012974243
0.0010028882,-0.008179771
0.0040456844,0.0072006704
0.01547825,-0.014875177
0.026883205,0.022752102
-0.0024775201,-0.0055623204
0.0035183744,-6.247072e-05
0.003036581,-0.002480963
0.005324741,0.00727692
0.008813564,0.032295365
0.00048762816,0.00159931
-0.0060833087,-0.02541755
-0.010539912,-0.042622093
-0.004801535,0.008644524
-0.008660308,-0.00228616
-0.0026552388,-0.018044868
0.01868411,0.027401606
0.000116660725,-0.004204604
-0.00374476,-0.0001925929
-0.0011962284,-0.0025553638
-0.002346828,0.0034282736
-0.0027336488,-0.00023820676
0.0046115224,0.00517193
-0.0010114028,-0.012670816
0.003730331,-0.009565935
0.0010882112,0.0051933797
0.0003060517,-0.0015637343
0.00020337617,-0.0039264145
0.0009151328,0.004484441
0.0051373467,0.0033716247
0.005099947,0.00013853883
0.014273133,0.010450635
0.0023080492,-0.0010990966
0.0031779604,0.0070332563
0.0011243576,-0.00041777035
0.005471927,0.010816216
0.007139124,0.002940005
0.008917829,0.015159631
0.015664022,0.028410295
0.02114803,0.04911903
0.0399027,0.05589305
0.047090437,0.05014683
0.02128612,-0.003988872
0.021976616,0.014939474
0.0030271842,-0.0024026216
-0.0033513075,-0.021876743
0.017499605,0.018880986
0.054010816,0.072993696
0.0062855044,0.0051193973
0.008156233,-0.0033267834
0.016756564,0.009142992
0.011413133,-0.012450836
0.0031290092,0.018736118
-0.0023601889,-0.0022265841
0.012035748,0.0027996835
0.008766036,-0.0022370345
0.016343478,0.030781925
-0.0091321245,-0.03935146
0.009297736,0.0130130965
0.021097153,0.025932254
0.005039571,-0.010322486
0.007397717,-0.0024313303
0.0034375028,-0.004493713
-0.007824295,-0.017031632
-0.014626268,-0.007457673
0.01269018,0.020779401
0.0032311636,-0.012010501
-0.022956427,-0.0521417
-0.0024147974,-0.007883686
-0.0009428533,0.010916288
-0.0005297526,-0.0036204886
0.002162873,-0.00043941906
0.015963573,0.019369861
0.037755404,0.09138049
-0.00674271,-0.033711392
0.023568641,0.043770786
0.009526938,0.0025194152
0.012871607,-0.0147308465
0.013397461,0.023230284
-0.008888104,-0.015825264
-0.0026980164,-0.011101317
-0.0025747893,-0.010058184
-0.0019392576,-0.03204103
0.0032855351,-0.0012178924
0.01975063,0.01703161
0.00024285447,-0.0026679754
0.0012321309,-0.015033201
0.015113996,0.020842934
-0.004108707,-0.006949915
-0.023038037,-0.0485031
-0.0020756894,-0.00034764395
0.0076162773,0.0037372068
-0.0039721862,-0.0009027606
0.008262057,-0.009506895
-0.010155823,-0.022437472
-0.026062196,-0.063881695
-0.0039687334,-0.010442692
0.014240865,0.015024507
0.03923923,0.07264804
0.0616499,0.09185994
0.038351417,0.02283353
0.027165756,-0.015718497
0.029253833,0.02894097
0.05986943,0.091538236
0.005314935,-0.017960574
0.034163456,0.038830426
0.0056431675,-0.009188808
0.013841685,0.0139179155
0.006272006,-0.030875102
0.02123433,0.037610482
-0.013300593,-0.030170605
0.0055061686,0.00030882732
0.015396377,0.018224964
0.0044412077,-0.030610293
0.01626243,0.005007183
0.02929217,0.03911797
0.020460675,-0.011354726
0.012713896,0.0154649895
0.0048592244,-0.00044379564
0.006923595,-0.009920151
-0.0049169715,-0.013287942
-0.0005115159,0.013060739
-0.0002980791,0.00016117729
-0.012903226,-0.0048462986
-0.0012817183,-0.004558094
0.004110527,0.001147826
0.011632035,0.013699657
0.015661739,0.045334026
0.0084882695,0.01882078
-0.003607108,-0.0103964275
0.0023554396,0.016122308
-0.00029066717,0.0030601216
-0.0021267151,-0.00565618
-0.0060179783,0.0003155129
-0.021633863,-0.029277429
-0.0019294356,0.03176109
-0.02210785,-0.053510137
-0.008010548,-0.019406034
-0.012231377,-0.03534405
-0.0060277088,0.02011735
-0.006322639,-0.008166817
-0.0020532645,-0.0028917547
0.011225393,0.028306339
-0.0024341028,0.004037661
-0.0022008237,0.036539406
0.0006551194,-0.0054800324
0.0012539837,-0.0027757797
-0.0012800863,9.441763e-05
-0.0037973044,-0.04066599
0.01515088,0.021206995
0.023550395,0.012351096
0.0013907894,-0.0064979824
-0.006640967,0.022880904
-0.007335203,-0.022532815
-0.00689438,-0.014599157
0.0037170125,-0.02714338
0.007814016,-0.0014655393
-0.0023085221,-0.001069042
-0.0021101884,-0.023096515
-0.0020928439,-0.006458292
-0.004506505,-0.00073660235
-0.005896922,0.005302017
-0.006620514,0.009043002
-0.0048173154,-0.0047346773
-0.0028571207,0.013658322
-0.005567535,-0.021552134
0.0011758651,0.002196586
0.008341442,0.008231203
-0.00526686,-0.013171912
-0.0028912039,0.0037871532
-0.00173331,0.013699037
-0.011770068,-0.033266295
-0.009087427,0.005483814
0.0007793554,0.008730077
-0.0056917206,0.0055395765
-0.0021878807,0.044098407
-0.001604124,-0.011777618
-0.009500367,-0.0015154033
0.00069093774,-0.01763281
-0.007800302,-0.014526722
-0.0046415413,0.015710864
-0.004096732,0.028745139
-0.004779517,-0.0043541244
-0.0026869779,-0.011388795
0.007249853,-0.0358204
0.005662619,0.003942525
