date,long_short_ratio
2026-09-06,1.0475
2026-09-07,1.0602
2026-09-08,1.1608
2026-09-09,1.2952
2026-09-10,1.2707
2026-09-11,1.6008
2026-09-12,1.5471
2026-09-13,1.6539
2026-09-14,1.6631
2026-09-15,1.1631
2026-09-16,1.8177
2026-09-17,1.5253
2026-09-18,1.445
2026-09-19,0.9015
2026-09-20,0.9421
2026-09-21,0.9608
2026-09-22,0.8925
2026-09-23,0.9037
2026-09-24,1.1608
2026-09-25,1.2193
2026-09-26,1.3004
2026-09-27,1.2883
2026-09-28,1.1678
2026-09-29,1.3607
2026-09-30,1.3832
2026-10-01,1.3474
2026-10-02,1.0392
2026-10-03,1.1882
2026-10-04,1.2188
2026-10-05,1.0153
