date,mvrv-data
2022-10-05 00:00:00+00:00,0.948163366006
2022-10-06 00:00:00+00:00,0.938866609583
2022-10-07 00:00:00+00:00,0.919983246052
2022-10-08 00:00:00+00:00,0.914595870208
2022-10-09 00:00:00+00:00,0.915262738221
2022-10-10 00:00:00+00:00,0.902773565181
2022-10-11 00:00:00+00:00,0.897697758664
2022-10-12 00:00:00+00:00,0.904197086018
2022-10-13 00:00:00+00:00,0.915299590894
2022-10-14 00:00:00+00:00,0.905697877908
2022-10-15 00:00:00+00:00,0.900728724487
2022-10-16 00:00:00+00:00,0.909910910294
2022-10-17 00:00:00+00:00,0.924678135264
2022-10-18 00:00:00+00:00,0.91398573907
2022-10-19 00:00:00+00:00,0.904610705933
2022-10-20 00:00:00+00:00,0.900242542303
2022-10-21 00:00:00+00:00,0.907143363442
2022-10-22 00:00:00+00:00,0.909318069409
2022-10-23 00:00:00+00:00,0.926261633178
2022-10-24 00:00:00+00:00,0.915784798173
2022-10-25 00:00:00+00:00,0.951195313284
2022-10-26 00:00:00+00:00,0.983939477562
2022-10-27 00:00:00+00:00,0.959624512348
2022-10-28 00:00:00+00:00,0.975004031923
2022-10-29 00:00:00+00:00,0.98443454901
2022-10-30 00:00:00+00:00,0.975832100659
2022-10-31 00:00:00+00:00,0.97009674747
2022-11-01 00:00:00+00:00,0.970049689813
2022-11-02 00:00:00+00:00,0.954490976446
2022-11-03 00:00:00+00:00,0.956986021054
2022-11-04 00:00:00+00:00,1.000981821699
2022-11-05 00:00:00+00:00,1.007111287598
2022-11-06 00:00:00+00:00,0.991409279364
2022-11-07 00:00:00+00:00,0.976088727485
2022-11-08 00:00:00+00:00,0.880744871078
2022-11-09 00:00:00+00:00,0.753958696179
2022-11-10 00:00:00+00:00,0.839903712816
2022-11-11 00:00:00+00:00,0.811340136624
2022-11-12 00:00:00+00:00,0.806378353685
2022-11-13 00:00:00+00:00,0.785273663056
2022-11-14 00:00:00+00:00,0.801361740695
2022-11-15 00:00:00+00:00,0.81368542899
2022-11-16 00:00:00+00:00,0.806089820633
2022-11-17 00:00:00+00:00,0.81024033294
2022-11-18 00:00:00+00:00,0.818509642211
2022-11-19 00:00:00+00:00,0.820610369081
2022-11-20 00:00:00+00:00,0.799184425512
2022-11-21 00:00:00+00:00,0.777592696604
2022-11-22 00:00:00+00:00,0.79805211183
2022-11-23 00:00:00+00:00,0.817451445016
2022-11-24 00:00:00+00:00,0.81837142484
2022-11-25 00:00:00+00:00,0.816011276502
2022-11-26 00:00:00+00:00,0.812740435671
2022-11-27 00:00:00+00:00,0.812332752733
2022-11-28 00:00:00+00:00,0.802349876662
2022-11-29 00:00:00+00:00,0.814147810046
2022-11-30 00:00:00+00:00,0.850801464317
2022-12-01 00:00:00+00:00,0.840529289057
2022-12-02 00:00:00+00:00,0.84670015577
2022-12-03 00:00:00+00:00,0.838232388894
2022-12-04 00:00:00+00:00,0.84968361727
2022-12-05 00:00:00+00:00,0.84468600446
2022-12-06 00:00:00+00:00,0.850384196971
2022-12-07 00:00:00+00:00,0.839503933452
2022-12-08 00:00:00+00:00,0.858945882155
2022-12-09 00:00:00+00:00,0.854978591377
2022-12-10 00:00:00+00:00,0.854415449082
2022-12-11 00:00:00+00:00,0.853211507586
2022-12-12 00:00:00+00:00,0.858539391858
2022-12-13 00:00:00+00:00,0.887729303381
2022-12-14 00:00:00+00:00,0.890254354657
2022-12-15 00:00:00+00:00,0.86728278142
2022-12-16 00:00:00+00:00,0.830992951979
2022-12-17 00:00:00+00:00,0.839657772493
2022-12-18 00:00:00+00:00,0.839875774864
2022-12-19 00:00:00+00:00,0.823536056851
2022-12-20 00:00:00+00:00,0.847633081501
2022-12-21 00:00:00+00:00,0.843195618816
2022-12-22 00:00:00+00:00,0.844194325117
2022-12-23 00:00:00+00:00,0.842886604017
2022-12-24 00:00:00+00:00,0.84590101132
2022-12-25 00:00:00+00:00,0.845706555551
2022-12-26 00:00:00+00:00,0.848591013908
2022-12-27 00:00:00+00:00,0.8399359586
2022-12-28 00:00:00+00:00,0.83299277844
2022-12-29 00:00:00+00:00,0.838526883526
2022-12-30 00:00:00+00:00,0.836965256607
2022-12-31 00:00:00+00:00,0.835246001939
2023-01-01 00:00:00+00:00,0.839542831106
2023-01-02 00:00:00+00:00,0.843780085391
2023-01-03 00:00:00+00:00,0.843211245785
2023-01-04 00:00:00+00:00,0.852695347503
2023-01-05 00:00:00+00:00,0.851818124476
2023-01-06 00:00:00+00:00,0.858998530318
2023-01-07 00:00:00+00:00,0.858446501208
2023-01-08 00:00:00+00:00,0.864443193289
2023-01-09 00:00:00+00:00,0.870777665108
2023-01-10 00:00:00+00:00,0.883951640903
2023-01-11 00:00:00+00:00,0.904886150128
2023-01-12 00:00:00+00:00,0.956915395927
2023-01-13 00:00:00+00:00,1.006737285894
2023-01-14 00:00:00+00:00,1.063923229924
2023-01-15 00:00:00+00:00,1.056945343653
2023-01-16 00:00:00+00:00,1.071886746547
2023-01-17 00:00:00+00:00,1.071274656024
2023-01-18 00:00:00+00:00,1.047738862359
2023-01-19 00:00:00+00:00,1.066296173366
2023-01-20 00:00:00+00:00,1.145445917644
2023-01-21 00:00:00+00:00,1.152147571819
2023-01-22 00:00:00+00:00,1.147415859687
2023-01-23 00:00:00+00:00,1.157946337765
2023-01-24 00:00:00+00:00,1.14168583391
2023-01-25 00:00:00+00:00,1.166238508234
2023-01-26 00:00:00+00:00,1.161820741319
2023-01-27 00:00:00+00:00,1.165635900125
2023-01-28 00:00:00+00:00,1.162375118008
2023-01-29 00:00:00+00:00,1.200618353218
2023-01-30 00:00:00+00:00,1.15137768201
2023-01-31 00:00:00+00:00,1.167609671158
2023-02-01 00:00:00+00:00,1.196241930423
2023-02-02 00:00:00+00:00,1.184795889398
2023-02-03 00:00:00+00:00,1.181415746292
2023-02-04 00:00:00+00:00,1.176437733184
2023-02-05 00:00:00+00:00,1.156408398602
2023-02-06 00:00:00+00:00,1.145679319019
2023-02-07 00:00:00+00:00,1.171652534251
2023-02-08 00:00:00+00:00,1.154986688723
2023-02-09 00:00:00+00:00,1.099040577212
2023-02-10 00:00:00+00:00,1.089446116412
2023-02-11 00:00:00+00:00,1.101770368949
2023-02-12 00:00:00+00:00,1.097210551986
2023-02-13 00:00:00+00:00,1.09866674955
2023-02-14 00:00:00+00:00,1.119923157609
2023-02-15 00:00:00+00:00,1.22364317031
2023-02-16 00:00:00+00:00,1.195012046683
2023-02-17 00:00:00+00:00,1.237767811543
2023-02-18 00:00:00+00:00,1.239058645614
2023-02-19 00:00:00+00:00,1.225347760367
2023-02-20 00:00:00+00:00,1.246658143379
2023-02-21 00:00:00+00:00,1.226544841574
2023-02-22 00:00:00+00:00,1.214898364016
2023-02-23 00:00:00+00:00,1.20196788302
2023-02-24 00:00:00+00:00,1.165447448567
2023-02-25 00:00:00+00:00,1.164771417267
2023-02-26 00:00:00+00:00,1.183865293006
2023-02-27 00:00:00+00:00,1.181751158136
2023-02-28 00:00:00+00:00,1.165088210397
2023-03-01 00:00:00+00:00,1.188892073095
2023-03-02 00:00:00+00:00,1.181929202448
2023-03-03 00:00:00+00:00,1.126016843463
2023-03-04 00:00:00+00:00,1.125231451633
2023-03-05 00:00:00+00:00,1.130220819242
2023-03-06 00:00:00+00:00,1.130223291427
2023-03-07 00:00:00+00:00,1.122035533533
2023-03-08 00:00:00+00:00,1.098460296734
2023-03-09 00:00:00+00:00,1.031092147146
2023-03-10 00:00:00+00:00,1.026171253096
2023-03-11 00:00:00+00:00,1.043781214381
2023-03-12 00:00:00+00:00,1.118453254664
2023-03-13 00:00:00+00:00,1.222477139001
2023-03-14 00:00:00+00:00,1.252017069531
2023-03-15 00:00:00+00:00,1.233259096934
2023-03-16 00:00:00+00:00,1.264318230866
2023-03-17 00:00:00+00:00,1.381709504388
2023-03-18 00:00:00+00:00,1.357927080335
2023-03-19 00:00:00+00:00,1.41718434858
2023-03-20 00:00:00+00:00,1.398348824456
2023-03-21 00:00:00+00:00,1.413889214116
2023-03-22 00:00:00+00:00,1.371700451034
2023-03-23 00:00:00+00:00,1.421886913625
2023-03-24 00:00:00+00:00,1.375231386162
2023-03-25 00:00:00+00:00,1.376280144651
2023-03-26 00:00:00+00:00,1.403671575252
2023-03-27 00:00:00+00:00,1.357098415255
2023-03-28 00:00:00+00:00,1.363066939643
2023-03-29 00:00:00+00:00,1.417071461284
2023-03-30 00:00:00+00:00,1.420441511641
2023-03-31 00:00:00+00:00,1.443820674085
2023-04-01 00:00:00+00:00,1.442211549223
2023-04-02 00:00:00+00:00,1.425206305097
2023-04-03 00:00:00+00:00,1.409099995135
2023-04-04 00:00:00+00:00,1.4219430768
2023-04-05 00:00:00+00:00,1.424960408187
2023-04-06 00:00:00+00:00,1.41726242259
2023-04-07 00:00:00+00:00,1.411891341659
2023-04-08 00:00:00+00:00,1.413111240664
2023-04-09 00:00:00+00:00,1.432780320048
2023-04-10 00:00:00+00:00,1.498410626119
2023-04-11 00:00:00+00:00,1.524007596955
2023-04-12 00:00:00+00:00,1.506773205338
2023-04-13 00:00:00+00:00,1.528589539867
2023-04-14 00:00:00+00:00,1.531450017782
2023-04-15 00:00:00+00:00,1.525286478334
2023-04-16 00:00:00+00:00,1.523487449103
2023-04-17 00:00:00+00:00,1.481199761253
2023-04-18 00:00:00+00:00,1.524898878521
2023-04-19 00:00:00+00:00,1.445557031038
2023-04-20 00:00:00+00:00,1.418296444501
2023-04-21 00:00:00+00:00,1.370138666353
2023-04-22 00:00:00+00:00,1.396814023725
2023-04-23 00:00:00+00:00,1.385375480736
2023-04-24 00:00:00+00:00,1.381178300296
2023-04-25 00:00:00+00:00,1.420027669157
2023-04-26 00:00:00+00:00,1.423548393886
2023-04-27 00:00:00+00:00,1.477024680925
2023-04-28 00:00:00+00:00,1.470212541775
2023-04-29 00:00:00+00:00,1.463534273428
2023-04-30 00:00:00+00:00,1.470402257877
2023-05-01 00:00:00+00:00,1.408272273073
2023-05-02 00:00:00+00:00,1.436592482997
2023-05-03 00:00:00+00:00,1.45181633614
2023-05-04 00:00:00+00:00,1.442232154866
2023-05-05 00:00:00+00:00,1.476466635695
2023-05-06 00:00:00+00:00,1.443843173393
2023-05-07 00:00:00+00:00,1.429877064919
2023-05-08 00:00:00+00:00,1.378067479397
2023-05-09 00:00:00+00:00,1.374090435543
2023-05-10 00:00:00+00:00,1.374436923429
2023-05-11 00:00:00+00:00,1.341912915639
2023-05-12 00:00:00+00:00,1.331264514159
2023-05-13 00:00:00+00:00,1.334669775407
2023-05-14 00:00:00+00:00,1.338338944895
2023-05-15 00:00:00+00:00,1.352469393563
2023-05-16 00:00:00+00:00,1.341803499909
2023-05-17 00:00:00+00:00,1.360182926857
2023-05-18 00:00:00+00:00,1.332798511609
2023-05-19 00:00:00+00:00,1.335285312277
2023-05-20 00:00:00+00:00,1.345668504663
2023-05-21 00:00:00+00:00,1.329584607553
2023-05-22 00:00:00+00:00,1.331796174941
2023-05-23 00:00:00+00:00,1.349756710174
2023-05-24 00:00:00+00:00,1.306148991112
2023-05-25 00:00:00+00:00,1.312302574122
2023-05-26 00:00:00+00:00,1.323951129649
2023-05-27 00:00:00+00:00,1.330559181986
2023-05-28 00:00:00+00:00,1.391560954233
2023-05-29 00:00:00+00:00,1.374801000798
2023-05-30 00:00:00+00:00,1.371662586882
2023-05-31 00:00:00+00:00,1.347122513076
2023-06-01 00:00:00+00:00,1.32755818548
2023-06-02 00:00:00+00:00,1.348499664123
2023-06-03 00:00:00+00:00,1.339845350422
2023-06-04 00:00:00+00:00,1.343716524322
2023-06-05 00:00:00+00:00,1.276417765634
2023-06-06 00:00:00+00:00,1.3462357416
2023-06-07 00:00:00+00:00,1.303228127244
2023-06-08 00:00:00+00:00,1.312170481703
2023-06-09 00:00:00+00:00,1.309627647538
2023-06-10 00:00:00+00:00,1.279906228962
2023-06-11 00:00:00+00:00,1.282204028842
2023-06-12 00:00:00+00:00,1.282415132209
2023-06-13 00:00:00+00:00,1.281288526881
2023-06-14 00:00:00+00:00,1.242758133707
2023-06-15 00:00:00+00:00,1.265794710232
2023-06-16 00:00:00+00:00,1.303742036635
2023-06-17 00:00:00+00:00,1.312806147734
2023-06-18 00:00:00+00:00,1.304485514887
2023-06-19 00:00:00+00:00,1.326002267293
2023-06-20 00:00:00+00:00,1.401058308786
2023-06-21 00:00:00+00:00,1.487688159529
2023-06-22 00:00:00+00:00,1.479224774259
2023-06-23 00:00:00+00:00,1.511461032551
2023-06-24 00:00:00+00:00,1.506266238891
2023-06-25 00:00:00+00:00,1.501725462895
2023-06-26 00:00:00+00:00,1.490477217783
2023-06-27 00:00:00+00:00,1.508993136561
2023-06-28 00:00:00+00:00,1.480047953676
2023-06-29 00:00:00+00:00,1.4974352167
2023-06-30 00:00:00+00:00,1.497404119431
2023-07-01 00:00:00+00:00,1.500071404388
2023-07-02 00:00:00+00:00,1.500295120753
2023-07-03 00:00:00+00:00,1.525922363387
2023-07-04 00:00:00+00:00,1.509148391226
2023-07-05 00:00:00+00:00,1.494037535141
2023-07-06 00:00:00+00:00,1.470491737414
2023-07-07 00:00:00+00:00,1.487208780434
2023-07-08 00:00:00+00:00,1.483788128844
2023-07-09 00:00:00+00:00,1.478660537861
2023-07-10 00:00:00+00:00,1.489525354536
2023-07-11 00:00:00+00:00,1.499536522954
2023-07-12 00:00:00+00:00,1.487755265888
2023-07-13 00:00:00+00:00,1.538500113181
2023-07-14 00:00:00+00:00,1.483457241083
2023-07-15 00:00:00+00:00,1.482403144167
2023-07-16 00:00:00+00:00,1.480253300626
2023-07-17 00:00:00+00:00,1.475399676867
2023-07-18 00:00:00+00:00,1.45985580542
2023-07-19 00:00:00+00:00,1.463037215762
2023-07-20 00:00:00+00:00,1.457534391178
2023-07-21 00:00:00+00:00,1.463442609814
2023-07-22 00:00:00+00:00,1.453936935337
2023-07-23 00:00:00+00:00,1.470319604139
2023-07-24 00:00:00+00:00,1.427138509577
2023-07-25 00:00:00+00:00,1.42923855151
2023-07-26 00:00:00+00:00,1.436080716187
2023-07-27 00:00:00+00:00,1.429632064392
2023-07-28 00:00:00+00:00,1.440164978549
2023-07-29 00:00:00+00:00,1.442211649973
2023-07-30 00:00:00+00:00,1.437384415792
2023-07-31 00:00:00+00:00,1.435482408871
2023-08-01 00:00:00+00:00,1.449024030947
2023-08-02 00:00:00+00:00,1.432048628755
2023-08-03 00:00:00+00:00,1.434367776395
2023-08-04 00:00:00+00:00,1.427652983063
2023-08-05 00:00:00+00:00,1.427408392655
2023-08-06 00:00:00+00:00,1.427044043698
2023-08-07 00:00:00+00:00,1.432710437146
2023-08-08 00:00:00+00:00,1.46267267691
2023-08-09 00:00:00+00:00,1.452750656477
2023-08-10 00:00:00+00:00,1.445222004734
2023-08-11 00:00:00+00:00,1.443460117805
2023-08-12 00:00:00+00:00,1.444002195989
2023-08-13 00:00:00+00:00,1.437480909277
2023-08-14 00:00:00+00:00,1.443311936754
2023-08-15 00:00:00+00:00,1.43140313407
2023-08-16 00:00:00+00:00,1.411251226179
2023-08-17 00:00:00+00:00,1.309597789983
2023-08-18 00:00:00+00:00,1.279955274829
2023-08-19 00:00:00+00:00,1.282875825078
2023-08-20 00:00:00+00:00,1.287026193244
2023-08-21 00:00:00+00:00,1.285209423972
2023-08-22 00:00:00+00:00,1.278234400958
2023-08-23 00:00:00+00:00,1.301640510691
2023-08-24 00:00:00+00:00,1.286264498958
2023-08-25 00:00:00+00:00,1.282530939849
2023-08-26 00:00:00+00:00,1.280910484603
2023-08-27 00:00:00+00:00,1.284719699038
2023-08-28 00:00:00+00:00,1.285785965076
2023-08-29 00:00:00+00:00,1.3631929159
2023-08-30 00:00:00+00:00,1.344866297954
2023-08-31 00:00:00+00:00,1.279294333561
2023-09-01 00:00:00+00:00,1.272142442172
2023-09-02 00:00:00+00:00,1.275429178013
2023-09-03 00:00:00+00:00,1.280178738226
2023-09-04 00:00:00+00:00,1.272295663234
2023-09-05 00:00:00+00:00,1.271797475869
2023-09-06 00:00:00+00:00,1.270666304167
2023-09-07 00:00:00+00:00,1.293153415402
2023-09-08 00:00:00+00:00,1.278230950625
2023-09-09 00:00:00+00:00,1.277871761676
2023-09-10 00:00:00+00:00,1.274805713565
2023-09-11 00:00:00+00:00,1.240998802155
2023-09-12 00:00:00+00:00,1.276849786407
2023-09-13 00:00:00+00:00,1.294929881704
2023-09-14 00:00:00+00:00,1.31072461763
2023-09-15 00:00:00+00:00,1.316247721823
2023-09-16 00:00:00+00:00,1.31045230781
2023-09-17 00:00:00+00:00,1.30778359727
2023-09-18 00:00:00+00:00,1.320321096515
2023-09-19 00:00:00+00:00,1.341491282124
2023-09-20 00:00:00+00:00,1.337531751739
2023-09-21 00:00:00+00:00,1.310046276386
2023-09-22 00:00:00+00:00,1.310529519075
2023-09-23 00:00:00+00:00,1.310250960634
2023-09-24 00:00:00+00:00,1.296058458113
2023-09-25 00:00:00+00:00,1.296187807462
2023-09-26 00:00:00+00:00,1.291644411828
2023-09-27 00:00:00+00:00,1.298711354638
2023-09-28 00:00:00+00:00,1.332826815107
2023-09-29 00:00:00+00:00,1.326653306014
2023-09-30 00:00:00+00:00,1.329742814001
2023-10-01 00:00:00+00:00,1.377331393995
2023-10-02 00:00:00+00:00,1.35843524556
2023-10-03 00:00:00+00:00,1.351957092666
2023-10-04 00:00:00+00:00,1.369035570095
2023-10-05 00:00:00+00:00,1.350981968888
2023-10-06 00:00:00+00:00,1.37581058469
2023-10-07 00:00:00+00:00,1.376921632645
2023-10-08 00:00:00+00:00,1.375035048808
2023-10-09 00:00:00+00:00,1.357643501831
2023-10-10 00:00:00+00:00,1.349224905545
2023-10-11 00:00:00+00:00,1.320267435058
2023-10-12 00:00:00+00:00,1.316151935393
2023-10-13 00:00:00+00:00,1.321220609655
2023-10-14 00:00:00+00:00,1.321559699731
2023-10-15 00:00:00+00:00,1.334644980263
2023-10-16 00:00:00+00:00,1.401484702482
2023-10-17 00:00:00+00:00,1.397569787083
2023-10-18 00:00:00+00:00,1.392147247637
2023-10-19 00:00:00+00:00,1.410163206398
2023-10-20 00:00:00+00:00,1.458847579295
2023-10-21 00:00:00+00:00,1.469157536053
2023-10-22 00:00:00+00:00,1.471860430263
2023-10-23 00:00:00+00:00,1.613500605985
2023-10-24 00:00:00+00:00,1.654397557736
2023-10-25 00:00:00+00:00,1.681601781377
2023-10-26 00:00:00+00:00,1.663662918099
2023-10-27 00:00:00+00:00,1.648793504518
2023-10-28 00:00:00+00:00,1.65738945553
2023-10-29 00:00:00+00:00,1.679987904494
2023-10-30 00:00:00+00:00,1.674700476949
2023-10-31 00:00:00+00:00,1.679986208289
2023-11-01 00:00:00+00:00,1.715331297044
2023-11-02 00:00:00+00:00,1.687432786238
2023-11-03 00:00:00+00:00,1.677473281454
2023-11-04 00:00:00+00:00,1.695198047921
2023-11-05 00:00:00+00:00,1.69531363252
2023-11-06 00:00:00+00:00,1.690062847822
2023-11-07 00:00:00+00:00,1.707693280842
2023-11-08 00:00:00+00:00,1.724477503
2023-11-09 00:00:00+00:00,1.762200964364
2023-11-10 00:00:00+00:00,1.792853668717
2023-11-11 00:00:00+00:00,1.773581111946
2023-11-12 00:00:00+00:00,1.776498366314
2023-11-13 00:00:00+00:00,1.751221714879
2023-11-14 00:00:00+00:00,1.705402061503
2023-11-15 00:00:00+00:00,1.810152914492
2023-11-16 00:00:00+00:00,1.729237075753
2023-11-17 00:00:00+00:00,1.747806543208
2023-11-18 00:00:00+00:00,1.74769689693
2023-11-19 00:00:00+00:00,1.78814575059
2023-11-20 00:00:00+00:00,1.789732455017
2023-11-21 00:00:00+00:00,1.717720966087
2023-11-22 00:00:00+00:00,1.780655097435
2023-11-23 00:00:00+00:00,1.775570834214
2023-11-24 00:00:00+00:00,1.793664605571
2023-11-25 00:00:00+00:00,1.796938311512
2023-11-26 00:00:00+00:00,1.781247130023
2023-11-27 00:00:00+00:00,1.768699884325
2023-11-28 00:00:00+00:00,1.795694998493
2023-11-29 00:00:00+00:00,1.794443185541
2023-11-30 00:00:00+00:00,1.787790724759
2023-12-01 00:00:00+00:00,1.831958430263
2023-12-02 00:00:00+00:00,1.866562636124
2023-12-03 00:00:00+00:00,1.88957149278
2023-12-04 00:00:00+00:00,1.974157660867
2023-12-05 00:00:00+00:00,2.070210110876
2023-12-06 00:00:00+00:00,2.049004981703
2023-12-07 00:00:00+00:00,2.024192806038
2023-12-08 00:00:00+00:00,2.063554127808
2023-12-09 00:00:00+00:00,2.040603828859
2023-12-10 00:00:00+00:00,2.039126541822
2023-12-11 00:00:00+00:00,1.920421604102
2023-12-12 00:00:00+00:00,1.928403638971
2023-12-13 00:00:00+00:00,1.994507456072
2023-12-14 00:00:00+00:00,1.997076014934
2023-12-15 00:00:00+00:00,1.945584187067
2023-12-16 00:00:00+00:00,1.954587603816
2023-12-17 00:00:00+00:00,1.918432937883
2023-12-18 00:00:00+00:00,1.970997560336
2023-12-19 00:00:00+00:00,1.952266717846
2023-12-20 00:00:00+00:00,2.010355157868
2023-12-21 00:00:00+00:00,2.02055347695
2023-12-22 00:00:00+00:00,2.024349186253
2023-12-23 00:00:00+00:00,2.012046953684
2023-12-24 00:00:00+00:00,1.978993772604
2023-12-25 00:00:00+00:00,2.002168071468
2023-12-26 00:00:00+00:00,1.947666354666
2023-12-27 00:00:00+00:00,1.98454282113
2023-12-28 00:00:00+00:00,1.948191066046
2023-12-29 00:00:00+00:00,1.915289168243
2023-12-30 00:00:00+00:00,1.923525954915
2023-12-31 00:00:00+00:00,1.923147103068
2024-01-01 00:00:00+00:00,2.005011405976
2024-01-02 00:00:00+00:00,2.041843744783
2024-01-03 00:00:00+00:00,1.941607815328
2024-01-04 00:00:00+00:00,1.991280476371
2024-01-05 00:00:00+00:00,1.983754393826
2024-01-06 00:00:00+00:00,1.972626827535
2024-01-07 00:00:00+00:00,1.968589392178
2024-01-08 00:00:00+00:00,2.105199604079
2024-01-09 00:00:00+00:00,2.061111820714
2024-01-10 00:00:00+00:00,2.090437479903
2024-01-11 00:00:00+00:00,2.06755309096
2024-01-12 00:00:00+00:00,1.910157143573
2024-01-13 00:00:00+00:00,1.911017344621
2024-01-14 00:00:00+00:00,1.868072683047
2024-01-15 00:00:00+00:00,1.895817002527
2024-01-16 00:00:00+00:00,1.915131498731
2024-01-17 00:00:00+00:00,1.892920670298
2024-01-18 00:00:00+00:00,1.826405496575
2024-01-19 00:00:00+00:00,1.840326498572
2024-01-20 00:00:00+00:00,1.842828285649
2024-01-21 00:00:00+00:00,1.836787376079
2024-01-22 00:00:00+00:00,1.750703117876
2024-01-23 00:00:00+00:00,1.75685238167
2024-01-24 00:00:00+00:00,1.769398537471
2024-01-25 00:00:00+00:00,1.759912897525
2024-01-26 00:00:00+00:00,1.843658004535
2024-01-27 00:00:00+00:00,1.854538165179
2024-01-28 00:00:00+00:00,1.847823938144
2024-01-29 00:00:00+00:00,1.900281404617
2024-01-30 00:00:00+00:00,1.884454643724
2024-01-31 00:00:00+00:00,1.865776569305
2024-02-01 00:00:00+00:00,1.883692689819
2024-02-02 00:00:00+00:00,1.888479126867
2024-02-03 00:00:00+00:00,1.880647419447
2024-02-04 00:00:00+00:00,1.862423695961
2024-02-05 00:00:00+00:00,1.863325630825
2024-02-06 00:00:00+00:00,1.881777313878
2024-02-07 00:00:00+00:00,1.929905898886
2024-02-08 00:00:00+00:00,1.974244701407
2024-02-09 00:00:00+00:00,2.050894304805
2024-02-10 00:00:00+00:00,2.075743628106
2024-02-11 00:00:00+00:00,2.091679256465
2024-02-12 00:00:00+00:00,2.163451148703
2024-02-13 00:00:00+00:00,2.144571750971
2024-02-14 00:00:00+00:00,2.227481564237
2024-02-15 00:00:00+00:00,2.227672856945
2024-02-16 00:00:00+00:00,2.233361065632
2024-02-17 00:00:00+00:00,2.211108586549
2024-02-18 00:00:00+00:00,2.229209056718
2024-02-19 00:00:00+00:00,2.207720044105
2024-02-20 00:00:00+00:00,2.226411177484
2024-02-21 00:00:00+00:00,2.199223255693
2024-02-22 00:00:00+00:00,2.176256754311
2024-02-23 00:00:00+00:00,2.151044247173
2024-02-24 00:00:00+00:00,2.182874558495
2024-02-25 00:00:00+00:00,2.188723304731
2024-02-26 00:00:00+00:00,2.30035580813
2024-02-27 00:00:00+00:00,2.39296751458
2024-02-28 00:00:00+00:00,2.578804516452
2024-02-29 00:00:00+00:00,2.523625575021
2024-03-01 00:00:00+00:00,2.552193764104
2024-03-02 00:00:00+00:00,2.530515094253
2024-03-03 00:00:00+00:00,2.564912446775
2024-03-04 00:00:00+00:00,2.751198902437
2024-03-05 00:00:00+00:00,2.565781926711
2024-03-06 00:00:00+00:00,2.612226371577
2024-03-07 00:00:00+00:00,2.630694305772
2024-03-08 00:00:00+00:00,2.663773784415
2024-03-09 00:00:00+00:00,2.664446669894
2024-03-10 00:00:00+00:00,2.673324643842
2024-03-11 00:00:00+00:00,2.776042557045
2024-03-12 00:00:00+00:00,2.732831670246
2024-03-13 00:00:00+00:00,2.746836537171
2024-03-14 00:00:00+00:00,2.676637138189
2024-03-15 00:00:00+00:00,2.593181988006
2024-03-16 00:00:00+00:00,2.443363523614
2024-03-17 00:00:00+00:00,2.541969044316
2024-03-18 00:00:00+00:00,2.51875351754
2024-03-19 00:00:00+00:00,2.30649799611
2024-03-20 00:00:00+00:00,2.517432122856
2024-03-21 00:00:00+00:00,2.425056482588
2024-03-22 00:00:00+00:00,2.347242779085
2024-03-23 00:00:00+00:00,2.355130916016
2024-03-24 00:00:00+00:00,2.459089042138
2024-03-25 00:00:00+00:00,2.531973278125
2024-03-26 00:00:00+00:00,2.529858023857
2024-03-27 00:00:00+00:00,2.497305617703
2024-03-28 00:00:00+00:00,2.542320039061
2024-03-29 00:00:00+00:00,2.50681430136
2024-03-30 00:00:00+00:00,2.495980095994
2024-03-31 00:00:00+00:00,2.54947270434
2024-04-01 00:00:00+00:00,2.483865174687
2024-04-02 00:00:00+00:00,2.325824861038
2024-04-03 00:00:00+00:00,2.343574739079
2024-04-04 00:00:00+00:00,2.422340254314
2024-04-05 00:00:00+00:00,2.401839662162
2024-04-06 00:00:00+00:00,2.442327543695
2024-04-07 00:00:00+00:00,2.449775072637
2024-04-08 00:00:00+00:00,2.52594267686
2024-04-09 00:00:00+00:00,2.431151797828
2024-04-10 00:00:00+00:00,2.480887886464
2024-04-11 00:00:00+00:00,2.459930871341
2024-04-12 00:00:00+00:00,2.355699837214
2024-04-13 00:00:00+00:00,2.266724603585
2024-04-14 00:00:00+00:00,2.303797513539
2024-04-15 00:00:00+00:00,2.224653591762
2024-04-16 00:00:00+00:00,2.235583060627
2024-04-17 00:00:00+00:00,2.150115532828
2024-04-18 00:00:00+00:00,2.223657090198
2024-04-19 00:00:00+00:00,2.229521797353
2024-04-20 00:00:00+00:00,2.268874228093
2024-04-21 00:00:00+00:00,2.270178573833
2024-04-22 00:00:00+00:00,2.336371416788
2024-04-23 00:00:00+00:00,2.315430605828
2024-04-24 00:00:00+00:00,2.229186378145
2024-04-25 00:00:00+00:00,2.239412644798
2024-04-26 00:00:00+00:00,2.213395882136
2024-04-27 00:00:00+00:00,2.200293292653
2024-04-28 00:00:00+00:00,2.182739504636
2024-04-29 00:00:00+00:00,2.213049963714
2024-04-30 00:00:00+00:00,2.099491659604
2024-05-01 00:00:00+00:00,2.01516295818
2024-05-02 00:00:00+00:00,2.050901531028
2024-05-03 00:00:00+00:00,2.180678249434
2024-05-04 00:00:00+00:00,2.210725676775
2024-05-05 00:00:00+00:00,2.216655067084
2024-05-06 00:00:00+00:00,2.186202853853
2024-05-07 00:00:00+00:00,2.157205469069
2024-05-08 00:00:00+00:00,2.110540935051
2024-05-09 00:00:00+00:00,2.175223560734
2024-05-10 00:00:00+00:00,2.102988744981
2024-05-11 00:00:00+00:00,2.100448702876
2024-05-12 00:00:00+00:00,2.119745795365
2024-05-13 00:00:00+00:00,2.168233271084
2024-05-14 00:00:00+00:00,2.121406641577
2024-05-15 00:00:00+00:00,2.275705533512
2024-05-16 00:00:00+00:00,2.238813737175
2024-05-17 00:00:00+00:00,2.293532882786
2024-05-18 00:00:00+00:00,2.293351817746
2024-05-19 00:00:00+00:00,2.267741433359
2024-05-20 00:00:00+00:00,2.430732575262
2024-05-21 00:00:00+00:00,2.392177115696
2024-05-22 00:00:00+00:00,2.350508549105
2024-05-23 00:00:00+00:00,2.30342600975
2024-05-24 00:00:00+00:00,2.329942400919
2024-05-25 00:00:00+00:00,2.351755247843
2024-05-26 00:00:00+00:00,2.321857258415
2024-05-27 00:00:00+00:00,2.349289009693
2024-05-28 00:00:00+00:00,2.276025405912
2024-05-29 00:00:00+00:00,2.249666771523
2024-05-30 00:00:00+00:00,2.274593932765
2024-05-31 00:00:00+00:00,2.240434640049
2024-06-01 00:00:00+00:00,2.250811711614
2024-06-02 00:00:00+00:00,2.252890611825
2024-06-03 00:00:00+00:00,2.282844084426
2024-06-04 00:00:00+00:00,2.336035028633
2024-06-05 00:00:00+00:00,2.350051564625
2024-06-06 00:00:00+00:00,2.333807126267
2024-06-07 00:00:00+00:00,2.283767499815
2024-06-08 00:00:00+00:00,2.281753656488
2024-06-09 00:00:00+00:00,2.291783692164
2024-06-10 00:00:00+00:00,2.284430208974
2024-06-11 00:00:00+00:00,2.210797104332
2024-06-12 00:00:00+00:00,2.236528862009
2024-06-13 00:00:00+00:00,2.189193919128
2024-06-14 00:00:00+00:00,2.162288948988
2024-06-15 00:00:00+00:00,2.168574282271
2024-06-16 00:00:00+00:00,2.181700780897
2024-06-17 00:00:00+00:00,2.17600767278
2024-06-18 00:00:00+00:00,2.131170120016
2024-06-19 00:00:00+00:00,2.122527340691
2024-06-20 00:00:00+00:00,2.122824344632
2024-06-21 00:00:00+00:00,2.094841851078
2024-06-22 00:00:00+00:00,2.094393635978
2024-06-23 00:00:00+00:00,2.064629768046
2024-06-24 00:00:00+00:00,1.965852605759
2024-06-25 00:00:00+00:00,2.013824808421
2024-06-26 00:00:00+00:00,1.983142815892
2024-06-27 00:00:00+00:00,2.00449611147
2024-06-28 00:00:00+00:00,1.963323618484
2024-06-29 00:00:00+00:00,1.982090071071
2024-06-30 00:00:00+00:00,2.04224535277
2024-07-01 00:00:00+00:00,2.04314593286
2024-07-02 00:00:00+00:00,2.017079157971
2024-07-03 00:00:00+00:00,1.956495892684
2024-07-04 00:00:00+00:00,1.867131113244
2024-07-05 00:00:00+00:00,1.84216706331
2024-07-06 00:00:00+00:00,1.891715119434
2024-07-07 00:00:00+00:00,1.82212870475
2024-07-08 00:00:00+00:00,1.84231499501
2024-07-09 00:00:00+00:00,1.882826099963
2024-07-10 00:00:00+00:00,1.873671456415
2024-07-11 00:00:00+00:00,1.860391707754
2024-07-12 00:00:00+00:00,1.877696697499
2024-07-13 00:00:00+00:00,1.924461076714
2024-07-14 00:00:00+00:00,1.978252221421
2024-07-15 00:00:00+00:00,2.094337235781
2024-07-16 00:00:00+00:00,2.10249498714
2024-07-17 00:00:00+00:00,2.0722141993
2024-07-18 00:00:00+00:00,2.063284607936
2024-07-19 00:00:00+00:00,2.146794861585
2024-07-20 00:00:00+00:00,2.159544550027
2024-07-21 00:00:00+00:00,2.186185421436
2024-07-22 00:00:00+00:00,2.167482354881
2024-07-23 00:00:00+00:00,2.109594621683
2024-07-24 00:00:00+00:00,2.091076478928
2024-07-25 00:00:00+00:00,2.101052278672
2024-07-26 00:00:00+00:00,2.167988897972
2024-07-27 00:00:00+00:00,2.17149524018
2024-07-28 00:00:00+00:00,2.173689504641
2024-07-29 00:00:00+00:00,2.130351323441
2024-07-30 00:00:00+00:00,2.10753663783
2024-07-31 00:00:00+00:00,2.060104597961
2024-08-01 00:00:00+00:00,2.073446664875
2024-08-02 00:00:00+00:00,1.958129492294
2024-08-03 00:00:00+00:00,1.931910948089
2024-08-04 00:00:00+00:00,1.85658107668
2024-08-05 00:00:00+00:00,1.734614783702
2024-08-06 00:00:00+00:00,1.790105908673
2024-08-07 00:00:00+00:00,1.76102665944
2024-08-08 00:00:00+00:00,1.974027468759
2024-08-09 00:00:00+00:00,1.934847151042
2024-08-10 00:00:00+00:00,1.937094140148
2024-08-11 00:00:00+00:00,1.872742222889
2024-08-12 00:00:00+00:00,1.890144044639
2024-08-13 00:00:00+00:00,1.926417221684
2024-08-14 00:00:00+00:00,1.87350048326
2024-08-15 00:00:00+00:00,1.835793831991
2024-08-16 00:00:00+00:00,1.876508258409
2024-08-17 00:00:00+00:00,1.891903199321
2024-08-18 00:00:00+00:00,1.871999609436
2024-08-19 00:00:00+00:00,1.891279440638
2024-08-20 00:00:00+00:00,1.882426600371
2024-08-21 00:00:00+00:00,1.945233846186
2024-08-22 00:00:00+00:00,1.921170694846
2024-08-23 00:00:00+00:00,2.035903975825
2024-08-24 00:00:00+00:00,2.032046751517
2024-08-25 00:00:00+00:00,2.046583028581
2024-08-26 00:00:00+00:00,1.998001382993
2024-08-27 00:00:00+00:00,1.891971799295
2024-08-28 00:00:00+00:00,1.875827072948
2024-08-29 00:00:00+00:00,1.883349152914
2024-08-30 00:00:00+00:00,1.876982694923
2024-08-31 00:00:00+00:00,1.87073697854
2024-09-01 00:00:00+00:00,1.820019010688
2024-09-02 00:00:00+00:00,1.877143284457
2024-09-03 00:00:00+00:00,1.829729699885
2024-09-04 00:00:00+00:00,1.841861370616
2024-09-05 00:00:00+00:00,1.781930708989
2024-09-06 00:00:00+00:00,1.710811543806
2024-09-07 00:00:00+00:00,1.718206634267
2024-09-08 00:00:00+00:00,1.743469313486
2024-09-09 00:00:00+00:00,1.814072811646
2024-09-10 00:00:00+00:00,1.830850569033
2024-09-11 00:00:00+00:00,1.822802476165
2024-09-12 00:00:00+00:00,1.844923692611
2024-09-13 00:00:00+00:00,1.918166417135
2024-09-14 00:00:00+00:00,1.901061522523
2024-09-15 00:00:00+00:00,1.873189573393
2024-09-16 00:00:00+00:00,1.844209085413
2024-09-17 00:00:00+00:00,1.906555569386
2024-09-18 00:00:00+00:00,1.938486988135
2024-09-19 00:00:00+00:00,1.989407371018
2024-09-20 00:00:00+00:00,1.991251479392
2024-09-21 00:00:00+00:00,1.997224680189
2024-09-22 00:00:00+00:00,2.00309504051
2024-09-23 00:00:00+00:00,1.993210662996
2024-09-24 00:00:00+00:00,2.02322807255
2024-09-25 00:00:00+00:00,1.980828516174
2024-09-26 00:00:00+00:00,2.040909822528
2024-09-27 00:00:00+00:00,2.061133588941
2024-09-28 00:00:00+00:00,2.059734897491
2024-09-29 00:00:00+00:00,2.054377793402
2024-09-30 00:00:00+00:00,1.980655974681
2024-10-01 00:00:00+00:00,1.906306811115
2024-10-02 00:00:00+00:00,1.901135632078
2024-10-03 00:00:00+00:00,1.903667765594
2024-10-04 00:00:00+00:00,1.942653036999
2024-10-05 00:00:00+00:00,1.941600018448
2024-10-06 00:00:00+00:00,1.964736190677
2024-10-07 00:00:00+00:00,1.952455630153
2024-10-08 00:00:00+00:00,1.926780183281
2024-10-09 00:00:00+00:00,1.880158282942
2024-10-10 00:00:00+00:00,1.868650690361
2024-10-11 00:00:00+00:00,1.931911669891
2024-10-12 00:00:00+00:00,1.953970337674
2024-10-13 00:00:00+00:00,1.939547429605
2024-10-14 00:00:00+00:00,2.039522213226
2024-10-15 00:00:00+00:00,2.060181206339
2024-10-16 00:00:00+00:00,2.079852586869
2024-10-17 00:00:00+00:00,2.067823405287
2024-10-18 00:00:00+00:00,2.097751626956
2024-10-19 00:00:00+00:00,2.095293659588
2024-10-20 00:00:00+00:00,2.110307256847
2024-10-21 00:00:00+00:00,2.056928495458
2024-10-22 00:00:00+00:00,2.0548573040083666
2024-10-23 00:00:00+00:00,2.030149964645596
2024-10-24 00:00:00+00:00,2.0735534317639304
2024-10-25 00:00:00+00:00,2.015882390039284
2024-10-26 00:00:00+00:00,2.038385405545456
2024-10-27 00:00:00+00:00,2.0672450714484363
2024-10-28 00:00:00+00:00,2.12079659111609
2024-10-29 00:00:00+00:00,2.199387577615285
2024-10-30 00:00:00+00:00,2.1895048875101897
2024-10-31 00:00:00+00:00,2.1253164193551783
2024-11-01 00:00:00+00:00,2.096717117505966
2024-11-02 00:00:00+00:00,2.088469515716
2024-11-03 00:00:00+00:00,2.072996077959187
2024-11-04 00:00:00+00:00,2.0421715913323313
2024-11-05 00:00:00+00:00,2.0934035678438234
2024-11-06 00:00:00+00:00,2.265383861200003
2024-11-07 00:00:00+00:00,2.268079148113374
2024-11-08 00:00:00+00:00,2.2784564278185018
2024-11-09 00:00:00+00:00,2.2854908075229896
2024-11-10 00:00:00+00:00,2.386299165227104
2024-11-11 00:00:00+00:00,2.6147362044216913
2024-11-12 00:00:00+00:00,2.574402718870185
2024-11-13 00:00:00+00:00,2.6237625094988872
2024-11-14 00:00:00+00:00,2.5169171310403327
2024-11-15 00:00:00+00:00,2.6166281818489865
2024-11-16 00:00:00+00:00,2.5963251574245816
2024-11-17 00:00:00+00:00,2.570045957525609
2024-11-18 00:00:00+00:00,2.586767436063493
2024-11-19 00:00:00+00:00,2.616096692148944
2024-11-20 00:00:00+00:00,2.6545840511759584
2024-11-21 00:00:00+00:00,2.7357035205093947
2024-11-22 00:00:00+00:00,2.7268624607806946
2024-11-23 00:00:00+00:00,2.682475835762373
2024-11-24 00:00:00+00:00,2.684190145202477
2024-11-25 00:00:00+00:00,2.5509368688261986
2024-11-26 00:00:00+00:00,2.504171774475637
2024-11-27 00:00:00+00:00,2.606953545179931
2024-11-28 00:00:00+00:00,2.5937387638687115
2024-11-29 00:00:00+00:00,2.6309948422566616
2024-11-30 00:00:00+00:00,2.6035102735918114
2024-12-01 00:00:00+00:00,2.627590012401485
2024-12-02 00:00:00+00:00,2.572610271286454
2024-12-03 00:00:00+00:00,2.5714581344527
2024-12-04 00:00:00+00:00,2.6375374682187815
2024-12-05 00:00:00+00:00,2.5624396365200885
2024-12-06 00:00:00+00:00,2.619701356628037
2024-12-07 00:00:00+00:00,2.6172416537051104
2024-12-08 00:00:00+00:00,2.635830347444721
2024-12-09 00:00:00+00:00,2.528321562198401
2024-12-10 00:00:00+00:00,2.504255955643038
2024-12-11 00:00:00+00:00,2.607825988676539
2024-12-12 00:00:00+00:00,2.5725090268010704
2024-12-13 00:00:00+00:00,2.5964143923269845
2024-12-14 00:00:00+00:00,2.5956011229498386
2024-12-15 00:00:00+00:00,2.671579602981782
2024-12-16 00:00:00+00:00,2.6904870242055368
2024-12-17 00:00:00+00:00,2.6825053486643022
2024-12-18 00:00:00+00:00,2.5337669288940026
2024-12-19 00:00:00+00:00,2.449250681750823
2024-12-20 00:00:00+00:00,2.438923701718572
2024-12-21 00:00:00+00:00,2.424795342221161
2024-12-22 00:00:00+00:00,2.3683246829858304
2024-12-23 00:00:00+00:00,2.3466031181287983
2024-12-24 00:00:00+00:00,2.4325472895826454
2024-12-25 00:00:00+00:00,2.4457574461003446
2024-12-26 00:00:00+00:00,2.3548963638187823
2024-12-27 00:00:00+00:00,2.316536046291274
2024-12-28 00:00:00+00:00,2.3373921900161463
2024-12-29 00:00:00+00:00,2.2939806186069815
2024-12-30 00:00:00+00:00,2.264447243535571
2024-12-31 00:00:00+00:00,2.2808124449322915
2025-01-01 00:00:00+00:00,2.3030404933089104
2025-01-02 00:00:00+00:00,2.3578841474857937
2025-01-03 00:00:00+00:00,2.386290557457015
2025-01-04 00:00:00+00:00,2.3875160097101222
2025-01-05 00:00:00+00:00,2.390965860098841
2025-01-06 00:00:00+00:00,2.477062799747396
2025-01-07 00:00:00+00:00,2.3467027834219376
2025-01-08 00:00:00+00:00,2.2986659046669535
2025-01-09 00:00:00+00:00,2.233820238836667
2025-01-10 00:00:00+00:00,2.290082536703305
2025-01-11 00:00:00+00:00,2.285501707170164
2025-01-12 00:00:00+00:00,2.278657758123868
2025-01-13 00:00:00+00:00,2.2779845089607442
2025-01-14 00:00:00+00:00,2.3280580564665416
2025-01-15 00:00:00+00:00,2.4095410827754344
2025-01-16 00:00:00+00:00,2.3989108291075403
2025-01-17 00:00:00+00:00,2.495913169030756
2025-01-18 00:00:00+00:00,2.4946785705686336
2025-01-19 00:00:00+00:00,2.410672870086662
2025-01-20 00:00:00+00:00,2.4450561327537335
2025-01-21 00:00:00+00:00,2.518858900509325
2025-01-22 00:00:00+00:00,2.459018475131256
2025-01-23 00:00:00+00:00,2.455447281433525
2025-01-24 00:00:00+00:00,2.4651832101972833
2025-01-25 00:00:00+00:00,2.4670204525538764
2025-01-26 00:00:00+00:00,2.418361700134125
2025-01-27 00:00:00+00:00,2.3934124984483267
2025-01-28 00:00:00+00:00,2.373287118165897
2025-01-29 00:00:00+00:00,2.436318963363576
2025-01-30 00:00:00+00:00,2.457756213004062
2025-01-31 00:00:00+00:00,2.3926271926371023
2025-02-01 00:00:00+00:00,2.353296238999732
2025-02-02 00:00:00+00:00,2.278588298536274
2025-02-03 00:00:00+00:00,2.371727104993572
2025-02-04 00:00:00+00:00,2.280750094282139
2025-02-05 00:00:00+00:00,2.2465355832791136
2025-02-06 00:00:00+00:00,2.243314171452448
2025-02-07 00:00:00+00:00,2.2387599646519223
2025-02-08 00:00:00+00:00,2.2429885869544703
2025-02-09 00:00:00+00:00,2.232532160927027
2025-02-10 00:00:00+00:00,2.2560105134383015
2025-02-11 00:00:00+00:00,2.2178405166069126
2025-02-12 00:00:00+00:00,2.261466528982128
2025-02-13 00:00:00+00:00,2.2326518009087044
2025-02-14 00:00:00+00:00,2.2516623241667397
2025-02-15 00:00:00+00:00,2.254483790385446
2025-02-16 00:00:00+00:00,2.221961475316798
2025-02-17 00:00:00+00:00,2.212551004856131
2025-02-18 00:00:00+00:00,2.2037234329299973
2025-02-19 00:00:00+00:00,2.23047321584031
2025-02-20 00:00:00+00:00,2.269163375900631
2025-02-21 00:00:00+00:00,2.2145337837142764
2025-02-22 00:00:00+00:00,2.2259723481715947
2025-02-23 00:00:00+00:00,2.213616967746432
2025-02-24 00:00:00+00:00,2.1164194813823665
2025-02-25 00:00:00+00:00,2.0450571925613175
2025-02-26 00:00:00+00:00,1.9371568882829036
2025-02-27 00:00:00+00:00,1.951252300853544
2025-02-28 00:00:00+00:00,1.9428821960052791
2025-03-01 00:00:00+00:00,1.979772195615528
2025-03-02 00:00:00+00:00,2.1723352788786894
2025-03-03 00:00:00+00:00,1.9890487557357124
2025-03-04 00:00:00+00:00,2.011926611190173
2025-03-05 00:00:00+00:00,2.085499742580572
2025-03-06 00:00:00+00:00,2.074588033844596
2025-03-07 00:00:00+00:00,1.990605455895191
2025-03-08 00:00:00+00:00,1.9817025600012972
2025-03-09 00:00:00+00:00,1.8553174468191107
2025-03-10 00:00:00+00:00,1.8183074680565463
2025-03-11 00:00:00+00:00,1.9029557814450992
2025-03-12 00:00:00+00:00,1.921883426993698
2025-03-13 00:00:00+00:00,1.864334615532672
2025-03-14 00:00:00+00:00,1.932035459333313
2025-03-15 00:00:00+00:00,1.9374873260847636
2025-03-16 00:00:00+00:00,1.894746119450727
2025-03-17 00:00:00+00:00,1.929602895545638
2025-03-18 00:00:00+00:00,1.8989060236861497
2025-03-19 00:00:00+00:00,1.9911932421344407
2025-03-20 00:00:00+00:00,1.9298268037808353
2025-03-21 00:00:00+00:00,1.9281651540140552
2025-03-22 00:00:00+00:00,1.9223588315764384
2025-03-23 00:00:00+00:00,1.966380986053732
2025-03-24 00:00:00+00:00,2.0008793939408274
2025-03-25 00:00:00+00:00,2.0026741040033817
2025-03-26 00:00:00+00:00,1.9885114032158295
2025-03-27 00:00:00+00:00,1.9967090941768977
2025-03-28 00:00:00+00:00,1.928282346209128
2025-03-29 00:00:00+00:00,1.8872433668233977
2025-03-30 00:00:00+00:00,1.8812161854306808
2025-03-31 00:00:00+00:00,1.8870880493017756
2025-04-01 00:00:00+00:00,1.950076686214192
2025-04-02 00:00:00+00:00,1.8882773504046593
2025-04-03 00:00:00+00:00,1.8941542618128036
2025-04-04 00:00:00+00:00,1.9126673444102584
2025-04-05 00:00:00+00:00,1.9016833447333792
2025-04-06 00:00:00+00:00,1.780124063587888
2025-04-07 00:00:00+00:00,1.8128169226747144
2025-04-08 00:00:00+00:00,1.7439655745926916
2025-04-09 00:00:00+00:00,1.887230963523962
2025-04-10 00:00:00+00:00,1.8147281216378452
2025-04-11 00:00:00+00:00,1.9005276237422863
2025-04-12 00:00:00+00:00,1.9432833469455524
2025-04-13 00:00:00+00:00,1.9039218772421993
2025-04-14 00:00:00+00:00,1.9262023235820704
2025-04-15 00:00:00+00:00,1.907137055165662
2025-04-16 00:00:00+00:00,1.9172708051026972
2025-04-17 00:00:00+00:00,1.9396573992306128
2025-04-18 00:00:00+00:00,1.9277993169752448
2025-04-19 00:00:00+00:00,1.943457271715672
2025-04-20 00:00:00+00:00,1.9426378432392224
2025-04-21 00:00:00+00:00,1.9927995689339313
2025-04-22 00:00:00+00:00,2.1282639230663345
2025-04-23 00:00:00+00:00,2.1261098636422497
2025-04-24 00:00:00+00:00,2.126194044694234
2025-04-25 00:00:00+00:00,2.1396892285629945
2025-04-26 00:00:00+00:00,2.136845488242962
2025-04-27 00:00:00+00:00,2.1163030783471615
2025-04-28 00:00:00+00:00,2.1414599497479094
2025-04-29 00:00:00+00:00,2.1164915940420426
2025-04-30 00:00:00+00:00,2.117664419217392
2025-05-01 00:00:00+00:00,2.1635056908519745
2025-05-02 00:00:00+00:00,2.1700257371132774
2025-05-03 00:00:00+00:00,2.148827641148182
2025-05-04 00:00:00+00:00,2.1136160468529854
2025-05-05 00:00:00+00:00,2.1198315170018898
2025-05-06 00:00:00+00:00,2.1566030190508583
2025-05-07 00:00:00+00:00,2.164177587122982
2025-05-08 00:00:00+00:00,2.2908345636251912
2025-05-09 00:00:00+00:00,2.2831068959043845
2025-05-10 00:00:00+00:00,2.317993015404475
2025-05-11 00:00:00+00:00,2.30314847924649
2025-05-12 00:00:00+00:00,2.276547512358493
2025-05-13 00:00:00+00:00,2.2970209363653464
2025-05-14 00:00:00+00:00,2.281735209781493
2025-05-15 00:00:00+00:00,2.2793299047250057
2025-05-16 00:00:00+00:00,2.272925986368772
2025-05-17 00:00:00+00:00,2.263971398372875
2025-05-18 00:00:00+00:00,2.3240704676353836
2025-05-19 00:00:00+00:00,2.3094629533855167
2025-05-20 00:00:00+00:00,2.3328187609635207
2025-05-21 00:00:00+00:00,2.387132485847717
2025-05-22 00:00:00+00:00,2.4191148692725477
2025-05-23 00:00:00+00:00,2.325244185229265
2025-05-24 00:00:00+00:00,2.33752306327879
2025-05-25 00:00:00+00:00,2.3575883785824456
2025-05-26 00:00:00+00:00,2.3615409622706873
2025-05-27 00:00:00+00:00,2.3483230152239982
2025-05-28 00:00:00+00:00,2.319565765914059
2025-05-29 00:00:00+00:00,2.269515917375292
2025-05-30 00:00:00+00:00,2.2301710388100866
2025-05-31 00:00:00+00:00,2.2453195179282552
2025-06-01 00:00:00+00:00,2.2668244854256177
2025-06-02 00:00:00+00:00,2.2631740322455194
2025-06-03 00:00:00+00:00,2.249049850630191
2025-06-04 00:00:00+00:00,2.2306295386760513
2025-06-05 00:00:00+00:00,2.1644219757163037
2025-06-06 00:00:00+00:00,2.221377259248508
2025-06-07 00:00:00+00:00,2.246857184421021
2025-06-08 00:00:00+00:00,2.2465926766265145
2025-06-09 00:00:00+00:00,2.3383291419548384
2025-06-10 00:00:00+00:00,2.331994320703792
2025-06-11 00:00:00+00:00,2.299464902547621
2025-06-12 00:00:00+00:00,2.2419620475504862
2025-06-13 00:00:00+00:00,2.2394272436628913
2025-06-14 00:00:00+00:00,2.2271438246998114
2025-06-15 00:00:00+00:00,2.227219971359887
2025-06-16 00:00:00+00:00,2.258771912231857
2025-06-17 00:00:00+00:00,2.203207202646305
2025-06-18 00:00:00+00:00,2.20581725377894
2025-06-19 00:00:00+00:00,2.202308074044105
2025-06-20 00:00:00+00:00,2.1712340906871987
2025-06-21 00:00:00+00:00,2.1341088047568837
2025-06-22 00:00:00+00:00,2.119915228385861
2025-06-23 00:00:00+00:00,2.2134869832042123
2025-06-24 00:00:00+00:00,2.220349702793955
2025-06-25 00:00:00+00:00,2.2450664068043222
2025-06-26 00:00:00+00:00,2.234143825279254
2025-06-27 00:00:00+00:00,2.2307257878946083
2025-06-28 00:00:00+00:00,2.2355962704995864
2025-06-29 00:00:00+00:00,2.2551487868683586
2025-06-30 00:00:00+00:00,2.224449219216365
2025-07-01 00:00:00+00:00,2.190371437932748
2025-07-02 00:00:00+00:00,2.2572933277993874
2025-07-03 00:00:00+00:00,2.268221095554169
2025-07-04 00:00:00+00:00,2.215345083660493
2025-07-05 00:00:00+00:00,2.218074557692169
2025-07-06 00:00:00+00:00,2.2363339967768048
2025-07-07 00:00:00+00:00,2.2137003448829926
2025-07-08 00:00:00+00:00,2.2241472452865456
2025-07-09 00:00:00+00:00,2.268230580456622
2025-07-10 00:00:00+00:00,2.354601798397052
2025-07-11 00:00:00+00:00,2.38212290459618
2025-07-12 00:00:00+00:00,2.37341147249211
2025-07-13 00:00:00+00:00,2.4017092198498973
2025-07-14 00:00:00+00:00,2.4125084332311304
2025-07-15 00:00:00+00:00,2.364195114922196
2025-07-16 00:00:00+00:00,2.368875124533446
2025-07-17 00:00:00+00:00,2.374985804949236
2025-07-18 00:00:00+00:00,2.340384009446915
2025-07-19 00:00:00+00:00,2.336414214135971
2025-07-20 00:00:00+00:00,2.323370138320551
2025-07-21 00:00:00+00:00,2.3218439654227243
2025-07-22 00:00:00+00:00,2.3670956161477066
2025-07-23 00:00:00+00:00,2.334400354595592
2025-07-24 00:00:00+00:00,2.3257901969225423
2025-07-25 00:00:00+00:00,2.304027155259395
2025-07-26 00:00:00+00:00,2.3118305041157874
2025-07-27 00:00:00+00:00,2.338853962335245
2025-07-28 00:00:00+00:00,2.3084821087206895
2025-07-29 00:00:00+00:00,2.3014237166265827
2025-07-30 00:00:00+00:00,2.2955727612124828
2025-07-31 00:00:00+00:00,2.2576734658479
2025-08-01 00:00:00+00:00,2.2070884136924738
2025-08-02 00:00:00+00:00,2.1923149563631275
2025-08-03 00:00:00+00:00,2.2240971442941064
2025-08-04 00:00:00+00:00,2.2406311051894656
2025-08-05 00:00:00+00:00,2.2178999959543497
2025-08-06 00:00:00+00:00,2.2349723954934775
2025-08-07 00:00:00+00:00,2.2781308995532936
2025-08-08 00:00:00+00:00,2.2621480824612368
2025-08-09 00:00:00+00:00,2.2569920501462186
2025-08-10 00:00:00+00:00,2.307419605120224
2025-08-11 00:00:00+00:00,2.296376996154095
2025-08-12 00:00:00+00:00,2.320647620011929
2025-08-13 00:00:00+00:00,2.379739102823155
2025-08-14 00:00:00+00:00,2.282416006210002
2025-08-15 00:00:00+00:00,2.25769289975179
2025-08-16 00:00:00+00:00,2.2532741501991906
2025-08-17 00:00:00+00:00,2.2553050008051305
2025-08-18 00:00:00+00:00,2.229656237704237
2025-08-19 00:00:00+00:00,2.162405961142789
2025-08-20 00:00:00+00:00,2.187593393945847
2025-08-21 00:00:00+00:00,2.150092222239415
2025-08-22 00:00:00+00:00,2.2309603181709265
2025-08-23 00:00:00+00:00,2.2012721767196215
2025-08-24 00:00:00+00:00,2.1673285045149835
2025-08-25 00:00:00+00:00,2.101608862718138
2025-08-26 00:00:00+00:00,2.1348985660008872
2025-08-27 00:00:00+00:00,2.1218251202374474
2025-08-28 00:00:00+00:00,2.142789122023943
2025-08-29 00:00:00+00:00,2.0585239707912053
2025-08-30 00:00:00+00:00,2.063022252855391
2025-08-31 00:00:00+00:00,2.054653984489101
2025-09-01 00:00:00+00:00,2.066472278033613
2025-09-02 00:00:00+00:00,2.1061331661206095
2025-09-03 00:00:00+00:00,2.117352868701102
2025-09-04 00:00:00+00:00,2.0988399671512
2025-09-05 00:00:00+00:00,2.0909910896315393
2025-09-06 00:00:00+00:00,2.081547548704114
2025-09-07 00:00:00+00:00,2.100795508587898
2025-09-08 00:00:00+00:00,2.114485395928852
2025-09-09 00:00:00+00:00,2.1019000165432096
2025-09-10 00:00:00+00:00,2.145924375428194
2025-09-11 00:00:00+00:00,2.171828406012249
2025-09-12 00:00:00+00:00,2.1834524058125826
2025-09-13 00:00:00+00:00,2.178678922337634
2025-09-14 00:00:00+00:00,2.1673601179200923
2025-09-15 00:00:00+00:00,2.1656665085615017
2025-09-16 00:00:00+00:00,2.1888797241350617
2025-09-17 00:00:00+00:00,2.1818070259413114
2025-09-18 00:00:00+00:00,2.188425256780357
2025-09-19 00:00:00+00:00,2.1584515968726663
2025-09-20 00:00:00+00:00,2.1600824520314994
2025-09-21 00:00:00+00:00,2.1511992423053936
2025-09-22 00:00:00+00:00,2.1030843290113816
2025-09-23 00:00:00+00:00,2.0884207525288683
2025-09-24 00:00:00+00:00,2.1098438050041244
2025-09-25 00:00:00+00:00,2.0312424703115273
2025-09-26 00:00:00+00:00,2.039297742066763
2025-09-27 00:00:00+00:00,2.0384097258593883
2025-09-28 00:00:00+00:00,2.084398213626927
2025-09-29 00:00:00+00:00,2.122720877587773
2025-09-30 00:00:00+00:00,2.112807213335253
2025-10-01 00:00:00+00:00,2.186155026712077
2025-10-02 00:00:00+00:00,2.221772196583208
2025-10-03 00:00:00+00:00,2.249202943238196
2025-10-04 00:00:00+00:00,2.247639041410611
2025-10-05 00:00:00+00:00,2.266766621760195
2025-10-06 00:00:00+00:00,2.287145426879909
2025-10-07 00:00:00+00:00,2.2193474280974277
2025-10-08 00:00:00+00:00,2.248606081441407
2025-10-09 00:00:00+00:00,2.2125534313089377
2025-10-10 00:00:00+00:00,2.070562788244427
2025-10-11 00:00:00+00:00,2.0194789962614186
2025-10-12 00:00:00+00:00,2.0951257451651712
2025-10-13 00:00:00+00:00,2.09746317757528
2025-10-14 00:00:00+00:00,2.056829337301677
2025-10-15 00:00:00+00:00,2.0058910258061653
2025-10-16 00:00:00+00:00,1.9578568178170297
2025-10-17 00:00:00+00:00,1.92928303157762
2025-10-18 00:00:00+00:00,1.938149518377999
2025-10-19 00:00:00+00:00,1.965929731213064
2025-10-20 00:00:00+00:00,2.0002412420408935
2025-10-21 00:00:00+00:00,1.9642552693241937
2025-10-22 00:00:00+00:00,1.9422693938130509
2025-10-23 00:00:00+00:00,1.9838505829202953
2025-10-24 00:00:00+00:00,2.0002399703642184
2025-10-25 00:00:00+00:00,2.010123020095332
2025-10-26 00:00:00+00:00,2.061141989497095
2025-10-27 00:00:00+00:00,2.0506486983041583
2025-10-28 00:00:00+00:00,2.0269852854220023
2025-10-29 00:00:00+00:00,1.9748570714184712
2025-10-30 00:00:00+00:00,1.9325248327320044
2025-10-31 00:00:00+00:00,1.9596274069163773
2025-11-01 00:00:00+00:00,1.9663440701835695
2025-11-02 00:00:00+00:00,1.9727764696344197
2025-11-03 00:00:00+00:00,1.9020882532144816
2025-11-04 00:00:00+00:00,1.8116855886218344
2025-11-05 00:00:00+00:00,1.857055734420492
2025-11-06 00:00:00+00:00,1.8097201631689657
2025-11-07 00:00:00+00:00,1.8428465053331913
2025-11-08 00:00:00+00:00,1.8227583856026048
2025-11-09 00:00:00+00:00,1.8641651761462623
2025-11-10 00:00:00+00:00,1.8875443600732529
2025-11-11 00:00:00+00:00,1.8318881974218433
2025-11-12 00:00:00+00:00,1.8085099031300793
2025-11-13 00:00:00+00:00,1.7800126434105843
2025-11-14 00:00:00+00:00,1.6842606972655323
2025-11-15 00:00:00+00:00,1.7025099652616345
2025-11-16 00:00:00+00:00,1.6785525812642024
2025-11-17 00:00:00+00:00,1.6392867114437717
2025-11-18 00:00:00+00:00,1.654516965238705
2025-11-19 00:00:00+00:00,1.628739580213074
2025-11-20 00:00:00+00:00,1.5515619978194948
2025-11-21 00:00:00+00:00,1.5202473672522108
2025-11-22 00:00:00+00:00,1.5063202250156789
2025-11-23 00:00:00+00:00,1.5408129016405956
2025-11-24 00:00:00+00:00,1.5674035927405892
2025-11-25 00:00:00+00:00,1.5507097680723907
2025-11-26 00:00:00+00:00,1.6019179596137352
2025-11-27 00:00:00+00:00,1.6180110246025807
2025-11-28 00:00:00+00:00,1.6124043653578792
2025-11-29 00:00:00+00:00,1.609812435967487
2025-11-30 00:00:00+00:00,1.605936798624271
2025-12-01 00:00:00+00:00,1.533958697259218
2025-12-02 00:00:00+00:00,1.6233866164835693
2025-12-03 00:00:00+00:00,1.6594397707736588
2025-12-04 00:00:00+00:00,1.6346860768202705
2025-12-05 00:00:00+00:00,1.5845510954223283
2025-12-06 00:00:00+00:00,1.5825974776524672
2025-12-07 00:00:00+00:00,1.5985004613781386
2025-12-08 00:00:00+00:00,1.6096177386431436
2025-12-09 00:00:00+00:00,1.6469894512126808
2025-12-10 00:00:00+00:00,1.6325770870501284
2025-12-11 00:00:00+00:00,1.6416453987249755
2025-12-12 00:00:00+00:00,1.6020026597826391
2025-12-13 00:00:00+00:00,1.6004071227927794
2025-12-14 00:00:00+00:00,1.5625992937931457
2025-12-15 00:00:00+00:00,1.5334507834438562
2025-12-16 00:00:00+00:00,1.5583000660090016
2025-12-17 00:00:00+00:00,1.529104503632707
2025-12-18 00:00:00+00:00,1.5183951212093736
2025-12-19 00:00:00+00:00,1.5669393446155329
2025-12-20 00:00:00+00:00,1.5699331395911071
2025-12-21 00:00:00+00:00,1.5740329131051052
2025-12-22 00:00:00+00:00,1.5730377244463174
2025-12-23 00:00:00+00:00,1.5534926720508595
2025-12-24 00:00:00+00:00,1.5586263806194096
2025-12-25 00:00:00+00:00,1.5515779428765888
2025-12-26 00:00:00+00:00,1.5547999122682277
2025-12-27 00:00:00+00:00,1.561130488616242
2025-12-28 00:00:00+00:00,1.5623713813655935
2025-12-29 00:00:00+00:00,1.55184373281198
2025-12-30 00:00:00+00:00,1.575194732866138
2025-12-31 00:00:00+00:00,1.5599368640000817
2026-01-01 00:00:00+00:00,1.5805666838787138
2026-01-02 00:00:00+00:00,1.6028335346054856
2026-01-03 00:00:00+00:00,1.6144428345714437
2026-01-04 00:00:00+00:00,1.6278233718322608
2026-01-05 00:00:00+00:00,1.6729656061920013
2026-01-06 00:00:00+00:00,1.6656981847227377
2026-01-07 00:00:00+00:00,1.6234736025512655
2026-01-08 00:00:00+00:00,1.6216948371778772
2026-01-09 00:00:00+00:00,1.6124074298017157
2026-01-10 00:00:00+00:00,1.6100132123879032
2026-01-11 00:00:00+00:00,1.61585640170226
2026-01-12 00:00:00+00:00,1.6235117369511671
2026-01-13 00:00:00+00:00,1.6956457102183624
2026-01-14 00:00:00+00:00,1.725258285011508
2026-01-15 00:00:00+00:00,1.698251329285832
2026-01-16 00:00:00+00:00,1.6967501163466352
2026-01-17 00:00:00+00:00,1.6895599397740113
2026-01-18 00:00:00+00:00,1.6743922801666509
2026-01-19 00:00:00+00:00,1.6436868798008475
2026-01-20 00:00:00+00:00,1.5689223614895769
2026-01-21 00:00:00+00:00,1.5933664347912715
2026-01-22 00:00:00+00:00,1.5900557424434003
2026-01-23 00:00:00+00:00,1.597227656500748
2026-01-24 00:00:00+00:00,1.5927055312322624
2026-01-25 00:00:00+00:00,1.5441681672754624
2026-01-26 00:00:00+00:00,1.5779781705662028
2026-01-27 00:00:00+00:00,1.594258404220792
2026-01-28 00:00:00+00:00,1.5929682871962685
2026-01-29 00:00:00+00:00,1.5108463744510503
2026-01-30 00:00:00+00:00,1.502794123367734
2026-01-31 00:00:00+00:00,1.409206961565977
2026-02-01 00:00:00+00:00,1.3779375282101733
2026-02-02 00:00:00+00:00,1.411272421681785
2026-02-03 00:00:00+00:00,1.3597906397012431
2026-02-04 00:00:00+00:00,1.315930750700471
2026-02-05 00:00:00+00:00,1.1497951473288677
2026-02-06 00:00:00+00:00,1.2794885803917828
2026-02-07 00:00:00+00:00,1.2542864998384384
2026-02-08 00:00:00+00:00,1.278752679408799
2026-02-09 00:00:00+00:00,1.274890122985872
2026-02-10 00:00:00+00:00,1.2481033012418763
2026-02-11 00:00:00+00:00,1.2182387788490885
2026-02-12 00:00:00+00:00,1.205655751536307
2026-02-13 00:00:00+00:00,1.2543817127922632
2026-02-14 00:00:00+00:00,1.271428434942344
2026-02-15 00:00:00+00:00,1.2503520156434709
2026-02-16 00:00:00+00:00,1.2529918805039757
2026-02-17 00:00:00+00:00,1.230359595565078
2026-02-18 00:00:00+00:00,1.21146371466258
2026-02-19 00:00:00+00:00,1.221844787848528
2026-02-20 00:00:00+00:00,1.2419474106076231
2026-02-21 00:00:00+00:00,1.2427727388908913
2026-02-22 00:00:00+00:00,1.234286313377275
2026-02-23 00:00:00+00:00,1.1831842972470235
2026-02-24 00:00:00+00:00,1.1743319937937022
2026-02-25 00:00:00+00:00,1.2461229941727416
2026-02-26 00:00:00+00:00,1.2368113915864163
2026-02-27 00:00:00+00:00,1.2073254705520615
2026-02-28 00:00:00+00:00,1.2275612619982268
2026-03-01 00:00:00+00:00,1.2052481747995247
2026-03-02 00:00:00+00:00,1.263760682233652
2026-03-03 00:00:00+00:00,1.2548907532524818
2026-03-04 00:00:00+00:00,1.3324599332646212
2026-03-05 00:00:00+00:00,1.3020998734899651
2026-03-06 00:00:00+00:00,1.252787494903745
2026-03-07 00:00:00+00:00,1.236301300128931
2026-03-08 00:00:00+00:00,1.2160004257646573
2026-03-09 00:00:00+00:00,1.258828872642114
2026-03-10 00:00:00+00:00,1.2838921987216931
2026-03-11 00:00:00+00:00,1.2926305604960422
2026-03-12 00:00:00+00:00,1.297352966463531
2026-03-13 00:00:00+00:00,1.30454126489792
2026-03-14 00:00:00+00:00,1.3085611269402389
2026-03-15 00:00:00+00:00,1.3372863065162932
2026-03-16 00:00:00+00:00,1.3736647820354706
2026-03-17 00:00:00+00:00,1.3620392217241302
2026-03-18 00:00:00+00:00,1.3108271207032423
2026-03-19 00:00:00+00:00,1.2873233530441244
2026-03-20 00:00:00+00:00,1.2979134579553593
2026-03-21 00:00:00+00:00,1.2832286394689276
2026-03-22 00:00:00+00:00,1.2516621596693465
2026-03-23 00:00:00+00:00,1.3014094083299217
2026-03-24 00:00:00+00:00,1.3002777489726736
2026-03-25 00:00:00+00:00,1.31291879231233
2026-03-26 00:00:00+00:00,1.2664072256679189
2026-03-27 00:00:00+00:00,1.221391534843414
2026-03-28 00:00:00+00:00,1.2242821302425808
2026-03-29 00:00:00+00:00,1.2173465160210977
2026-03-30 00:00:00+00:00,1.2307677885365405
2026-03-31 00:00:00+00:00,1.2594615926249517
2026-04-01 00:00:00+00:00,1.2578004357870882
2026-04-02 00:00:00+00:00,1.2361570581529682
2026-04-03 00:00:00+00:00,1.2360952901456137
2026-04-04 00:00:00+00:00,1.2435879583030514
2026-04-05 00:00:00+00:00,1.2731860065048008
2026-04-06 00:00:00+00:00,1.270093812424762
2026-04-07 00:00:00+00:00,1.330703341528385
2026-04-08 00:00:00+00:00,1.3129220338742065
2026-04-09 00:00:00+00:00,1.325828946125455
2026-04-10 00:00:00+00:00,1.3468426562660187
2026-04-11 00:00:00+00:00,1.3497406830177825
2026-04-12 00:00:00+00:00,1.3049673347970956
2026-04-13 00:00:00+00:00,1.3770482398402828
2026-04-14 00:00:00+00:00,1.3687529040183417
2026-04-15 00:00:00+00:00,1.3796263886883915
2026-04-16 00:00:00+00:00,1.3856258612153995
2026-04-17 00:00:00+00:00,1.4223235153878984
2026-04-18 00:00:00+00:00,1.3980047368399022
2026-04-19 00:00:00+00:00,1.3634656752952106
2026-04-20 00:00:00+00:00,1.3987305546501194
2026-04-21 00:00:00+00:00,1.4040391749892125
2026-04-22 00:00:00+00:00,1.4451816880881303
2026-04-23 00:00:00+00:00,1.4435180102987248
2026-04-24 00:00:00+00:00,1.4313054086958685
2026-04-25 00:00:00+00:00,1.4345741475645932
2026-04-26 00:00:00+00:00,1.4512399107371685
2026-04-27 00:00:00+00:00,1.4274966444382788
2026-04-28 00:00:00+00:00,1.4098968122284417
2026-04-29 00:00:00+00:00,1.4012950588480768
2026-04-30 00:00:00+00:00,1.4109087161770764
2026-05-01 00:00:00+00:00,1.4441109410626063
2026-05-02 00:00:00+00:00,1.4546787719928145
2026-05-03 00:00:00+00:00,1.4532128991393036
2026-05-04 00:00:00+00:00,1.4734139625232838
2026-05-05 00:00:00+00:00,1.49326488273632
2026-05-06 00:00:00+00:00,1.5007289347155643
2026-05-07 00:00:00+00:00,1.4754077327071486
2026-05-08 00:00:00+00:00,1.4788069377076725
2026-05-09 00:00:00+00:00,1.4875564619691928
2026-05-10 00:00:00+00:00,1.5165762999799848
2026-05-11 00:00:00+00:00,1.5062797314103844
2026-05-12 00:00:00+00:00,1.4843434176790684
2026-05-13 00:00:00+00:00,1.4616979219598496
2026-05-14 00:00:00+00:00,1.496291810555883
2026-05-15 00:00:00+00:00,1.4576482075977495
2026-05-16 00:00:00+00:00,1.4411207320741923
2026-05-17 00:00:00+00:00,1.4288785719516937
2026-05-18 00:00:00+00:00,1.419569255459985
2026-05-19 00:00:00+00:00,1.4170368263075273
2026-05-20 00:00:00+00:00,1.4282474320399443
2026-05-21 00:00:00+00:00,1.4318398636638516
2026-05-22 00:00:00+00:00,1.3951977957217805
2026-05-23 00:00:00+00:00,1.4145646606056597
2026-05-24 00:00:00+00:00,1.4206921481906591
2026-05-25 00:00:00+00:00,1.425980680386381
2026-05-26 00:00:00+00:00,1.4000760710265765
2026-05-27 00:00:00+00:00,1.3720698989749525
2026-05-28 00:00:00+00:00,1.359302863594602
2026-05-29 00:00:00+00:00,1.3570300412340588
2026-05-30 00:00:00+00:00,1.3648020345772152
2026-05-31 00:00:00+00:00,1.3623994613070085
2026-06-01 00:00:00+00:00,1.321374781897173
2026-06-02 00:00:00+00:00,1.23601499491039
2026-06-03 00:00:00+00:00,1.1956320534404263
2026-06-04 00:00:00+00:00,1.1858932878748485
2026-06-05 00:00:00+00:00,1.1367970410942183
2026-06-06 00:00:00+00:00,1.1346458274405713
2026-06-07 00:00:00+00:00,1.178976675309288
2026-06-08 00:00:00+00:00,1.1785132598364798
2026-06-09 00:00:00+00:00,1.1517566167396358
2026-06-10 00:00:00+00:00,1.148835844703938
2026-06-11 00:00:00+00:00,1.1875449707608752
2026-06-12 00:00:00+00:00,1.1877855212466688
2026-06-13 00:00:00+00:00,1.205481911068106
2026-06-14 00:00:00+00:00,1.2276315476665296
2026-06-15 00:00:00+00:00,1.2393546167038156
2026-06-16 00:00:00+00:00,1.2287326760856152
2026-06-17 00:00:00+00:00,1.2059072762898515
2026-06-18 00:00:00+00:00,1.1772253837760067
2026-06-19 00:00:00+00:00,1.186374409712872
2026-06-20 00:00:00+00:00,1.2034610271445665
2026-06-21 00:00:00+00:00,1.186796520860484
2026-06-22 00:00:00+00:00,1.197421605598321
2026-06-23 00:00:00+00:00,1.1731976651833003
2026-06-24 00:00:00+00:00,1.1423253250449799
2026-06-25 00:00:00+00:00,1.12407957629493
2026-06-26 00:00:00+00:00,1.1270469384410169
2026-06-27 00:00:00+00:00,1.127011418515148
2026-06-28 00:00:00+00:00,1.1189318202539256
2026-06-29 00:00:00+00:00,1.1322838457186375
2026-06-30 00:00:00+00:00,1.1027805682008869
2026-07-01 00:00:00+00:00,1.1321108720363224
2026-07-02 00:00:00+00:00,1.1581855624958048
2026-07-03 00:00:00+00:00,1.1792987088316838
2026-07-04 00:00:00+00:00,1.1891572189350943
2026-07-05 00:00:00+00:00,1.1990647636450065
2026-07-06 00:00:00+00:00,1.2073954618124445
2026-07-07 00:00:00+00:00,1.196288648174336
2026-07-08 00:00:00+00:00,1.1731707452338487
2026-07-09 00:00:00+00:00,1.1916595724436172
2026-07-10 00:00:00+00:00,1.2097400850398004
2026-07-11 00:00:00+00:00,1.2054984500945254
2026-07-12 00:00:00+00:00,1.2028364345302107
2026-07-13 00:00:00+00:00,1.174318418220534
2026-07-14 00:00:00+00:00,1.2276267731645216
2026-07-15 00:00:00+00:00,1.2245682153726964
2026-07-16 00:00:00+00:00,1.2064208959075768
2026-07-17 00:00:00+00:00,1.2091270996686685
2026-07-18 00:00:00+00:00,1.225397192666522
2026-07-19 00:00:00+00:00,1.2229930312358035
2026-07-20 00:00:00+00:00,1.2327473883123754
2026-07-21 00:00:00+00:00,1.2553791423473124
2026-07-22 00:00:00+00:00,1.2476042702123693
2026-07-23 00:00:00+00:00,1.230958318826041
2026-07-24 00:00:00+00:00,1.2125716215451372
2026-07-25 00:00:00+00:00,1.2164163415587756
2026-07-26 00:00:00+00:00,1.2352156606776297
2026-07-27 00:00:00+00:00,1.2052013444237608
2026-07-28 00:00:00+00:00,1.205490199335648
2026-07-29 00:00:00+00:00,1.2088544364298526
2026-07-30 00:00:00+00:00,1.2262799635545538
2026-07-31 00:00:00+00:00,1.189970381191086
2026-08-01 00:00:00+00:00,1.1887286460199475
2026-08-02 00:00:00+00:00,1.201895276659115
2026-08-03 00:00:00+00:00,1.2028012046866425
2026-08-04 00:00:00+00:00,1.2162144313735614
2026-08-05 00:00:00+00:00,1.2251059832401532
2026-08-06 00:00:00+00:00,1.2175780136267051
2026-08-07 00:00:00+00:00,1.2302038699452365
2026-08-08 00:00:00+00:00,1.2308097221233911
2026-08-09 00:00:00+00:00,1.2301135746614489
2026-08-10 00:00:00+00:00,1.2122143561693552
2026-08-11 00:00:00+00:00,1.2056671434624349
2026-08-12 00:00:00+00:00,1.2025578842369824
2026-08-13 00:00:00+00:00,1.2034349432766869
2026-08-14 00:00:00+00:00,1.1947029600977743
2026-08-15 00:00:00+00:00,1.1968106310165283
2026-08-16 00:00:00+00:00,1.1930314938000863
2026-08-17 00:00:00+00:00,1.2236699946656513
2026-08-18 00:00:00+00:00,1.2289337251062162
2026-08-19 00:00:00+00:00,1.3153366802811952
2026-08-20 00:00:00+00:00,1.3860716250273328
2026-08-21 00:00:00+00:00,1.4837222213757244
2026-08-22 00:00:00+00:00,1.457789242610116
2026-08-23 00:00:00+00:00,1.46827076853139
2026-08-24 00:00:00+00:00,1.4906241300604754
2026-08-25 00:00:00+00:00,1.4841414889259588
2026-08-26 00:00:00+00:00,1.4897680338170813
2026-08-27 00:00:00+00:00,1.5141302388161948
2026-08-28 00:00:00+00:00,1.4651371083208935
2026-08-29 00:00:00+00:00,1.4749970333791464
2026-08-30 00:00:00+00:00,1.4644329798692255
2026-08-31 00:00:00+00:00,1.4796409564924895
2026-09-01 00:00:00+00:00,1.4582915280644972
2026-09-02 00:00:00+00:00,1.4540047264410356
2026-09-03 00:00:00+00:00,1.5290840959037995
2026-09-04 00:00:00+00:00,1.4994772602283517
2026-09-05 00:00:00+00:00,1.5014873871529573
2026-09-06 00:00:00+00:00,1.510496045367412
2026-09-07 00:00:00+00:00,1.486935906918574
2026-09-08 00:00:00+00:00,1.4749397123779049
2026-09-09 00:00:00+00:00,1.470283096022392
2026-09-10 00:00:00+00:00,1.4412738778959073
2026-09-11 00:00:00+00:00,1.450646104253558
2026-09-12 00:00:00+00:00,1.451919484146061
2026-09-13 00:00:00+00:00,1.4425969688432871
2026-09-14 00:00:00+00:00,1.4708720897628087
2026-09-15 00:00:00+00:00,1.4217417114153472
2026-09-16 00:00:00+00:00,1.4299286407994745
2026-09-17 00:00:00+00:00,1.4358494332162952
2026-09-18 00:00:00+00:00,1.5201481085097208
2026-09-19 00:00:00+00:00,1.525664629301578
2026-09-20 00:00:00+00:00,1.5241896654514715
2026-09-21 00:00:00+00:00,1.6209607997541753
2026-09-22 00:00:00+00:00,1.6121513106878018
2026-09-23 00:00:00+00:00,1.5785960551637932
2026-09-24 00:00:00+00:00,1.577304652515512
2026-09-25 00:00:00+00:00,1.5704997524563802
2026-09-26 00:00:00+00:00,1.5762645647355815
2026-09-27 00:00:00+00:00,1.5761995497530064
2026-09-28 00:00:00+00:00,1.5588616675432228
2026-09-29 00:00:00+00:00,1.561016184202416
2026-09-30 00:00:00+00:00,1.5589841836602303
2026-10-01 00:00:00+00:00,1.580581704523888
2026-10-02 00:00:00+00:00,1.574737386059324
2026-10-03 00:00:00+00:00,1.578908906532432
