date,transaction-count
2022-10-02 00:00:00+00:00,216756
2022-10-03 00:00:00+00:00,268836
2022-10-04 00:00:00+00:00,280235
2022-10-05 00:00:00+00:00,267518
2022-10-06 00:00:00+00:00,276491
2022-10-07 00:00:00+00:00,270954
2022-10-08 00:00:00+00:00,235954
2022-10-09 00:00:00+00:00,214993
2022-10-10 00:00:00+00:00,253025
2022-10-11 00:00:00+00:00,272927
2022-10-12 00:00:00+00:00,260366
2022-10-13 00:00:00+00:00,275214
2022-10-14 00:00:00+00:00,284575
2022-10-15 00:00:00+00:00,241112
2022-10-16 00:00:00+00:00,214703
2022-10-17 00:00:00+00:00,261168
2022-10-18 00:00:00+00:00,258490
2022-10-19 00:00:00+00:00,260354
2022-10-20 00:00:00+00:00,268532
2022-10-21 00:00:00+00:00,266487
2022-10-22 00:00:00+00:00,231911
2022-10-23 00:00:00+00:00,218227
2022-10-24 00:00:00+00:00,266297
2022-10-25 00:00:00+00:00,251891
2022-10-26 00:00:00+00:00,305561
2022-10-27 00:00:00+00:00,265430
2022-10-28 00:00:00+00:00,279384
2022-10-29 00:00:00+00:00,251735
2022-10-30 00:00:00+00:00,223333
2022-10-31 00:00:00+00:00,290008
2022-11-01 00:00:00+00:00,273150
2022-11-02 00:00:00+00:00,258761
2022-11-03 00:00:00+00:00,294320
2022-11-04 00:00:00+00:00,281439
2022-11-05 00:00:00+00:00,253538
2022-11-06 00:00:00+00:00,223686
2022-11-07 00:00:00+00:00,267661
2022-11-08 00:00:00+00:00,296138
2022-11-09 00:00:00+00:00,293667
2022-11-10 00:00:00+00:00,294575
2022-11-11 00:00:00+00:00,278829
2022-11-12 00:00:00+00:00,245106
2022-11-13 00:00:00+00:00,224942
2022-11-14 00:00:00+00:00,244858
2022-11-15 00:00:00+00:00,281221
2022-11-16 00:00:00+00:00,264899
2022-11-17 00:00:00+00:00,254924
2022-11-18 00:00:00+00:00,275776
2022-11-19 00:00:00+00:00,262900
2022-11-20 00:00:00+00:00,229629
2022-11-21 00:00:00+00:00,269034
2022-11-22 00:00:00+00:00,257097
2022-11-23 00:00:00+00:00,270971
2022-11-24 00:00:00+00:00,250821
2022-11-25 00:00:00+00:00,262820
2022-11-26 00:00:00+00:00,230269
2022-11-27 00:00:00+00:00,223392
2022-11-28 00:00:00+00:00,259679
2022-11-29 00:00:00+00:00,271896
2022-11-30 00:00:00+00:00,272102
2022-12-01 00:00:00+00:00,286994
2022-12-02 00:00:00+00:00,271522
2022-12-03 00:00:00+00:00,249912
2022-12-04 00:00:00+00:00,216703
2022-12-05 00:00:00+00:00,273083
2022-12-06 00:00:00+00:00,264624
2022-12-07 00:00:00+00:00,266558
2022-12-08 00:00:00+00:00,270258
2022-12-09 00:00:00+00:00,268606
2022-12-10 00:00:00+00:00,231276
2022-12-11 00:00:00+00:00,220885
2022-12-12 00:00:00+00:00,264207
2022-12-13 00:00:00+00:00,286344
2022-12-14 00:00:00+00:00,279228
2022-12-15 00:00:00+00:00,271326
2022-12-16 00:00:00+00:00,258839
2022-12-17 00:00:00+00:00,261183
2022-12-18 00:00:00+00:00,207910
2022-12-19 00:00:00+00:00,262020
2022-12-20 00:00:00+00:00,270300
2022-12-21 00:00:00+00:00,268746
2022-12-22 00:00:00+00:00,276334
2022-12-23 00:00:00+00:00,275188
2022-12-24 00:00:00+00:00,215536
2022-12-25 00:00:00+00:00,196741
2022-12-26 00:00:00+00:00,227132
2022-12-27 00:00:00+00:00,241695
2022-12-28 00:00:00+00:00,269982
2022-12-29 00:00:00+00:00,266982
2022-12-30 00:00:00+00:00,286348
2022-12-31 00:00:00+00:00,243946
2023-01-01 00:00:00+00:00,189355
2023-01-02 00:00:00+00:00,228547
2023-01-03 00:00:00+00:00,273459
2023-01-04 00:00:00+00:00,279254
2023-01-05 00:00:00+00:00,274976
2023-01-06 00:00:00+00:00,273358
2023-01-07 00:00:00+00:00,250336
2023-01-08 00:00:00+00:00,229074
2023-01-09 00:00:00+00:00,286289
2023-01-10 00:00:00+00:00,306036
2023-01-11 00:00:00+00:00,288569
2023-01-12 00:00:00+00:00,310585
2023-01-13 00:00:00+00:00,320370
2023-01-14 00:00:00+00:00,303624
2023-01-15 00:00:00+00:00,255156
2023-01-16 00:00:00+00:00,303811
2023-01-17 00:00:00+00:00,309004
2023-01-18 00:00:00+00:00,294539
2023-01-19 00:00:00+00:00,298607
2023-01-20 00:00:00+00:00,303214
2023-01-21 00:00:00+00:00,286001
2023-01-22 00:00:00+00:00,249747
2023-01-23 00:00:00+00:00,296833
2023-01-24 00:00:00+00:00,288416
2023-01-25 00:00:00+00:00,306272
2023-01-26 00:00:00+00:00,297461
2023-01-27 00:00:00+00:00,305372
2023-01-28 00:00:00+00:00,268374
2023-01-29 00:00:00+00:00,258804
2023-01-30 00:00:00+00:00,311188
2023-01-31 00:00:00+00:00,312359
2023-02-01 00:00:00+00:00,343824
2023-02-02 00:00:00+00:00,335421
2023-02-03 00:00:00+00:00,317695
2023-02-04 00:00:00+00:00,302062
2023-02-05 00:00:00+00:00,256347
2023-02-06 00:00:00+00:00,304492
2023-02-07 00:00:00+00:00,303225
2023-02-08 00:00:00+00:00,315120
2023-02-09 00:00:00+00:00,363668
2023-02-10 00:00:00+00:00,302716
2023-02-11 00:00:00+00:00,281958
2023-02-12 00:00:00+00:00,256348
2023-02-13 00:00:00+00:00,297879
2023-02-14 00:00:00+00:00,305330
2023-02-15 00:00:00+00:00,325059
2023-02-16 00:00:00+00:00,341817
2023-02-17 00:00:00+00:00,322140
2023-02-18 00:00:00+00:00,273988
2023-02-19 00:00:00+00:00,244509
2023-02-20 00:00:00+00:00,267205
2023-02-21 00:00:00+00:00,293613
2023-02-22 00:00:00+00:00,277803
2023-02-23 00:00:00+00:00,291650
2023-02-24 00:00:00+00:00,298377
2023-02-25 00:00:00+00:00,259206
2023-02-26 00:00:00+00:00,271471
2023-02-27 00:00:00+00:00,296912
2023-02-28 00:00:00+00:00,335341
2023-03-01 00:00:00+00:00,377754
2023-03-02 00:00:00+00:00,330024
2023-03-03 00:00:00+00:00,355066
2023-03-04 00:00:00+00:00,306924
2023-03-05 00:00:00+00:00,287178
2023-03-06 00:00:00+00:00,318245
2023-03-07 00:00:00+00:00,360867
2023-03-08 00:00:00+00:00,290018
2023-03-09 00:00:00+00:00,339133
2023-03-10 00:00:00+00:00,322995
2023-03-11 00:00:00+00:00,323403
2023-03-12 00:00:00+00:00,263955
2023-03-13 00:00:00+00:00,335201
2023-03-14 00:00:00+00:00,327923
2023-03-15 00:00:00+00:00,343857
2023-03-16 00:00:00+00:00,295146
2023-03-17 00:00:00+00:00,339244
2023-03-18 00:00:00+00:00,293458
2023-03-19 00:00:00+00:00,271293
2023-03-20 00:00:00+00:00,337263
2023-03-21 00:00:00+00:00,331907
2023-03-22 00:00:00+00:00,296448
2023-03-23 00:00:00+00:00,292159
2023-03-24 00:00:00+00:00,294570
2023-03-25 00:00:00+00:00,287422
2023-03-26 00:00:00+00:00,266890
2023-03-27 00:00:00+00:00,295339
2023-03-28 00:00:00+00:00,317587
2023-03-29 00:00:00+00:00,328588
2023-03-30 00:00:00+00:00,331354
2023-03-31 00:00:00+00:00,308895
2023-04-01 00:00:00+00:00,316521
2023-04-02 00:00:00+00:00,342161
2023-04-03 00:00:00+00:00,336905
2023-04-04 00:00:00+00:00,419443
2023-04-05 00:00:00+00:00,345029
2023-04-06 00:00:00+00:00,352346
2023-04-07 00:00:00+00:00,351639
2023-04-08 00:00:00+00:00,325340
2023-04-09 00:00:00+00:00,277152
2023-04-10 00:00:00+00:00,292988
2023-04-11 00:00:00+00:00,375758
2023-04-12 00:00:00+00:00,344791
2023-04-13 00:00:00+00:00,326572
2023-04-14 00:00:00+00:00,316304
2023-04-15 00:00:00+00:00,275326
2023-04-16 00:00:00+00:00,235578
2023-04-17 00:00:00+00:00,316549
2023-04-18 00:00:00+00:00,313000
2023-04-19 00:00:00+00:00,298359
2023-04-20 00:00:00+00:00,297440
2023-04-21 00:00:00+00:00,352999
2023-04-22 00:00:00+00:00,356615
2023-04-23 00:00:00+00:00,434101
2023-04-24 00:00:00+00:00,358615
2023-04-25 00:00:00+00:00,373152
2023-04-26 00:00:00+00:00,433927
2023-04-27 00:00:00+00:00,419005
2023-04-28 00:00:00+00:00,484327
2023-04-29 00:00:00+00:00,487346
2023-04-30 00:00:00+00:00,561448
2023-05-01 00:00:00+00:00,685711
2023-05-02 00:00:00+00:00,460621
2023-05-03 00:00:00+00:00,488518
2023-05-04 00:00:00+00:00,490738
2023-05-05 00:00:00+00:00,411057
2023-05-06 00:00:00+00:00,603617
2023-05-07 00:00:00+00:00,614264
2023-05-08 00:00:00+00:00,573864
2023-05-09 00:00:00+00:00,592036
2023-05-10 00:00:00+00:00,672910
2023-05-11 00:00:00+00:00,544837
2023-05-12 00:00:00+00:00,508450
2023-05-13 00:00:00+00:00,581550
2023-05-14 00:00:00+00:00,626942
2023-05-15 00:00:00+00:00,526691
2023-05-16 00:00:00+00:00,564700
2023-05-17 00:00:00+00:00,579967
2023-05-18 00:00:00+00:00,478050
2023-05-19 00:00:00+00:00,513521
2023-05-20 00:00:00+00:00,423450
2023-05-21 00:00:00+00:00,487763
2023-05-22 00:00:00+00:00,506455
2023-05-23 00:00:00+00:00,514901
2023-05-24 00:00:00+00:00,398061
2023-05-25 00:00:00+00:00,466257
2023-05-26 00:00:00+00:00,533103
2023-05-27 00:00:00+00:00,469559
2023-05-28 00:00:00+00:00,499561
2023-05-29 00:00:00+00:00,548854
2023-05-30 00:00:00+00:00,511408
2023-05-31 00:00:00+00:00,421021
2023-06-01 00:00:00+00:00,351891
2023-06-02 00:00:00+00:00,485798
2023-06-03 00:00:00+00:00,380045
2023-06-04 00:00:00+00:00,357474
2023-06-05 00:00:00+00:00,363110
2023-06-06 00:00:00+00:00,468063
2023-06-07 00:00:00+00:00,429649
2023-06-08 00:00:00+00:00,403263
2023-06-09 00:00:00+00:00,387748
2023-06-10 00:00:00+00:00,364874
2023-06-11 00:00:00+00:00,401105
2023-06-12 00:00:00+00:00,371500
2023-06-13 00:00:00+00:00,405497
2023-06-14 00:00:00+00:00,333934
2023-06-15 00:00:00+00:00,421465
2023-06-16 00:00:00+00:00,521861
2023-06-17 00:00:00+00:00,468094
2023-06-18 00:00:00+00:00,442763
2023-06-19 00:00:00+00:00,412858
2023-06-20 00:00:00+00:00,446312
2023-06-21 00:00:00+00:00,363604
2023-06-22 00:00:00+00:00,390860
2023-06-23 00:00:00+00:00,373178
2023-06-24 00:00:00+00:00,360123
2023-06-25 00:00:00+00:00,384437
2023-06-26 00:00:00+00:00,405162
2023-06-27 00:00:00+00:00,433747
2023-06-28 00:00:00+00:00,331234
2023-06-29 00:00:00+00:00,435226
2023-06-30 00:00:00+00:00,446825
2023-07-01 00:00:00+00:00,320180
2023-07-02 00:00:00+00:00,307552
2023-07-03 00:00:00+00:00,333178
2023-07-04 00:00:00+00:00,377184
2023-07-05 00:00:00+00:00,494320
2023-07-06 00:00:00+00:00,393611
2023-07-07 00:00:00+00:00,558253
2023-07-08 00:00:00+00:00,574664
2023-07-09 00:00:00+00:00,593770
2023-07-10 00:00:00+00:00,508406
2023-07-11 00:00:00+00:00,430012
2023-07-12 00:00:00+00:00,477324
2023-07-13 00:00:00+00:00,373263
2023-07-14 00:00:00+00:00,421261
2023-07-15 00:00:00+00:00,489697
2023-07-16 00:00:00+00:00,591972
2023-07-17 00:00:00+00:00,440009
2023-07-18 00:00:00+00:00,569852
2023-07-19 00:00:00+00:00,482668
2023-07-20 00:00:00+00:00,398519
2023-07-21 00:00:00+00:00,322339
2023-07-22 00:00:00+00:00,288229
2023-07-23 00:00:00+00:00,560423
2023-07-24 00:00:00+00:00,530301
2023-07-25 00:00:00+00:00,463976
2023-07-26 00:00:00+00:00,451236
2023-07-27 00:00:00+00:00,413776
2023-07-28 00:00:00+00:00,448372
2023-07-29 00:00:00+00:00,423912
2023-07-30 00:00:00+00:00,645339
2023-07-31 00:00:00+00:00,446746
2023-08-01 00:00:00+00:00,405391
2023-08-02 00:00:00+00:00,393762
2023-08-03 00:00:00+00:00,476666
2023-08-04 00:00:00+00:00,318338
2023-08-05 00:00:00+00:00,499440
2023-08-06 00:00:00+00:00,611086
2023-08-07 00:00:00+00:00,423178
2023-08-08 00:00:00+00:00,332667
2023-08-09 00:00:00+00:00,508817
2023-08-10 00:00:00+00:00,355773
2023-08-11 00:00:00+00:00,502936
2023-08-12 00:00:00+00:00,512116
2023-08-13 00:00:00+00:00,497535
2023-08-14 00:00:00+00:00,563322
2023-08-15 00:00:00+00:00,581895
2023-08-16 00:00:00+00:00,574119
2023-08-17 00:00:00+00:00,492845
2023-08-18 00:00:00+00:00,424283
2023-08-19 00:00:00+00:00,521811
2023-08-20 00:00:00+00:00,611930
2023-08-21 00:00:00+00:00,551541
2023-08-22 00:00:00+00:00,422819
2023-08-23 00:00:00+00:00,409372
2023-08-24 00:00:00+00:00,401881
2023-08-25 00:00:00+00:00,425953
2023-08-26 00:00:00+00:00,499325
2023-08-27 00:00:00+00:00,411227
2023-08-28 00:00:00+00:00,326485
2023-08-29 00:00:00+00:00,509039
2023-08-30 00:00:00+00:00,406652
2023-08-31 00:00:00+00:00,433684
2023-09-01 00:00:00+00:00,418665
2023-09-02 00:00:00+00:00,545957
2023-09-03 00:00:00+00:00,627700
2023-09-04 00:00:00+00:00,575666
2023-09-05 00:00:00+00:00,453308
2023-09-06 00:00:00+00:00,485735
2023-09-07 00:00:00+00:00,541513
2023-09-08 00:00:00+00:00,408954
2023-09-09 00:00:00+00:00,599142
2023-09-10 00:00:00+00:00,557602
2023-09-11 00:00:00+00:00,463598
2023-09-12 00:00:00+00:00,461193
2023-09-13 00:00:00+00:00,513232
2023-09-14 00:00:00+00:00,574875
2023-09-15 00:00:00+00:00,708663
2023-09-16 00:00:00+00:00,591563
2023-09-17 00:00:00+00:00,616879
2023-09-18 00:00:00+00:00,625728
2023-09-19 00:00:00+00:00,491377
2023-09-20 00:00:00+00:00,561350
2023-09-21 00:00:00+00:00,427398
2023-09-22 00:00:00+00:00,433758
2023-09-23 00:00:00+00:00,639336
2023-09-24 00:00:00+00:00,428059
2023-09-25 00:00:00+00:00,294377
2023-09-26 00:00:00+00:00,305251
2023-09-27 00:00:00+00:00,341149
2023-09-28 00:00:00+00:00,376671
2023-09-29 00:00:00+00:00,323661
2023-09-30 00:00:00+00:00,280334
2023-10-01 00:00:00+00:00,320190
2023-10-02 00:00:00+00:00,340200
2023-10-03 00:00:00+00:00,309334
2023-10-04 00:00:00+00:00,293693
2023-10-05 00:00:00+00:00,321037
2023-10-06 00:00:00+00:00,293272
2023-10-07 00:00:00+00:00,242646
2023-10-08 00:00:00+00:00,243277
2023-10-09 00:00:00+00:00,280007
2023-10-10 00:00:00+00:00,283755
2023-10-11 00:00:00+00:00,265623
2023-10-12 00:00:00+00:00,272350
2023-10-13 00:00:00+00:00,278419
2023-10-14 00:00:00+00:00,258882
2023-10-15 00:00:00+00:00,258142
2023-10-16 00:00:00+00:00,298000
2023-10-17 00:00:00+00:00,294069
2023-10-18 00:00:00+00:00,275052
2023-10-19 00:00:00+00:00,282274
2023-10-20 00:00:00+00:00,293330
2023-10-21 00:00:00+00:00,268430
2023-10-22 00:00:00+00:00,247456
2023-10-23 00:00:00+00:00,312741
2023-10-24 00:00:00+00:00,372695
2023-10-25 00:00:00+00:00,477890
2023-10-26 00:00:00+00:00,429794
2023-10-27 00:00:00+00:00,456280
2023-10-28 00:00:00+00:00,564578
2023-10-29 00:00:00+00:00,403706
2023-10-30 00:00:00+00:00,461480
2023-10-31 00:00:00+00:00,437895
2023-11-01 00:00:00+00:00,461955
2023-11-02 00:00:00+00:00,410238
2023-11-03 00:00:00+00:00,450384
2023-11-04 00:00:00+00:00,704138
2023-11-05 00:00:00+00:00,666535
2023-11-06 00:00:00+00:00,439013
2023-11-07 00:00:00+00:00,449873
2023-11-08 00:00:00+00:00,585167
2023-11-09 00:00:00+00:00,571031
2023-11-10 00:00:00+00:00,526138
2023-11-11 00:00:00+00:00,628048
2023-11-12 00:00:00+00:00,706503
2023-11-13 00:00:00+00:00,418873
2023-11-14 00:00:00+00:00,525384
2023-11-15 00:00:00+00:00,569166
2023-11-16 00:00:00+00:00,628280
2023-11-17 00:00:00+00:00,532945
2023-11-18 00:00:00+00:00,629610
2023-11-19 00:00:00+00:00,712264
2023-11-20 00:00:00+00:00,630519
2023-11-21 00:00:00+00:00,530112
2023-11-22 00:00:00+00:00,536770
2023-11-23 00:00:00+00:00,586979
2023-11-24 00:00:00+00:00,624489
2023-11-25 00:00:00+00:00,612626
2023-11-26 00:00:00+00:00,578192
2023-11-27 00:00:00+00:00,478456
2023-11-28 00:00:00+00:00,447781
2023-11-29 00:00:00+00:00,358838
2023-11-30 00:00:00+00:00,410936
2023-12-01 00:00:00+00:00,497410
2023-12-02 00:00:00+00:00,435763
2023-12-03 00:00:00+00:00,707186
2023-12-04 00:00:00+00:00,567712
2023-12-05 00:00:00+00:00,513549
2023-12-06 00:00:00+00:00,469800
2023-12-07 00:00:00+00:00,368965
2023-12-08 00:00:00+00:00,411806
2023-12-09 00:00:00+00:00,593873
2023-12-10 00:00:00+00:00,528723
2023-12-11 00:00:00+00:00,528218
2023-12-12 00:00:00+00:00,547067
2023-12-13 00:00:00+00:00,586126
2023-12-14 00:00:00+00:00,569840
2023-12-15 00:00:00+00:00,632050
2023-12-16 00:00:00+00:00,636141
2023-12-17 00:00:00+00:00,621213
2023-12-18 00:00:00+00:00,641771
2023-12-19 00:00:00+00:00,662370
2023-12-20 00:00:00+00:00,580281
2023-12-21 00:00:00+00:00,589222
2023-12-22 00:00:00+00:00,623750
2023-12-23 00:00:00+00:00,609387
2023-12-24 00:00:00+00:00,724746
2023-12-25 00:00:00+00:00,531891
2023-12-26 00:00:00+00:00,556724
2023-12-27 00:00:00+00:00,541778
2023-12-28 00:00:00+00:00,417387
2023-12-29 00:00:00+00:00,579710
2023-12-30 00:00:00+00:00,540497
2023-12-31 00:00:00+00:00,724837
2024-01-01 00:00:00+00:00,655722
2024-01-02 00:00:00+00:00,364237
2024-01-03 00:00:00+00:00,502203
2024-01-04 00:00:00+00:00,482718
2024-01-05 00:00:00+00:00,416347
2024-01-06 00:00:00+00:00,389306
2024-01-07 00:00:00+00:00,348435
2024-01-08 00:00:00+00:00,409400
2024-01-09 00:00:00+00:00,470829
2024-01-10 00:00:00+00:00,384427
2024-01-11 00:00:00+00:00,450822
2024-01-12 00:00:00+00:00,367870
2024-01-13 00:00:00+00:00,667027
2024-01-14 00:00:00+00:00,591106
2024-01-15 00:00:00+00:00,401054
2024-01-16 00:00:00+00:00,469892
2024-01-17 00:00:00+00:00,455050
2024-01-18 00:00:00+00:00,480795
2024-01-19 00:00:00+00:00,461325
2024-01-20 00:00:00+00:00,565601
2024-01-21 00:00:00+00:00,593968
2024-01-22 00:00:00+00:00,451204
2024-01-23 00:00:00+00:00,368563
2024-01-24 00:00:00+00:00,368789
2024-01-25 00:00:00+00:00,347123
2024-01-26 00:00:00+00:00,496525
2024-01-27 00:00:00+00:00,603739
2024-01-28 00:00:00+00:00,629248
2024-01-29 00:00:00+00:00,580828
2024-01-30 00:00:00+00:00,524001
2024-01-31 00:00:00+00:00,437107
2024-02-01 00:00:00+00:00,410372
2024-02-02 00:00:00+00:00,432087
2024-02-03 00:00:00+00:00,515129
2024-02-04 00:00:00+00:00,331515
2024-02-05 00:00:00+00:00,281772
2024-02-06 00:00:00+00:00,280196
2024-02-07 00:00:00+00:00,425025
2024-02-08 00:00:00+00:00,287438
2024-02-09 00:00:00+00:00,330447
2024-02-10 00:00:00+00:00,406003
2024-02-11 00:00:00+00:00,323411
2024-02-12 00:00:00+00:00,413637
2024-02-13 00:00:00+00:00,305214
2024-02-14 00:00:00+00:00,298455
2024-02-15 00:00:00+00:00,309299
2024-02-16 00:00:00+00:00,306995
2024-02-17 00:00:00+00:00,330435
2024-02-18 00:00:00+00:00,346126
2024-02-19 00:00:00+00:00,366190
2024-02-20 00:00:00+00:00,396745
2024-02-21 00:00:00+00:00,369350
2024-02-22 00:00:00+00:00,366922
2024-02-23 00:00:00+00:00,403218
2024-02-24 00:00:00+00:00,342157
2024-02-25 00:00:00+00:00,421219
2024-02-26 00:00:00+00:00,355313
2024-02-27 00:00:00+00:00,388230
2024-02-28 00:00:00+00:00,415406
2024-02-29 00:00:00+00:00,407609
2024-03-01 00:00:00+00:00,415081
2024-03-02 00:00:00+00:00,342086
2024-03-03 00:00:00+00:00,385135
2024-03-04 00:00:00+00:00,358771
2024-03-05 00:00:00+00:00,424703
2024-03-06 00:00:00+00:00,381467
2024-03-07 00:00:00+00:00,437969
2024-03-08 00:00:00+00:00,424558
2024-03-09 00:00:00+00:00,362520
2024-03-10 00:00:00+00:00,363011
2024-03-11 00:00:00+00:00,393001
2024-03-12 00:00:00+00:00,344882
2024-03-13 00:00:00+00:00,387845
2024-03-14 00:00:00+00:00,330080
2024-03-15 00:00:00+00:00,311078
2024-03-16 00:00:00+00:00,355299
2024-03-17 00:00:00+00:00,365645
2024-03-18 00:00:00+00:00,417117
2024-03-19 00:00:00+00:00,459004
2024-03-20 00:00:00+00:00,360623
2024-03-21 00:00:00+00:00,328692
2024-03-22 00:00:00+00:00,347556
2024-03-23 00:00:00+00:00,315648
2024-03-24 00:00:00+00:00,331993
2024-03-25 00:00:00+00:00,320633
2024-03-26 00:00:00+00:00,313314
2024-03-27 00:00:00+00:00,358499
2024-03-28 00:00:00+00:00,433584
2024-03-29 00:00:00+00:00,451776
2024-03-30 00:00:00+00:00,486300
2024-03-31 00:00:00+00:00,315001
2024-04-01 00:00:00+00:00,330165
2024-04-02 00:00:00+00:00,358331
2024-04-03 00:00:00+00:00,369696
2024-04-04 00:00:00+00:00,324609
2024-04-05 00:00:00+00:00,346357
2024-04-06 00:00:00+00:00,433426
2024-04-07 00:00:00+00:00,526443
2024-04-08 00:00:00+00:00,454644
2024-04-09 00:00:00+00:00,450513
2024-04-10 00:00:00+00:00,538372
2024-04-11 00:00:00+00:00,479937
2024-04-12 00:00:00+00:00,441977
2024-04-13 00:00:00+00:00,510750
2024-04-14 00:00:00+00:00,468144
2024-04-15 00:00:00+00:00,503794
2024-04-16 00:00:00+00:00,453968
2024-04-17 00:00:00+00:00,385424
2024-04-18 00:00:00+00:00,416810
2024-04-19 00:00:00+00:00,398632
2024-04-20 00:00:00+00:00,630654
2024-04-21 00:00:00+00:00,644793
2024-04-22 00:00:00+00:00,673406
2024-04-23 00:00:00+00:00,928131
2024-04-24 00:00:00+00:00,600768
2024-04-25 00:00:00+00:00,525222
2024-04-26 00:00:00+00:00,440854
2024-04-27 00:00:00+00:00,459297
2024-04-28 00:00:00+00:00,480244
2024-04-29 00:00:00+00:00,400991
2024-04-30 00:00:00+00:00,501881
2024-05-01 00:00:00+00:00,477225
2024-05-02 00:00:00+00:00,563418
2024-05-03 00:00:00+00:00,437975
2024-05-04 00:00:00+00:00,668343
2024-05-05 00:00:00+00:00,626139
2024-05-06 00:00:00+00:00,507965
2024-05-07 00:00:00+00:00,373579
2024-05-08 00:00:00+00:00,453934
2024-05-09 00:00:00+00:00,521126
2024-05-10 00:00:00+00:00,720578
2024-05-11 00:00:00+00:00,712455
2024-05-12 00:00:00+00:00,562310
2024-05-13 00:00:00+00:00,541770
2024-05-14 00:00:00+00:00,422749
2024-05-15 00:00:00+00:00,499145
2024-05-16 00:00:00+00:00,481822
2024-05-17 00:00:00+00:00,564502
2024-05-18 00:00:00+00:00,399736
2024-05-19 00:00:00+00:00,641786
2024-05-20 00:00:00+00:00,632582
2024-05-21 00:00:00+00:00,544407
2024-05-22 00:00:00+00:00,587003
2024-05-23 00:00:00+00:00,736406
2024-05-24 00:00:00+00:00,739561
2024-05-25 00:00:00+00:00,844733
2024-05-26 00:00:00+00:00,852881
2024-05-27 00:00:00+00:00,549315
2024-05-28 00:00:00+00:00,594169
2024-05-29 00:00:00+00:00,721240
2024-05-30 00:00:00+00:00,510008
2024-05-31 00:00:00+00:00,713689
2024-06-01 00:00:00+00:00,737521
2024-06-02 00:00:00+00:00,729457
2024-06-03 00:00:00+00:00,758731
2024-06-04 00:00:00+00:00,636795
2024-06-05 00:00:00+00:00,562197
2024-06-06 00:00:00+00:00,602842
2024-06-07 00:00:00+00:00,250713
2024-06-08 00:00:00+00:00,529506
2024-06-09 00:00:00+00:00,761292
2024-06-10 00:00:00+00:00,661124
2024-06-11 00:00:00+00:00,469892
2024-06-12 00:00:00+00:00,690905
2024-06-13 00:00:00+00:00,729876
2024-06-14 00:00:00+00:00,599059
2024-06-15 00:00:00+00:00,447381
2024-06-16 00:00:00+00:00,452652
2024-06-17 00:00:00+00:00,465013
2024-06-18 00:00:00+00:00,605888
2024-06-19 00:00:00+00:00,635236
2024-06-20 00:00:00+00:00,528366
2024-06-21 00:00:00+00:00,592761
2024-06-22 00:00:00+00:00,681231
2024-06-23 00:00:00+00:00,497676
2024-06-24 00:00:00+00:00,525488
2024-06-25 00:00:00+00:00,550745
2024-06-26 00:00:00+00:00,465408
2024-06-27 00:00:00+00:00,427935
2024-06-28 00:00:00+00:00,595003
2024-06-29 00:00:00+00:00,703622
2024-06-30 00:00:00+00:00,518698
2024-07-01 00:00:00+00:00,596143
2024-07-02 00:00:00+00:00,608523
2024-07-03 00:00:00+00:00,536681
2024-07-04 00:00:00+00:00,535655
2024-07-05 00:00:00+00:00,493163
2024-07-06 00:00:00+00:00,656568
2024-07-07 00:00:00+00:00,684693
2024-07-08 00:00:00+00:00,586774
2024-07-09 00:00:00+00:00,644607
2024-07-10 00:00:00+00:00,632748
2024-07-11 00:00:00+00:00,646591
2024-07-12 00:00:00+00:00,659272
2024-07-13 00:00:00+00:00,733907
2024-07-14 00:00:00+00:00,588547
2024-07-15 00:00:00+00:00,544485
2024-07-16 00:00:00+00:00,536502
2024-07-17 00:00:00+00:00,617766
2024-07-18 00:00:00+00:00,435804
2024-07-19 00:00:00+00:00,507835
2024-07-20 00:00:00+00:00,696460
2024-07-21 00:00:00+00:00,858284
2024-07-22 00:00:00+00:00,827992
2024-07-23 00:00:00+00:00,827733
2024-07-24 00:00:00+00:00,601149
2024-07-25 00:00:00+00:00,708129
2024-07-26 00:00:00+00:00,458448
2024-07-27 00:00:00+00:00,454253
2024-07-28 00:00:00+00:00,756828
2024-07-29 00:00:00+00:00,821955
2024-07-30 00:00:00+00:00,670957
2024-07-31 00:00:00+00:00,578053
2024-08-01 00:00:00+00:00,532152
2024-08-02 00:00:00+00:00,410307
2024-08-03 00:00:00+00:00,502369
2024-08-04 00:00:00+00:00,526479
2024-08-05 00:00:00+00:00,550851
2024-08-06 00:00:00+00:00,483465
2024-08-07 00:00:00+00:00,381999
2024-08-08 00:00:00+00:00,485878
2024-08-09 00:00:00+00:00,394215
2024-08-10 00:00:00+00:00,556497
2024-08-11 00:00:00+00:00,641944
2024-08-12 00:00:00+00:00,442326
2024-08-13 00:00:00+00:00,582647
2024-08-14 00:00:00+00:00,510189
2024-08-15 00:00:00+00:00,658114
2024-08-16 00:00:00+00:00,581170
2024-08-17 00:00:00+00:00,706066
2024-08-18 00:00:00+00:00,758170
2024-08-19 00:00:00+00:00,560243
2024-08-20 00:00:00+00:00,715687
2024-08-21 00:00:00+00:00,684872
2024-08-22 00:00:00+00:00,797502
2024-08-23 00:00:00+00:00,799006
2024-08-24 00:00:00+00:00,797698
2024-08-25 00:00:00+00:00,703385
2024-08-26 00:00:00+00:00,606871
2024-08-27 00:00:00+00:00,676465
2024-08-28 00:00:00+00:00,721912
2024-08-29 00:00:00+00:00,525910
2024-08-30 00:00:00+00:00,548197
2024-08-31 00:00:00+00:00,695519
2024-09-01 00:00:00+00:00,656333
2024-09-02 00:00:00+00:00,739986
2024-09-03 00:00:00+00:00,592324
2024-09-04 00:00:00+00:00,728756
2024-09-05 00:00:00+00:00,714387
2024-09-06 00:00:00+00:00,665444
2024-09-07 00:00:00+00:00,794571
2024-09-08 00:00:00+00:00,906655
2024-09-09 00:00:00+00:00,570838
2024-09-10 00:00:00+00:00,556413
2024-09-11 00:00:00+00:00,408991
2024-09-12 00:00:00+00:00,561823
2024-09-13 00:00:00+00:00,422965
2024-09-14 00:00:00+00:00,637192
2024-09-15 00:00:00+00:00,730022
2024-09-16 00:00:00+00:00,486773
2024-09-17 00:00:00+00:00,551806
2024-09-18 00:00:00+00:00,535050
2024-09-19 00:00:00+00:00,449403
2024-09-20 00:00:00+00:00,524801
2024-09-21 00:00:00+00:00,564640
2024-09-22 00:00:00+00:00,629903
2024-09-23 00:00:00+00:00,573531
2024-09-24 00:00:00+00:00,531570
2024-09-25 00:00:00+00:00,504605
2024-09-26 00:00:00+00:00,483781
2024-09-27 00:00:00+00:00,434448
2024-09-28 00:00:00+00:00,521838
2024-09-29 00:00:00+00:00,685081
2024-09-30 00:00:00+00:00,593815
2024-10-01 00:00:00+00:00,624352
2024-10-02 00:00:00+00:00,599545
2024-10-03 00:00:00+00:00,574536
2024-10-04 00:00:00+00:00,571667
2024-10-05 00:00:00+00:00,759113
2024-10-06 00:00:00+00:00,744069
2024-10-07 00:00:00+00:00,717392
2024-10-08 00:00:00+00:00,711462
2024-10-09 00:00:00+00:00,534258
2024-10-10 00:00:00+00:00,759342
2024-10-11 00:00:00+00:00,631180
2024-10-12 00:00:00+00:00,732389
2024-10-13 00:00:00+00:00,643752
2024-10-14 00:00:00+00:00,609666
2024-10-15 00:00:00+00:00,648296
2024-10-16 00:00:00+00:00,722995
2024-10-17 00:00:00+00:00,637858
2024-10-18 00:00:00+00:00,471530
2024-10-19 00:00:00+00:00,738236
2024-10-20 00:00:00+00:00,785369
2024-10-21 00:00:00+00:00,837363
2024-10-22 00:00:00+00:00,696851
2024-10-23 00:00:00+00:00,655119
2024-10-24 00:00:00+00:00,700022
2024-10-25 00:00:00+00:00,503588
2024-10-26 00:00:00+00:00,603956
2024-10-27 00:00:00+00:00,695610
2024-10-28 00:00:00+00:00,713082
2024-10-29 00:00:00+00:00,617786
2024-10-30 00:00:00+00:00,674680
2024-10-31 00:00:00+00:00,562286
2024-11-01 00:00:00+00:00,547824
2024-11-02 00:00:00+00:00,540251
2024-11-03 00:00:00+00:00,455287
2024-11-04 00:00:00+00:00,462249
2024-11-05 00:00:00+00:00,457869
2024-11-06 00:00:00+00:00,500965
2024-11-07 00:00:00+00:00,567009
2024-11-08 00:00:00+00:00,481877
2024-11-09 00:00:00+00:00,587132
2024-11-10 00:00:00+00:00,553582
2024-11-11 00:00:00+00:00,461089
2024-11-12 00:00:00+00:00,502742
2024-11-13 00:00:00+00:00,570985
2024-11-14 00:00:00+00:00,503550
2024-11-15 00:00:00+00:00,559376
2024-11-16 00:00:00+00:00,608007
2024-11-17 00:00:00+00:00,598836
2024-11-18 00:00:00+00:00,676948
2024-11-19 00:00:00+00:00,815851
2024-11-20 00:00:00+00:00,669311
2024-11-21 00:00:00+00:00,480041
2024-11-22 00:00:00+00:00,539627
2024-11-23 00:00:00+00:00,451335
2024-11-24 00:00:00+00:00,463815
2024-11-25 00:00:00+00:00,598037
2024-11-26 00:00:00+00:00,475347
2024-11-27 00:00:00+00:00,462955
2024-11-28 00:00:00+00:00,523444
2024-11-29 00:00:00+00:00,348672
2024-11-30 00:00:00+00:00,633055
2024-12-01 00:00:00+00:00,698852
2024-12-02 00:00:00+00:00,310261
2024-12-03 00:00:00+00:00,437755
2024-12-04 00:00:00+00:00,503460
2024-12-05 00:00:00+00:00,509543
2024-12-06 00:00:00+00:00,433339
2024-12-07 00:00:00+00:00,443750
2024-12-08 00:00:00+00:00,419481
2024-12-09 00:00:00+00:00,401306
2024-12-10 00:00:00+00:00,441945
2024-12-11 00:00:00+00:00,482129
2024-12-12 00:00:00+00:00,471573
2024-12-13 00:00:00+00:00,527292
2024-12-14 00:00:00+00:00,523313
2024-12-15 00:00:00+00:00,370567
2024-12-16 00:00:00+00:00,412496
2024-12-17 00:00:00+00:00,417545
2024-12-18 00:00:00+00:00,415402
2024-12-19 00:00:00+00:00,437556
2024-12-20 00:00:00+00:00,391262
2024-12-21 00:00:00+00:00,334464
2024-12-22 00:00:00+00:00,332182
2024-12-23 00:00:00+00:00,298335
2024-12-24 00:00:00+00:00,323103
2024-12-25 00:00:00+00:00,407080
2024-12-26 00:00:00+00:00,298230
2024-12-27 00:00:00+00:00,348548
2024-12-28 00:00:00+00:00,291855
2024-12-29 00:00:00+00:00,432661
2024-12-30 00:00:00+00:00,362074
2024-12-31 00:00:00+00:00,315699
2025-01-01 00:00:00+00:00,290700
2025-01-02 00:00:00+00:00,412640
2025-01-03 00:00:00+00:00,400483
2025-01-04 00:00:00+00:00,439080
2025-01-05 00:00:00+00:00,433093
2025-01-06 00:00:00+00:00,364707
2025-01-07 00:00:00+00:00,344525
2025-01-08 00:00:00+00:00,408966
2025-01-09 00:00:00+00:00,528450
2025-01-10 00:00:00+00:00,405326
2025-01-11 00:00:00+00:00,368077
2025-01-12 00:00:00+00:00,380129
2025-01-13 00:00:00+00:00,407646
2025-01-14 00:00:00+00:00,348098
2025-01-15 00:00:00+00:00,356513
2025-01-16 00:00:00+00:00,381403
2025-01-17 00:00:00+00:00,420369
2025-01-18 00:00:00+00:00,360806
2025-01-19 00:00:00+00:00,381533
2025-01-20 00:00:00+00:00,353367
2025-01-21 00:00:00+00:00,329282
2025-01-22 00:00:00+00:00,429325
2025-01-23 00:00:00+00:00,326782
2025-01-24 00:00:00+00:00,372822
2025-01-25 00:00:00+00:00,328968
2025-01-26 00:00:00+00:00,310325
2025-01-27 00:00:00+00:00,335928
2025-01-28 00:00:00+00:00,311149
2025-01-29 00:00:00+00:00,349802
2025-01-30 00:00:00+00:00,346376
2025-01-31 00:00:00+00:00,317922
2025-02-01 00:00:00+00:00,352449
2025-02-02 00:00:00+00:00,383886
2025-02-03 00:00:00+00:00,363728
2025-02-04 00:00:00+00:00,313377
2025-02-05 00:00:00+00:00,378194
2025-02-06 00:00:00+00:00,426147
2025-02-07 00:00:00+00:00,501276
2025-02-08 00:00:00+00:00,467968
2025-02-09 00:00:00+00:00,382701
2025-02-10 00:00:00+00:00,364185
2025-02-11 00:00:00+00:00,331657
2025-02-12 00:00:00+00:00,389778
2025-02-13 00:00:00+00:00,375861
2025-02-14 00:00:00+00:00,341719
2025-02-15 00:00:00+00:00,310167
2025-02-16 00:00:00+00:00,306797
2025-02-17 00:00:00+00:00,327916
2025-02-18 00:00:00+00:00,429401
2025-02-19 00:00:00+00:00,448514
2025-02-20 00:00:00+00:00,482796
2025-02-21 00:00:00+00:00,454467
2025-02-22 00:00:00+00:00,558602
2025-02-23 00:00:00+00:00,574133
2025-02-24 00:00:00+00:00,511496
2025-02-25 00:00:00+00:00,493632
2025-02-26 00:00:00+00:00,398655
2025-02-27 00:00:00+00:00,326363
2025-02-28 00:00:00+00:00,388679
2025-03-01 00:00:00+00:00,283151
2025-03-02 00:00:00+00:00,271285
2025-03-03 00:00:00+00:00,372983
2025-03-04 00:00:00+00:00,302840
2025-03-05 00:00:00+00:00,306253
2025-03-06 00:00:00+00:00,372699
2025-03-07 00:00:00+00:00,313867
2025-03-08 00:00:00+00:00,291511
2025-03-09 00:00:00+00:00,302935
2025-03-10 00:00:00+00:00,441520
2025-03-11 00:00:00+00:00,379790
2025-03-12 00:00:00+00:00,432621
2025-03-13 00:00:00+00:00,529277
2025-03-14 00:00:00+00:00,441947
2025-03-15 00:00:00+00:00,472408
2025-03-16 00:00:00+00:00,468961
2025-03-17 00:00:00+00:00,382454
2025-03-18 00:00:00+00:00,367012
2025-03-19 00:00:00+00:00,438484
2025-03-20 00:00:00+00:00,341253
2025-03-21 00:00:00+00:00,318682
2025-03-22 00:00:00+00:00,412886
2025-03-23 00:00:00+00:00,542672
2025-03-24 00:00:00+00:00,481825
2025-03-25 00:00:00+00:00,499703
2025-03-26 00:00:00+00:00,518025
2025-03-27 00:00:00+00:00,435123
2025-03-28 00:00:00+00:00,395973
2025-03-29 00:00:00+00:00,292760
2025-03-30 00:00:00+00:00,303321
2025-03-31 00:00:00+00:00,319360
2025-04-01 00:00:00+00:00,352343
2025-04-02 00:00:00+00:00,404621
2025-04-03 00:00:00+00:00,395213
2025-04-04 00:00:00+00:00,422793
2025-04-05 00:00:00+00:00,294122
2025-04-06 00:00:00+00:00,272974
2025-04-07 00:00:00+00:00,315963
2025-04-08 00:00:00+00:00,360926
2025-04-09 00:00:00+00:00,320082
2025-04-10 00:00:00+00:00,315731
2025-04-11 00:00:00+00:00,412324
2025-04-12 00:00:00+00:00,413756
2025-04-13 00:00:00+00:00,448011
2025-04-14 00:00:00+00:00,448201
2025-04-15 00:00:00+00:00,435581
2025-04-16 00:00:00+00:00,512698
2025-04-17 00:00:00+00:00,555992
2025-04-18 00:00:00+00:00,512005
2025-04-19 00:00:00+00:00,548341
2025-04-20 00:00:00+00:00,468036
2025-04-21 00:00:00+00:00,437926
2025-04-22 00:00:00+00:00,514191
2025-04-23 00:00:00+00:00,425004
2025-04-24 00:00:00+00:00,460328
2025-04-25 00:00:00+00:00,385154
2025-04-26 00:00:00+00:00,330013
2025-04-27 00:00:00+00:00,432684
2025-04-28 00:00:00+00:00,421997
2025-04-29 00:00:00+00:00,466125
2025-04-30 00:00:00+00:00,344716
2025-05-01 00:00:00+00:00,330132
2025-05-02 00:00:00+00:00,380180
2025-05-03 00:00:00+00:00,389316
2025-05-04 00:00:00+00:00,345861
2025-05-05 00:00:00+00:00,401820
2025-05-06 00:00:00+00:00,335143
2025-05-07 00:00:00+00:00,343041
2025-05-08 00:00:00+00:00,371373
2025-05-09 00:00:00+00:00,335574
2025-05-10 00:00:00+00:00,326973
2025-05-11 00:00:00+00:00,280245
2025-05-12 00:00:00+00:00,385997
2025-05-13 00:00:00+00:00,289432
2025-05-14 00:00:00+00:00,325951
2025-05-15 00:00:00+00:00,373943
2025-05-16 00:00:00+00:00,365949
2025-05-17 00:00:00+00:00,293931
2025-05-18 00:00:00+00:00,641273
2025-05-19 00:00:00+00:00,583361
2025-05-20 00:00:00+00:00,559405
2025-05-21 00:00:00+00:00,424978
2025-05-22 00:00:00+00:00,471085
2025-05-23 00:00:00+00:00,445109
2025-05-24 00:00:00+00:00,389251
2025-05-25 00:00:00+00:00,357724
2025-05-26 00:00:00+00:00,352991
2025-05-27 00:00:00+00:00,424640
2025-05-28 00:00:00+00:00,540056
2025-05-29 00:00:00+00:00,390670
2025-05-30 00:00:00+00:00,389971
2025-05-31 00:00:00+00:00,300176
2025-06-01 00:00:00+00:00,254662
2025-06-02 00:00:00+00:00,348163
2025-06-03 00:00:00+00:00,360069
2025-06-04 00:00:00+00:00,332769
2025-06-05 00:00:00+00:00,321208
2025-06-06 00:00:00+00:00,296656
2025-06-07 00:00:00+00:00,290519
2025-06-08 00:00:00+00:00,323313
2025-06-09 00:00:00+00:00,354588
2025-06-10 00:00:00+00:00,421700
2025-06-11 00:00:00+00:00,349470
2025-06-12 00:00:00+00:00,424933
2025-06-13 00:00:00+00:00,347897
2025-06-14 00:00:00+00:00,271851
2025-06-15 00:00:00+00:00,281450
2025-06-16 00:00:00+00:00,366746
2025-06-17 00:00:00+00:00,359926
2025-06-18 00:00:00+00:00,434037
2025-06-19 00:00:00+00:00,307561
2025-06-20 00:00:00+00:00,353689
2025-06-21 00:00:00+00:00,310017
2025-06-22 00:00:00+00:00,264346
2025-06-23 00:00:00+00:00,291899
2025-06-24 00:00:00+00:00,279722
2025-06-25 00:00:00+00:00,387334
2025-06-26 00:00:00+00:00,506745
2025-06-27 00:00:00+00:00,337361
2025-06-28 00:00:00+00:00,389138
2025-06-29 00:00:00+00:00,368982
2025-06-30 00:00:00+00:00,342103
2025-07-01 00:00:00+00:00,330384
2025-07-02 00:00:00+00:00,361066
2025-07-03 00:00:00+00:00,364594
2025-07-04 00:00:00+00:00,365649
2025-07-05 00:00:00+00:00,436219
2025-07-06 00:00:00+00:00,496239
2025-07-07 00:00:00+00:00,374019
2025-07-08 00:00:00+00:00,342697
2025-07-09 00:00:00+00:00,452381
2025-07-10 00:00:00+00:00,434824
2025-07-11 00:00:00+00:00,409674
2025-07-12 00:00:00+00:00,394126
2025-07-13 00:00:00+00:00,410972
2025-07-14 00:00:00+00:00,450093
2025-07-15 00:00:00+00:00,421980
2025-07-16 00:00:00+00:00,402255
2025-07-17 00:00:00+00:00,428846
2025-07-18 00:00:00+00:00,449609
2025-07-19 00:00:00+00:00,432190
2025-07-20 00:00:00+00:00,405387
2025-07-21 00:00:00+00:00,388565
2025-07-22 00:00:00+00:00,423231
2025-07-23 00:00:00+00:00,365110
2025-07-24 00:00:00+00:00,408556
2025-07-25 00:00:00+00:00,433467
2025-07-26 00:00:00+00:00,571396
2025-07-27 00:00:00+00:00,473722
2025-07-28 00:00:00+00:00,502425
2025-07-29 00:00:00+00:00,346511
2025-07-30 00:00:00+00:00,426989
2025-07-31 00:00:00+00:00,477852
2025-08-01 00:00:00+00:00,399495
2025-08-02 00:00:00+00:00,307246
2025-08-03 00:00:00+00:00,289554
2025-08-04 00:00:00+00:00,451189
2025-08-05 00:00:00+00:00,408980
2025-08-06 00:00:00+00:00,495331
2025-08-07 00:00:00+00:00,564678
2025-08-08 00:00:00+00:00,474837
2025-08-09 00:00:00+00:00,377106
2025-08-10 00:00:00+00:00,396369
2025-08-11 00:00:00+00:00,449439
2025-08-12 00:00:00+00:00,365290
2025-08-13 00:00:00+00:00,444797
2025-08-14 00:00:00+00:00,479810
2025-08-15 00:00:00+00:00,433563
2025-08-16 00:00:00+00:00,396105
2025-08-17 00:00:00+00:00,442159
2025-08-18 00:00:00+00:00,482626
2025-08-19 00:00:00+00:00,409590
2025-08-20 00:00:00+00:00,424546
2025-08-21 00:00:00+00:00,451619
2025-08-22 00:00:00+00:00,457298
2025-08-23 00:00:00+00:00,471882
2025-08-24 00:00:00+00:00,521558
2025-08-25 00:00:00+00:00,479193
2025-08-26 00:00:00+00:00,458661
2025-08-27 00:00:00+00:00,506732
2025-08-28 00:00:00+00:00,580430
2025-08-29 00:00:00+00:00,587838
2025-08-30 00:00:00+00:00,625477
2025-08-31 00:00:00+00:00,482257
2025-09-01 00:00:00+00:00,597762
2025-09-02 00:00:00+00:00,583102
2025-09-03 00:00:00+00:00,405522
2025-09-04 00:00:00+00:00,400455
2025-09-05 00:00:00+00:00,414108
2025-09-06 00:00:00+00:00,446745
2025-09-07 00:00:00+00:00,580185
2025-09-08 00:00:00+00:00,566372
2025-09-09 00:00:00+00:00,618149
2025-09-10 00:00:00+00:00,648787
2025-09-11 00:00:00+00:00,598534
2025-09-12 00:00:00+00:00,397599
2025-09-13 00:00:00+00:00,524450
2025-09-14 00:00:00+00:00,539763
2025-09-15 00:00:00+00:00,534944
2025-09-16 00:00:00+00:00,535330
2025-09-17 00:00:00+00:00,362882
2025-09-18 00:00:00+00:00,446237
2025-09-19 00:00:00+00:00,483134
2025-09-20 00:00:00+00:00,492759
2025-09-21 00:00:00+00:00,515795
2025-09-22 00:00:00+00:00,456797
2025-09-23 00:00:00+00:00,498707
2025-09-24 00:00:00+00:00,526277
2025-09-25 00:00:00+00:00,426022
2025-09-26 00:00:00+00:00,418111
2025-09-27 00:00:00+00:00,523531
2025-09-28 00:00:00+00:00,637714
2025-09-29 00:00:00+00:00,449737
2025-09-30 00:00:00+00:00,556139
2025-10-01 00:00:00+00:00,471120
2025-10-02 00:00:00+00:00,375898
2025-10-03 00:00:00+00:00,391675
2025-10-04 00:00:00+00:00,426061
2025-10-05 00:00:00+00:00,520032
2025-10-06 00:00:00+00:00,426681
2025-10-07 00:00:00+00:00,430981
2025-10-08 00:00:00+00:00,431067
2025-10-09 00:00:00+00:00,366723
2025-10-10 00:00:00+00:00,415580
2025-10-11 00:00:00+00:00,450131
2025-10-12 00:00:00+00:00,463010
2025-10-13 00:00:00+00:00,489858
2025-10-14 00:00:00+00:00,563809
2025-10-15 00:00:00+00:00,484211
2025-10-16 00:00:00+00:00,490450
2025-10-17 00:00:00+00:00,485148
2025-10-18 00:00:00+00:00,564015
2025-10-19 00:00:00+00:00,437518
2025-10-20 00:00:00+00:00,422448
2025-10-21 00:00:00+00:00,437054
2025-10-22 00:00:00+00:00,480827
2025-10-23 00:00:00+00:00,436183
2025-10-24 00:00:00+00:00,565682
2025-10-25 00:00:00+00:00,502467
2025-10-26 00:00:00+00:00,521439
2025-10-27 00:00:00+00:00,505599
2025-10-28 00:00:00+00:00,526865
2025-10-29 00:00:00+00:00,395521
2025-10-30 00:00:00+00:00,551534
2025-10-31 00:00:00+00:00,460460
2025-11-01 00:00:00+00:00,387158
2025-11-02 00:00:00+00:00,405694
2025-11-03 00:00:00+00:00,452775
2025-11-04 00:00:00+00:00,370080
2025-11-05 00:00:00+00:00,399776
2025-11-06 00:00:00+00:00,414343
2025-11-07 00:00:00+00:00,477171
2025-11-08 00:00:00+00:00,351704
2025-11-09 00:00:00+00:00,467846
2025-11-10 00:00:00+00:00,451762
2025-11-11 00:00:00+00:00,480595
2025-11-12 00:00:00+00:00,452672
2025-11-13 00:00:00+00:00,481822
2025-11-14 00:00:00+00:00,484096
2025-11-15 00:00:00+00:00,485232
2025-11-16 00:00:00+00:00,582885
2025-11-17 00:00:00+00:00,406170
2025-11-18 00:00:00+00:00,321895
2025-11-19 00:00:00+00:00,359976
2025-11-20 00:00:00+00:00,357950
2025-11-21 00:00:00+00:00,416326
2025-11-22 00:00:00+00:00,472844
2025-11-23 00:00:00+00:00,318830
2025-11-24 00:00:00+00:00,399370
2025-11-25 00:00:00+00:00,351642
2025-11-26 00:00:00+00:00,476755
2025-11-27 00:00:00+00:00,404471
2025-11-28 00:00:00+00:00,510984
2025-11-29 00:00:00+00:00,403759
2025-11-30 00:00:00+00:00,514580
2025-12-01 00:00:00+00:00,399941
2025-12-02 00:00:00+00:00,415283
2025-12-03 00:00:00+00:00,430832
2025-12-04 00:00:00+00:00,414769
2025-12-05 00:00:00+00:00,350006
2025-12-06 00:00:00+00:00,529256
2025-12-07 00:00:00+00:00,546753
2025-12-08 00:00:00+00:00,575607
2025-12-09 00:00:00+00:00,446113
2025-12-10 00:00:00+00:00,554922
2025-12-11 00:00:00+00:00,475726
2025-12-12 00:00:00+00:00,411109
2025-12-13 00:00:00+00:00,500012
2025-12-14 00:00:00+00:00,418597
2025-12-15 00:00:00+00:00,419887
2025-12-16 00:00:00+00:00,442553
2025-12-17 00:00:00+00:00,451215
2025-12-18 00:00:00+00:00,461224
2025-12-19 00:00:00+00:00,433546
2025-12-20 00:00:00+00:00,441258
2025-12-21 00:00:00+00:00,440054
2025-12-22 00:00:00+00:00,426021
2025-12-23 00:00:00+00:00,431814
2025-12-24 00:00:00+00:00,503638
2025-12-25 00:00:00+00:00,465274
2025-12-26 00:00:00+00:00,513354
2025-12-27 00:00:00+00:00,475008
2025-12-28 00:00:00+00:00,540696
2025-12-29 00:00:00+00:00,548253
2025-12-30 00:00:00+00:00,366458
2025-12-31 00:00:00+00:00,407824
2026-01-01 00:00:00+00:00,469075
2026-01-02 00:00:00+00:00,458150
2026-01-03 00:00:00+00:00,496980
2026-01-04 00:00:00+00:00,478738
2026-01-05 00:00:00+00:00,410199
2026-01-06 00:00:00+00:00,422822
2026-01-07 00:00:00+00:00,424312
2026-01-08 00:00:00+00:00,335049
2026-01-09 00:00:00+00:00,351155
2026-01-10 00:00:00+00:00,492984
2026-01-11 00:00:00+00:00,289219
2026-01-12 00:00:00+00:00,405384
2026-01-13 00:00:00+00:00,340763
2026-01-14 00:00:00+00:00,326077
2026-01-15 00:00:00+00:00,375169
2026-01-16 00:00:00+00:00,362621
2026-01-17 00:00:00+00:00,354936
2026-01-18 00:00:00+00:00,332784
2026-01-19 00:00:00+00:00,353668
2026-01-20 00:00:00+00:00,386279
2026-01-21 00:00:00+00:00,427046
2026-01-22 00:00:00+00:00,464766
2026-01-23 00:00:00+00:00,437544
2026-01-24 00:00:00+00:00,284304
2026-01-25 00:00:00+00:00,317176
2026-01-26 00:00:00+00:00,399372
2026-01-27 00:00:00+00:00,365975
2026-01-28 00:00:00+00:00,342139
2026-01-29 00:00:00+00:00,421064
2026-01-30 00:00:00+00:00,383042
2026-01-31 00:00:00+00:00,403447
2026-02-01 00:00:00+00:00,356739
2026-02-02 00:00:00+00:00,354152
2026-02-03 00:00:00+00:00,435204
2026-02-04 00:00:00+00:00,412289
2026-02-05 00:00:00+00:00,384528
2026-02-06 00:00:00+00:00,407706
2026-02-07 00:00:00+00:00,493708
2026-02-08 00:00:00+00:00,512816
2026-02-09 00:00:00+00:00,394855
2026-02-10 00:00:00+00:00,390874
2026-02-11 00:00:00+00:00,451472
2026-02-12 00:00:00+00:00,494350
2026-02-13 00:00:00+00:00,520762
2026-02-14 00:00:00+00:00,550168
2026-02-15 00:00:00+00:00,691973
2026-02-16 00:00:00+00:00,529377
2026-02-17 00:00:00+00:00,661420
2026-02-18 00:00:00+00:00,505310
2026-02-19 00:00:00+00:00,502602
2026-02-20 00:00:00+00:00,417965
2026-02-21 00:00:00+00:00,344028
2026-02-22 00:00:00+00:00,538994
2026-02-23 00:00:00+00:00,448909
2026-02-24 00:00:00+00:00,568326
2026-02-25 00:00:00+00:00,481942
2026-02-26 00:00:00+00:00,429268
2026-02-27 00:00:00+00:00,411023
2026-02-28 00:00:00+00:00,426230
2026-03-01 00:00:00+00:00,464241
2026-03-02 00:00:00+00:00,420983
2026-03-03 00:00:00+00:00,377782
2026-03-04 00:00:00+00:00,382886
2026-03-05 00:00:00+00:00,459142
2026-03-06 00:00:00+00:00,446899
2026-03-07 00:00:00+00:00,435530
2026-03-08 00:00:00+00:00,457769
2026-03-09 00:00:00+00:00,408602
2026-03-10 00:00:00+00:00,378570
2026-03-11 00:00:00+00:00,405045
2026-03-12 00:00:00+00:00,450856
2026-03-13 00:00:00+00:00,401832
2026-03-14 00:00:00+00:00,441416
2026-03-15 00:00:00+00:00,399359
2026-03-16 00:00:00+00:00,410501
2026-03-17 00:00:00+00:00,374546
2026-03-18 00:00:00+00:00,437912
2026-03-19 00:00:00+00:00,442942
2026-03-20 00:00:00+00:00,422037
2026-03-21 00:00:00+00:00,490235
2026-03-22 00:00:00+00:00,639039
2026-03-23 00:00:00+00:00,530619
2026-03-24 00:00:00+00:00,384088
2026-03-25 00:00:00+00:00,514188
2026-03-26 00:00:00+00:00,634223
2026-03-27 00:00:00+00:00,656575
2026-03-28 00:00:00+00:00,776246
2026-03-29 00:00:00+00:00,621290
2026-03-30 00:00:00+00:00,539789
2026-03-31 00:00:00+00:00,519911
2026-04-01 00:00:00+00:00,686646
2026-04-02 00:00:00+00:00,501473
2026-04-03 00:00:00+00:00,460217
2026-04-04 00:00:00+00:00,439257
2026-04-05 00:00:00+00:00,725843
2026-04-06 00:00:00+00:00,461763
2026-04-07 00:00:00+00:00,539413
2026-04-08 00:00:00+00:00,560671
2026-04-09 00:00:00+00:00,579019
2026-04-10 00:00:00+00:00,453045
2026-04-11 00:00:00+00:00,472181
2026-04-12 00:00:00+00:00,709385
2026-04-13 00:00:00+00:00,631372
2026-04-14 00:00:00+00:00,609752
2026-04-15 00:00:00+00:00,461922
2026-04-16 00:00:00+00:00,643440
2026-04-17 00:00:00+00:00,548624
2026-04-18 00:00:00+00:00,690658
2026-04-19 00:00:00+00:00,733999
2026-04-20 00:00:00+00:00,551469
2026-04-21 00:00:00+00:00,532601
2026-04-22 00:00:00+00:00,535489
2026-04-23 00:00:00+00:00,449644
2026-04-24 00:00:00+00:00,590597
2026-04-25 00:00:00+00:00,589115
2026-04-26 00:00:00+00:00,704204
2026-04-27 00:00:00+00:00,577862
2026-04-28 00:00:00+00:00,574615
2026-04-29 00:00:00+00:00,373961
2026-04-30 00:00:00+00:00,413668
2026-05-01 00:00:00+00:00,597457
2026-05-02 00:00:00+00:00,529423
2026-05-03 00:00:00+00:00,596099
2026-05-04 00:00:00+00:00,567474
2026-05-05 00:00:00+00:00,589261
2026-05-06 00:00:00+00:00,531510
2026-05-07 00:00:00+00:00,526484
2026-05-08 00:00:00+00:00,586249
2026-05-09 00:00:00+00:00,830362
2026-05-10 00:00:00+00:00,726220
2026-05-11 00:00:00+00:00,778049
2026-05-12 00:00:00+00:00,593259
2026-05-13 00:00:00+00:00,616272
2026-05-14 00:00:00+00:00,675554
2026-05-15 00:00:00+00:00,622005
2026-05-16 00:00:00+00:00,682779
2026-05-17 00:00:00+00:00,605327
2026-05-18 00:00:00+00:00,603780
2026-05-19 00:00:00+00:00,619635
2026-05-20 00:00:00+00:00,666800
2026-05-21 00:00:00+00:00,543303
2026-05-22 00:00:00+00:00,713572
2026-05-23 00:00:00+00:00,729353
2026-05-24 00:00:00+00:00,627984
2026-05-25 00:00:00+00:00,781457
2026-05-26 00:00:00+00:00,626622
2026-05-27 00:00:00+00:00,646713
2026-05-28 00:00:00+00:00,783577
2026-05-29 00:00:00+00:00,634214
2026-05-30 00:00:00+00:00,657986
2026-05-31 00:00:00+00:00,715768
2026-06-01 00:00:00+00:00,556953
2026-06-02 00:00:00+00:00,435693
2026-06-03 00:00:00+00:00,426100
2026-06-04 00:00:00+00:00,589059
2026-06-05 00:00:00+00:00,568562
2026-06-06 00:00:00+00:00,537071
2026-06-07 00:00:00+00:00,551253
2026-06-08 00:00:00+00:00,573611
2026-06-09 00:00:00+00:00,576386
2026-06-10 00:00:00+00:00,566110
2026-06-11 00:00:00+00:00,628815
2026-06-12 00:00:00+00:00,660151
2026-06-13 00:00:00+00:00,541792
2026-06-14 00:00:00+00:00,730021
2026-06-15 00:00:00+00:00,713083
2026-06-16 00:00:00+00:00,786217
2026-06-17 00:00:00+00:00,600431
2026-06-18 00:00:00+00:00,814960
2026-06-19 00:00:00+00:00,751132
2026-06-20 00:00:00+00:00,773705
2026-06-21 00:00:00+00:00,672668
2026-06-22 00:00:00+00:00,774635
2026-06-23 00:00:00+00:00,861296
2026-06-24 00:00:00+00:00,751457
2026-06-25 00:00:00+00:00,799315
2026-06-26 00:00:00+00:00,710902
2026-06-27 00:00:00+00:00,826554
2026-06-28 00:00:00+00:00,618279
2026-06-29 00:00:00+00:00,530497
2026-06-30 00:00:00+00:00,626708
2026-07-01 00:00:00+00:00,609267
2026-07-02 00:00:00+00:00,539658
2026-07-03 00:00:00+00:00,686915
2026-07-04 00:00:00+00:00,769219
2026-07-05 00:00:00+00:00,636006
2026-07-06 00:00:00+00:00,507339
2026-07-07 00:00:00+00:00,631230
2026-07-08 00:00:00+00:00,597694
2026-07-09 00:00:00+00:00,559601
2026-07-10 00:00:00+00:00,579527
2026-07-11 00:00:00+00:00,677240
2026-07-12 00:00:00+00:00,764256
2026-07-13 00:00:00+00:00,706707
2026-07-14 00:00:00+00:00,739142
2026-07-15 00:00:00+00:00,558000
2026-07-16 00:00:00+00:00,536593
2026-07-17 00:00:00+00:00,577557
2026-07-18 00:00:00+00:00,864354
2026-07-19 00:00:00+00:00,898384
2026-07-20 00:00:00+00:00,730484
2026-07-21 00:00:00+00:00,651218
2026-07-22 00:00:00+00:00,497232
2026-07-23 00:00:00+00:00,611799
2026-07-24 00:00:00+00:00,729761
2026-07-25 00:00:00+00:00,696377
2026-07-26 00:00:00+00:00,760079
2026-07-27 00:00:00+00:00,689945
2026-07-28 00:00:00+00:00,561079
2026-07-29 00:00:00+00:00,672610
2026-07-30 00:00:00+00:00,699087
2026-07-31 00:00:00+00:00,607581
2026-08-01 00:00:00+00:00,744053
2026-08-02 00:00:00+00:00,675558
2026-08-03 00:00:00+00:00,702879
2026-08-04 00:00:00+00:00,619401
2026-08-05 00:00:00+00:00,608260
2026-08-06 00:00:00+00:00,541604
2026-08-07 00:00:00+00:00,717791
2026-08-08 00:00:00+00:00,658026
2026-08-09 00:00:00+00:00,740534
2026-08-10 00:00:00+00:00,630221
2026-08-11 00:00:00+00:00,607154
2026-08-12 00:00:00+00:00,652466
2026-08-13 00:00:00+00:00,682308
2026-08-14 00:00:00+00:00,694968
2026-08-15 00:00:00+00:00,723981
2026-08-16 00:00:00+00:00,825829
2026-08-17 00:00:00+00:00,755423
2026-08-18 00:00:00+00:00,709130
2026-08-19 00:00:00+00:00,536337
2026-08-20 00:00:00+00:00,514184
2026-08-21 00:00:00+00:00,534986
2026-08-22 00:00:00+00:00,709046
2026-08-23 00:00:00+00:00,701899
2026-08-24 00:00:00+00:00,637413
2026-08-25 00:00:00+00:00,618688
2026-08-26 00:00:00+00:00,724379
2026-08-27 00:00:00+00:00,688383
2026-08-28 00:00:00+00:00,575451
2026-08-29 00:00:00+00:00,737931
2026-08-30 00:00:00+00:00,869586
2026-08-31 00:00:00+00:00,699284
2026-09-01 00:00:00+00:00,622703
2026-09-02 00:00:00+00:00,583884
2026-09-03 00:00:00+00:00,721418
2026-09-04 00:00:00+00:00,606596
2026-09-05 00:00:00+00:00,734764
2026-09-06 00:00:00+00:00,893036
2026-09-07 00:00:00+00:00,695588
2026-09-08 00:00:00+00:00,634799
2026-09-09 00:00:00+00:00,761212
2026-09-10 00:00:00+00:00,628831
2026-09-11 00:00:00+00:00,762456
2026-09-12 00:00:00+00:00,790836
2026-09-13 00:00:00+00:00,781593
2026-09-14 00:00:00+00:00,715786
2026-09-15 00:00:00+00:00,818393
2026-09-16 00:00:00+00:00,652514
2026-09-17 00:00:00+00:00,647901
2026-09-18 00:00:00+00:00,717757
2026-09-19 00:00:00+00:00,597042
2026-09-20 00:00:00+00:00,803174
2026-09-21 00:00:00+00:00,633966
2026-09-22 00:00:00+00:00,618756
2026-09-23 00:00:00+00:00,582016
2026-09-24 00:00:00+00:00,637210
2026-09-25 00:00:00+00:00,600211
2026-09-26 00:00:00+00:00,758249
2026-09-27 00:00:00+00:00,752965
2026-09-28 00:00:00+00:00,776834
2026-09-29 00:00:00+00:00,742152
2026-09-30 00:00:00+00:00,596962
