date,active-addresses
2022-10-05 00:00:00+00:00,891063
2022-10-06 00:00:00+00:00,930050
2022-10-07 00:00:00+00:00,936123
2022-10-08 00:00:00+00:00,815047
2022-10-09 00:00:00+00:00,787417
2022-10-10 00:00:00+00:00,896218
2022-10-11 00:00:00+00:00,916599
2022-10-12 00:00:00+00:00,871140
2022-10-13 00:00:00+00:00,933599
2022-10-14 00:00:00+00:00,984001
2022-10-15 00:00:00+00:00,838678
2022-10-16 00:00:00+00:00,769067
2022-10-17 00:00:00+00:00,870371
2022-10-18 00:00:00+00:00,887194
2022-10-19 00:00:00+00:00,923688
2022-10-20 00:00:00+00:00,893489
2022-10-21 00:00:00+00:00,913925
2022-10-22 00:00:00+00:00,817446
2022-10-23 00:00:00+00:00,803523
2022-10-24 00:00:00+00:00,922514
2022-10-25 00:00:00+00:00,829386
2022-10-26 00:00:00+00:00,1051950
2022-10-27 00:00:00+00:00,895161
2022-10-28 00:00:00+00:00,925522
2022-10-29 00:00:00+00:00,871729
2022-10-30 00:00:00+00:00,830676
2022-10-31 00:00:00+00:00,980614
2022-11-01 00:00:00+00:00,955117
2022-11-02 00:00:00+00:00,869056
2022-11-03 00:00:00+00:00,1009478
2022-11-04 00:00:00+00:00,939102
2022-11-05 00:00:00+00:00,916525
2022-11-06 00:00:00+00:00,811578
2022-11-07 00:00:00+00:00,920253
2022-11-08 00:00:00+00:00,1051006
2022-11-09 00:00:00+00:00,1076579
2022-11-10 00:00:00+00:00,1056871
2022-11-11 00:00:00+00:00,964454
2022-11-12 00:00:00+00:00,942728
2022-11-13 00:00:00+00:00,895185
2022-11-14 00:00:00+00:00,954601
2022-11-15 00:00:00+00:00,986709
2022-11-16 00:00:00+00:00,944275
2022-11-17 00:00:00+00:00,902258
2022-11-18 00:00:00+00:00,955851
2022-11-19 00:00:00+00:00,1113245
2022-11-20 00:00:00+00:00,1013890
2022-11-21 00:00:00+00:00,974239
2022-11-22 00:00:00+00:00,931145
2022-11-23 00:00:00+00:00,1057775
2022-11-24 00:00:00+00:00,988182
2022-11-25 00:00:00+00:00,981465
2022-11-26 00:00:00+00:00,892687
2022-11-27 00:00:00+00:00,855437
2022-11-28 00:00:00+00:00,931505
2022-11-29 00:00:00+00:00,955669
2022-11-30 00:00:00+00:00,946754
2022-12-01 00:00:00+00:00,1030232
2022-12-02 00:00:00+00:00,970221
2022-12-03 00:00:00+00:00,938854
2022-12-04 00:00:00+00:00,842351
2022-12-05 00:00:00+00:00,960563
2022-12-06 00:00:00+00:00,941978
2022-12-07 00:00:00+00:00,899850
2022-12-08 00:00:00+00:00,905789
2022-12-09 00:00:00+00:00,946767
2022-12-10 00:00:00+00:00,909506
2022-12-11 00:00:00+00:00,781176
2022-12-12 00:00:00+00:00,905428
2022-12-13 00:00:00+00:00,974065
2022-12-14 00:00:00+00:00,930586
2022-12-15 00:00:00+00:00,897844
2022-12-16 00:00:00+00:00,893040
2022-12-17 00:00:00+00:00,967830
2022-12-18 00:00:00+00:00,783263
2022-12-19 00:00:00+00:00,971140
2022-12-20 00:00:00+00:00,950486
2022-12-21 00:00:00+00:00,905699
2022-12-22 00:00:00+00:00,908585
2022-12-23 00:00:00+00:00,891725
2022-12-24 00:00:00+00:00,758680
2022-12-25 00:00:00+00:00,731599
2022-12-26 00:00:00+00:00,787672
2022-12-27 00:00:00+00:00,867369
2022-12-28 00:00:00+00:00,904203
2022-12-29 00:00:00+00:00,945186
2022-12-30 00:00:00+00:00,1050756
2022-12-31 00:00:00+00:00,839910
2023-01-01 00:00:00+00:00,719716
2023-01-02 00:00:00+00:00,842261
2023-01-03 00:00:00+00:00,985169
2023-01-04 00:00:00+00:00,922281
2023-01-05 00:00:00+00:00,922508
2023-01-06 00:00:00+00:00,932794
2023-01-07 00:00:00+00:00,809225
2023-01-08 00:00:00+00:00,755503
2023-01-09 00:00:00+00:00,981056
2023-01-10 00:00:00+00:00,1146540
2023-01-11 00:00:00+00:00,944957
2023-01-12 00:00:00+00:00,1034292
2023-01-13 00:00:00+00:00,1072059
2023-01-14 00:00:00+00:00,965948
2023-01-15 00:00:00+00:00,807742
2023-01-16 00:00:00+00:00,966312
2023-01-17 00:00:00+00:00,988775
2023-01-18 00:00:00+00:00,942079
2023-01-19 00:00:00+00:00,926693
2023-01-20 00:00:00+00:00,933005
2023-01-21 00:00:00+00:00,906764
2023-01-22 00:00:00+00:00,863236
2023-01-23 00:00:00+00:00,933346
2023-01-24 00:00:00+00:00,908199
2023-01-25 00:00:00+00:00,912032
2023-01-26 00:00:00+00:00,892287
2023-01-27 00:00:00+00:00,929064
2023-01-28 00:00:00+00:00,857014
2023-01-29 00:00:00+00:00,829895
2023-01-30 00:00:00+00:00,957363
2023-01-31 00:00:00+00:00,944348
2023-02-01 00:00:00+00:00,1050528
2023-02-02 00:00:00+00:00,983946
2023-02-03 00:00:00+00:00,988867
2023-02-04 00:00:00+00:00,961115
2023-02-05 00:00:00+00:00,802171
2023-02-06 00:00:00+00:00,920525
2023-02-07 00:00:00+00:00,944049
2023-02-08 00:00:00+00:00,942153
2023-02-09 00:00:00+00:00,1056974
2023-02-10 00:00:00+00:00,923753
2023-02-11 00:00:00+00:00,896301
2023-02-12 00:00:00+00:00,861493
2023-02-13 00:00:00+00:00,957593
2023-02-14 00:00:00+00:00,913570
2023-02-15 00:00:00+00:00,993456
2023-02-16 00:00:00+00:00,1118226
2023-02-17 00:00:00+00:00,1050009
2023-02-18 00:00:00+00:00,1046593
2023-02-19 00:00:00+00:00,928713
2023-02-20 00:00:00+00:00,908106
2023-02-21 00:00:00+00:00,1012926
2023-02-22 00:00:00+00:00,931144
2023-02-23 00:00:00+00:00,1071298
2023-02-24 00:00:00+00:00,964247
2023-02-25 00:00:00+00:00,811239
2023-02-26 00:00:00+00:00,905055
2023-02-27 00:00:00+00:00,982682
2023-02-28 00:00:00+00:00,983627
2023-03-01 00:00:00+00:00,1076257
2023-03-02 00:00:00+00:00,939444
2023-03-03 00:00:00+00:00,1086253
2023-03-04 00:00:00+00:00,905589
2023-03-05 00:00:00+00:00,995537
2023-03-06 00:00:00+00:00,931807
2023-03-07 00:00:00+00:00,1063023
2023-03-08 00:00:00+00:00,885079
2023-03-09 00:00:00+00:00,929904
2023-03-10 00:00:00+00:00,979055
2023-03-11 00:00:00+00:00,982511
2023-03-12 00:00:00+00:00,886609
2023-03-13 00:00:00+00:00,999918
2023-03-14 00:00:00+00:00,1024780
2023-03-15 00:00:00+00:00,1006730
2023-03-16 00:00:00+00:00,879957
2023-03-17 00:00:00+00:00,1085422
2023-03-18 00:00:00+00:00,955447
2023-03-19 00:00:00+00:00,845573
2023-03-20 00:00:00+00:00,1014355
2023-03-21 00:00:00+00:00,990544
2023-03-22 00:00:00+00:00,940276
2023-03-23 00:00:00+00:00,902932
2023-03-24 00:00:00+00:00,893101
2023-03-25 00:00:00+00:00,898042
2023-03-26 00:00:00+00:00,851151
2023-03-27 00:00:00+00:00,1057595
2023-03-28 00:00:00+00:00,982699
2023-03-29 00:00:00+00:00,977852
2023-03-30 00:00:00+00:00,1021839
2023-03-31 00:00:00+00:00,1043754
2023-04-01 00:00:00+00:00,1038858
2023-04-02 00:00:00+00:00,1012005
2023-04-03 00:00:00+00:00,985157
2023-04-04 00:00:00+00:00,1108155
2023-04-05 00:00:00+00:00,964688
2023-04-06 00:00:00+00:00,1022873
2023-04-07 00:00:00+00:00,956362
2023-04-08 00:00:00+00:00,885739
2023-04-09 00:00:00+00:00,936112
2023-04-10 00:00:00+00:00,947327
2023-04-11 00:00:00+00:00,1146146
2023-04-12 00:00:00+00:00,1056542
2023-04-13 00:00:00+00:00,1009669
2023-04-14 00:00:00+00:00,1016042
2023-04-15 00:00:00+00:00,1045660
2023-04-16 00:00:00+00:00,840992
2023-04-17 00:00:00+00:00,984242
2023-04-18 00:00:00+00:00,1149264
2023-04-19 00:00:00+00:00,985732
2023-04-20 00:00:00+00:00,951443
2023-04-21 00:00:00+00:00,1015546
2023-04-22 00:00:00+00:00,914896
2023-04-23 00:00:00+00:00,840711
2023-04-24 00:00:00+00:00,998948
2023-04-25 00:00:00+00:00,895988
2023-04-26 00:00:00+00:00,893248
2023-04-27 00:00:00+00:00,892914
2023-04-28 00:00:00+00:00,957827
2023-04-29 00:00:00+00:00,803633
2023-04-30 00:00:00+00:00,767567
2023-05-01 00:00:00+00:00,929691
2023-05-02 00:00:00+00:00,820724
2023-05-03 00:00:00+00:00,953701
2023-05-04 00:00:00+00:00,914598
2023-05-05 00:00:00+00:00,822037
2023-05-06 00:00:00+00:00,764917
2023-05-07 00:00:00+00:00,549932
2023-05-08 00:00:00+00:00,696710
2023-05-09 00:00:00+00:00,772112
2023-05-10 00:00:00+00:00,891517
2023-05-11 00:00:00+00:00,831417
2023-05-12 00:00:00+00:00,809188
2023-05-13 00:00:00+00:00,705679
2023-05-14 00:00:00+00:00,835319
2023-05-15 00:00:00+00:00,817441
2023-05-16 00:00:00+00:00,814467
2023-05-17 00:00:00+00:00,841652
2023-05-18 00:00:00+00:00,814709
2023-05-19 00:00:00+00:00,904374
2023-05-20 00:00:00+00:00,719434
2023-05-21 00:00:00+00:00,775828
2023-05-22 00:00:00+00:00,817592
2023-05-23 00:00:00+00:00,859507
2023-05-24 00:00:00+00:00,859470
2023-05-25 00:00:00+00:00,923963
2023-05-26 00:00:00+00:00,963216
2023-05-27 00:00:00+00:00,877266
2023-05-28 00:00:00+00:00,863880
2023-05-29 00:00:00+00:00,912071
2023-05-30 00:00:00+00:00,959148
2023-05-31 00:00:00+00:00,925966
2023-06-01 00:00:00+00:00,919298
2023-06-02 00:00:00+00:00,982760
2023-06-03 00:00:00+00:00,873884
2023-06-04 00:00:00+00:00,879948
2023-06-05 00:00:00+00:00,884289
2023-06-06 00:00:00+00:00,1032895
2023-06-07 00:00:00+00:00,1004588
2023-06-08 00:00:00+00:00,964762
2023-06-09 00:00:00+00:00,1020140
2023-06-10 00:00:00+00:00,943047
2023-06-11 00:00:00+00:00,872589
2023-06-12 00:00:00+00:00,985947
2023-06-13 00:00:00+00:00,933842
2023-06-14 00:00:00+00:00,828183
2023-06-15 00:00:00+00:00,919869
2023-06-16 00:00:00+00:00,958674
2023-06-17 00:00:00+00:00,863600
2023-06-18 00:00:00+00:00,883864
2023-06-19 00:00:00+00:00,920552
2023-06-20 00:00:00+00:00,951926
2023-06-21 00:00:00+00:00,920555
2023-06-22 00:00:00+00:00,1000988
2023-06-23 00:00:00+00:00,948738
2023-06-24 00:00:00+00:00,1011110
2023-06-25 00:00:00+00:00,944147
2023-06-26 00:00:00+00:00,998904
2023-06-27 00:00:00+00:00,978594
2023-06-28 00:00:00+00:00,826245
2023-06-29 00:00:00+00:00,970467
2023-06-30 00:00:00+00:00,1067040
2023-07-01 00:00:00+00:00,918349
2023-07-02 00:00:00+00:00,997177
2023-07-03 00:00:00+00:00,977874
2023-07-04 00:00:00+00:00,963366
2023-07-05 00:00:00+00:00,964759
2023-07-06 00:00:00+00:00,973154
2023-07-07 00:00:00+00:00,1021136
2023-07-08 00:00:00+00:00,1009931
2023-07-09 00:00:00+00:00,978223
2023-07-10 00:00:00+00:00,925790
2023-07-11 00:00:00+00:00,937945
2023-07-12 00:00:00+00:00,942309
2023-07-13 00:00:00+00:00,874515
2023-07-14 00:00:00+00:00,996373
2023-07-15 00:00:00+00:00,914738
2023-07-16 00:00:00+00:00,927843
2023-07-17 00:00:00+00:00,931087
2023-07-18 00:00:00+00:00,1028951
2023-07-19 00:00:00+00:00,969285
2023-07-20 00:00:00+00:00,901211
2023-07-21 00:00:00+00:00,855163
2023-07-22 00:00:00+00:00,923147
2023-07-23 00:00:00+00:00,894084
2023-07-24 00:00:00+00:00,938461
2023-07-25 00:00:00+00:00,940528
2023-07-26 00:00:00+00:00,1015337
2023-07-27 00:00:00+00:00,943734
2023-07-28 00:00:00+00:00,948590
2023-07-29 00:00:00+00:00,889450
2023-07-30 00:00:00+00:00,1010937
2023-07-31 00:00:00+00:00,922082
2023-08-01 00:00:00+00:00,983005
2023-08-02 00:00:00+00:00,1069904
2023-08-03 00:00:00+00:00,1030326
2023-08-04 00:00:00+00:00,912508
2023-08-05 00:00:00+00:00,992041
2023-08-06 00:00:00+00:00,973822
2023-08-07 00:00:00+00:00,952272
2023-08-08 00:00:00+00:00,874562
2023-08-09 00:00:00+00:00,1057273
2023-08-10 00:00:00+00:00,947623
2023-08-11 00:00:00+00:00,954168
2023-08-12 00:00:00+00:00,926800
2023-08-13 00:00:00+00:00,860881
2023-08-14 00:00:00+00:00,1007719
2023-08-15 00:00:00+00:00,1073564
2023-08-16 00:00:00+00:00,947796
2023-08-17 00:00:00+00:00,1050502
2023-08-18 00:00:00+00:00,1016460
2023-08-19 00:00:00+00:00,878361
2023-08-20 00:00:00+00:00,929724
2023-08-21 00:00:00+00:00,1002377
2023-08-22 00:00:00+00:00,922178
2023-08-23 00:00:00+00:00,937656
2023-08-24 00:00:00+00:00,946410
2023-08-25 00:00:00+00:00,922155
2023-08-26 00:00:00+00:00,917123
2023-08-27 00:00:00+00:00,808508
2023-08-28 00:00:00+00:00,873786
2023-08-29 00:00:00+00:00,1060996
2023-08-30 00:00:00+00:00,877649
2023-08-31 00:00:00+00:00,968985
2023-09-01 00:00:00+00:00,1051172
2023-09-02 00:00:00+00:00,955720
2023-09-03 00:00:00+00:00,864433
2023-09-04 00:00:00+00:00,920027
2023-09-05 00:00:00+00:00,940913
2023-09-06 00:00:00+00:00,1001123
2023-09-07 00:00:00+00:00,1003310
2023-09-08 00:00:00+00:00,986937
2023-09-09 00:00:00+00:00,1116330
2023-09-10 00:00:00+00:00,1049360
2023-09-11 00:00:00+00:00,1120614
2023-09-12 00:00:00+00:00,1042537
2023-09-13 00:00:00+00:00,1049105
2023-09-14 00:00:00+00:00,1131002
2023-09-15 00:00:00+00:00,1234300
2023-09-16 00:00:00+00:00,1053706
2023-09-17 00:00:00+00:00,1039207
2023-09-18 00:00:00+00:00,1125172
2023-09-19 00:00:00+00:00,1035954
2023-09-20 00:00:00+00:00,1062056
2023-09-21 00:00:00+00:00,1078476
2023-09-22 00:00:00+00:00,978848
2023-09-23 00:00:00+00:00,1090192
2023-09-24 00:00:00+00:00,1061159
2023-09-25 00:00:00+00:00,1104115
2023-09-26 00:00:00+00:00,1027673
2023-09-27 00:00:00+00:00,1072094
2023-09-28 00:00:00+00:00,1045920
2023-09-29 00:00:00+00:00,1050872
2023-09-30 00:00:00+00:00,1019753
2023-10-01 00:00:00+00:00,921731
2023-10-02 00:00:00+00:00,1027085
2023-10-03 00:00:00+00:00,1077556
2023-10-04 00:00:00+00:00,904067
2023-10-05 00:00:00+00:00,946720
2023-10-06 00:00:00+00:00,915218
2023-10-07 00:00:00+00:00,853582
2023-10-08 00:00:00+00:00,786381
2023-10-09 00:00:00+00:00,942188
2023-10-10 00:00:00+00:00,903210
2023-10-11 00:00:00+00:00,867301
2023-10-12 00:00:00+00:00,911879
2023-10-13 00:00:00+00:00,917035
2023-10-14 00:00:00+00:00,806946
2023-10-15 00:00:00+00:00,795940
2023-10-16 00:00:00+00:00,1018543
2023-10-17 00:00:00+00:00,917408
2023-10-18 00:00:00+00:00,932487
2023-10-19 00:00:00+00:00,918882
2023-10-20 00:00:00+00:00,952627
2023-10-21 00:00:00+00:00,871252
2023-10-22 00:00:00+00:00,795000
2023-10-23 00:00:00+00:00,1071672
2023-10-24 00:00:00+00:00,1021188
2023-10-25 00:00:00+00:00,1090466
2023-10-26 00:00:00+00:00,1099370
2023-10-27 00:00:00+00:00,1052994
2023-10-28 00:00:00+00:00,1018571
2023-10-29 00:00:00+00:00,909920
2023-10-30 00:00:00+00:00,1097494
2023-10-31 00:00:00+00:00,1044499
2023-11-01 00:00:00+00:00,1053031
2023-11-02 00:00:00+00:00,1062991
2023-11-03 00:00:00+00:00,990903
2023-11-04 00:00:00+00:00,1118816
2023-11-05 00:00:00+00:00,1144443
2023-11-06 00:00:00+00:00,993108
2023-11-07 00:00:00+00:00,961106
2023-11-08 00:00:00+00:00,1004807
2023-11-09 00:00:00+00:00,989778
2023-11-10 00:00:00+00:00,1127201
2023-11-11 00:00:00+00:00,1073475
2023-11-12 00:00:00+00:00,1008655
2023-11-13 00:00:00+00:00,963722
2023-11-14 00:00:00+00:00,957065
2023-11-15 00:00:00+00:00,961281
2023-11-16 00:00:00+00:00,933700
2023-11-17 00:00:00+00:00,1014052
2023-11-18 00:00:00+00:00,860889
2023-11-19 00:00:00+00:00,962703
2023-11-20 00:00:00+00:00,1064908
2023-11-21 00:00:00+00:00,1007505
2023-11-22 00:00:00+00:00,979014
2023-11-23 00:00:00+00:00,970303
2023-11-24 00:00:00+00:00,1136807
2023-11-25 00:00:00+00:00,1032695
2023-11-26 00:00:00+00:00,983533
2023-11-27 00:00:00+00:00,981736
2023-11-28 00:00:00+00:00,996007
2023-11-29 00:00:00+00:00,915309
2023-11-30 00:00:00+00:00,958958
2023-12-01 00:00:00+00:00,1131524
2023-12-02 00:00:00+00:00,860355
2023-12-03 00:00:00+00:00,919493
2023-12-04 00:00:00+00:00,1034656
2023-12-05 00:00:00+00:00,867570
2023-12-06 00:00:00+00:00,867353
2023-12-07 00:00:00+00:00,898183
2023-12-08 00:00:00+00:00,924415
2023-12-09 00:00:00+00:00,927620
2023-12-10 00:00:00+00:00,848613
2023-12-11 00:00:00+00:00,1010741
2023-12-12 00:00:00+00:00,886419
2023-12-13 00:00:00+00:00,742559
2023-12-14 00:00:00+00:00,711343
2023-12-15 00:00:00+00:00,860116
2023-12-16 00:00:00+00:00,724669
2023-12-17 00:00:00+00:00,703993
2023-12-18 00:00:00+00:00,928612
2023-12-19 00:00:00+00:00,817240
2023-12-20 00:00:00+00:00,787679
2023-12-21 00:00:00+00:00,815395
2023-12-22 00:00:00+00:00,1012121
2023-12-23 00:00:00+00:00,893092
2023-12-24 00:00:00+00:00,880971
2023-12-25 00:00:00+00:00,702609
2023-12-26 00:00:00+00:00,742922
2023-12-27 00:00:00+00:00,776011
2023-12-28 00:00:00+00:00,848615
2023-12-29 00:00:00+00:00,910761
2023-12-30 00:00:00+00:00,787521
2023-12-31 00:00:00+00:00,791644
2024-01-01 00:00:00+00:00,827239
2024-01-02 00:00:00+00:00,867688
2024-01-03 00:00:00+00:00,940343
2024-01-04 00:00:00+00:00,1010934
2024-01-05 00:00:00+00:00,813324
2024-01-06 00:00:00+00:00,808917
2024-01-07 00:00:00+00:00,713381
2024-01-08 00:00:00+00:00,756849
2024-01-09 00:00:00+00:00,902934
2024-01-10 00:00:00+00:00,839431
2024-01-11 00:00:00+00:00,960999
2024-01-12 00:00:00+00:00,987727
2024-01-13 00:00:00+00:00,845713
2024-01-14 00:00:00+00:00,722721
2024-01-15 00:00:00+00:00,786699
2024-01-16 00:00:00+00:00,782242
2024-01-17 00:00:00+00:00,809220
2024-01-18 00:00:00+00:00,897358
2024-01-19 00:00:00+00:00,806018
2024-01-20 00:00:00+00:00,817313
2024-01-21 00:00:00+00:00,767739
2024-01-22 00:00:00+00:00,951076
2024-01-23 00:00:00+00:00,865990
2024-01-24 00:00:00+00:00,899326
2024-01-25 00:00:00+00:00,1101397
2024-01-26 00:00:00+00:00,892906
2024-01-27 00:00:00+00:00,965883
2024-01-28 00:00:00+00:00,898096
2024-01-29 00:00:00+00:00,959589
2024-01-30 00:00:00+00:00,907924
2024-01-31 00:00:00+00:00,870798
2024-02-01 00:00:00+00:00,933880
2024-02-02 00:00:00+00:00,932903
2024-02-03 00:00:00+00:00,820828
2024-02-04 00:00:00+00:00,802004
2024-02-05 00:00:00+00:00,852467
2024-02-06 00:00:00+00:00,865722
2024-02-07 00:00:00+00:00,901234
2024-02-08 00:00:00+00:00,818130
2024-02-09 00:00:00+00:00,950564
2024-02-10 00:00:00+00:00,963958
2024-02-11 00:00:00+00:00,840255
2024-02-12 00:00:00+00:00,1013562
2024-02-13 00:00:00+00:00,843469
2024-02-14 00:00:00+00:00,803805
2024-02-15 00:00:00+00:00,892019
2024-02-16 00:00:00+00:00,836256
2024-02-17 00:00:00+00:00,850883
2024-02-18 00:00:00+00:00,748090
2024-02-19 00:00:00+00:00,867774
2024-02-20 00:00:00+00:00,866223
2024-02-21 00:00:00+00:00,821320
2024-02-22 00:00:00+00:00,855859
2024-02-23 00:00:00+00:00,938307
2024-02-24 00:00:00+00:00,819174
2024-02-25 00:00:00+00:00,894568
2024-02-26 00:00:00+00:00,887140
2024-02-27 00:00:00+00:00,917983
2024-02-28 00:00:00+00:00,1054242
2024-02-29 00:00:00+00:00,989364
2024-03-01 00:00:00+00:00,1058499
2024-03-02 00:00:00+00:00,843207
2024-03-03 00:00:00+00:00,868123
2024-03-04 00:00:00+00:00,889591
2024-03-05 00:00:00+00:00,1163884
2024-03-06 00:00:00+00:00,922558
2024-03-07 00:00:00+00:00,1034779
2024-03-08 00:00:00+00:00,947450
2024-03-09 00:00:00+00:00,915625
2024-03-10 00:00:00+00:00,862638
2024-03-11 00:00:00+00:00,1150718
2024-03-12 00:00:00+00:00,1016389
2024-03-13 00:00:00+00:00,1093495
2024-03-14 00:00:00+00:00,1000634
2024-03-15 00:00:00+00:00,963220
2024-03-16 00:00:00+00:00,916345
2024-03-17 00:00:00+00:00,861558
2024-03-18 00:00:00+00:00,910571
2024-03-19 00:00:00+00:00,974102
2024-03-20 00:00:00+00:00,942142
2024-03-21 00:00:00+00:00,819742
2024-03-22 00:00:00+00:00,915500
2024-03-23 00:00:00+00:00,908728
2024-03-24 00:00:00+00:00,918817
2024-03-25 00:00:00+00:00,918815
2024-03-26 00:00:00+00:00,851577
2024-03-27 00:00:00+00:00,865580
2024-03-28 00:00:00+00:00,942681
2024-03-29 00:00:00+00:00,847610
2024-03-30 00:00:00+00:00,826192
2024-03-31 00:00:00+00:00,691124
2024-04-01 00:00:00+00:00,970510
2024-04-02 00:00:00+00:00,953501
2024-04-03 00:00:00+00:00,965290
2024-04-04 00:00:00+00:00,978380
2024-04-05 00:00:00+00:00,950040
2024-04-06 00:00:00+00:00,907389
2024-04-07 00:00:00+00:00,833045
2024-04-08 00:00:00+00:00,896193
2024-04-09 00:00:00+00:00,890535
2024-04-10 00:00:00+00:00,846297
2024-04-11 00:00:00+00:00,748021
2024-04-12 00:00:00+00:00,832502
2024-04-13 00:00:00+00:00,869723
2024-04-14 00:00:00+00:00,839158
2024-04-15 00:00:00+00:00,813736
2024-04-16 00:00:00+00:00,941086
2024-04-17 00:00:00+00:00,794595
2024-04-18 00:00:00+00:00,823945
2024-04-19 00:00:00+00:00,880733
2024-04-20 00:00:00+00:00,509709
2024-04-21 00:00:00+00:00,565959
2024-04-22 00:00:00+00:00,659537
2024-04-23 00:00:00+00:00,547174
2024-04-24 00:00:00+00:00,835569
2024-04-25 00:00:00+00:00,818807
2024-04-26 00:00:00+00:00,847289
2024-04-27 00:00:00+00:00,856864
2024-04-28 00:00:00+00:00,707117
2024-04-29 00:00:00+00:00,856192
2024-04-30 00:00:00+00:00,827915
2024-05-01 00:00:00+00:00,781183
2024-05-02 00:00:00+00:00,744998
2024-05-03 00:00:00+00:00,731936
2024-05-04 00:00:00+00:00,613171
2024-05-05 00:00:00+00:00,573428
2024-05-06 00:00:00+00:00,670316
2024-05-07 00:00:00+00:00,702887
2024-05-08 00:00:00+00:00,697417
2024-05-09 00:00:00+00:00,671205
2024-05-10 00:00:00+00:00,606931
2024-05-11 00:00:00+00:00,612137
2024-05-12 00:00:00+00:00,573640
2024-05-13 00:00:00+00:00,746125
2024-05-14 00:00:00+00:00,686207
2024-05-15 00:00:00+00:00,714393
2024-05-16 00:00:00+00:00,689540
2024-05-17 00:00:00+00:00,743911
2024-05-18 00:00:00+00:00,650957
2024-05-19 00:00:00+00:00,637953
2024-05-20 00:00:00+00:00,706063
2024-05-21 00:00:00+00:00,746087
2024-05-22 00:00:00+00:00,709347
2024-05-23 00:00:00+00:00,728396
2024-05-24 00:00:00+00:00,663534
2024-05-25 00:00:00+00:00,591356
2024-05-26 00:00:00+00:00,538911
2024-05-27 00:00:00+00:00,612909
2024-05-28 00:00:00+00:00,653177
2024-05-29 00:00:00+00:00,559784
2024-05-30 00:00:00+00:00,649063
2024-05-31 00:00:00+00:00,656289
2024-06-01 00:00:00+00:00,570980
2024-06-02 00:00:00+00:00,536181
2024-06-03 00:00:00+00:00,689745
2024-06-04 00:00:00+00:00,637180
2024-06-05 00:00:00+00:00,592424
2024-06-06 00:00:00+00:00,624088
2024-06-07 00:00:00+00:00,583336
2024-06-08 00:00:00+00:00,772154
2024-06-09 00:00:00+00:00,609844
2024-06-10 00:00:00+00:00,684041
2024-06-11 00:00:00+00:00,684207
2024-06-12 00:00:00+00:00,677849
2024-06-13 00:00:00+00:00,613255
2024-06-14 00:00:00+00:00,606488
2024-06-15 00:00:00+00:00,635369
2024-06-16 00:00:00+00:00,735939
2024-06-17 00:00:00+00:00,724644
2024-06-18 00:00:00+00:00,733498
2024-06-19 00:00:00+00:00,622245
2024-06-20 00:00:00+00:00,661281
2024-06-21 00:00:00+00:00,719280
2024-06-22 00:00:00+00:00,639305
2024-06-23 00:00:00+00:00,511478
2024-06-24 00:00:00+00:00,756391
2024-06-25 00:00:00+00:00,631668
2024-06-26 00:00:00+00:00,659381
2024-06-27 00:00:00+00:00,741302
2024-06-28 00:00:00+00:00,752964
2024-06-29 00:00:00+00:00,720705
2024-06-30 00:00:00+00:00,653363
2024-07-01 00:00:00+00:00,907181
2024-07-02 00:00:00+00:00,750376
2024-07-03 00:00:00+00:00,769767
2024-07-04 00:00:00+00:00,715636
2024-07-05 00:00:00+00:00,694964
2024-07-06 00:00:00+00:00,720587
2024-07-07 00:00:00+00:00,594423
2024-07-08 00:00:00+00:00,798942
2024-07-09 00:00:00+00:00,762581
2024-07-10 00:00:00+00:00,646708
2024-07-11 00:00:00+00:00,646553
2024-07-12 00:00:00+00:00,708446
2024-07-13 00:00:00+00:00,601071
2024-07-14 00:00:00+00:00,751254
2024-07-15 00:00:00+00:00,787506
2024-07-16 00:00:00+00:00,746639
2024-07-17 00:00:00+00:00,729938
2024-07-18 00:00:00+00:00,764574
2024-07-19 00:00:00+00:00,755308
2024-07-20 00:00:00+00:00,673407
2024-07-21 00:00:00+00:00,607493
2024-07-22 00:00:00+00:00,749350
2024-07-23 00:00:00+00:00,671794
2024-07-24 00:00:00+00:00,681137
2024-07-25 00:00:00+00:00,713877
2024-07-26 00:00:00+00:00,715636
2024-07-27 00:00:00+00:00,694649
2024-07-28 00:00:00+00:00,578686
2024-07-29 00:00:00+00:00,794379
2024-07-30 00:00:00+00:00,673555
2024-07-31 00:00:00+00:00,740485
2024-08-01 00:00:00+00:00,772675
2024-08-02 00:00:00+00:00,764749
2024-08-03 00:00:00+00:00,692352
2024-08-04 00:00:00+00:00,668340
2024-08-05 00:00:00+00:00,817104
2024-08-06 00:00:00+00:00,729981
2024-08-07 00:00:00+00:00,714826
2024-08-08 00:00:00+00:00,722252
2024-08-09 00:00:00+00:00,705635
2024-08-10 00:00:00+00:00,594175
2024-08-11 00:00:00+00:00,630696
2024-08-12 00:00:00+00:00,714520
2024-08-13 00:00:00+00:00,706882
2024-08-14 00:00:00+00:00,662757
2024-08-15 00:00:00+00:00,715632
2024-08-16 00:00:00+00:00,700335
2024-08-17 00:00:00+00:00,612305
2024-08-18 00:00:00+00:00,588717
2024-08-19 00:00:00+00:00,687027
2024-08-20 00:00:00+00:00,696903
2024-08-21 00:00:00+00:00,711700
2024-08-22 00:00:00+00:00,719227
2024-08-23 00:00:00+00:00,694990
2024-08-24 00:00:00+00:00,611271
2024-08-25 00:00:00+00:00,539499
2024-08-26 00:00:00+00:00,656542
2024-08-27 00:00:00+00:00,685194
2024-08-28 00:00:00+00:00,740845
2024-08-29 00:00:00+00:00,723280
2024-08-30 00:00:00+00:00,826297
2024-08-31 00:00:00+00:00,670825
2024-09-01 00:00:00+00:00,660770
2024-09-02 00:00:00+00:00,717673
2024-09-03 00:00:00+00:00,699302
2024-09-04 00:00:00+00:00,699461
2024-09-05 00:00:00+00:00,734546
2024-09-06 00:00:00+00:00,726287
2024-09-07 00:00:00+00:00,606660
2024-09-08 00:00:00+00:00,596940
2024-09-09 00:00:00+00:00,736827
2024-09-10 00:00:00+00:00,733172
2024-09-11 00:00:00+00:00,662704
2024-09-12 00:00:00+00:00,775748
2024-09-13 00:00:00+00:00,794367
2024-09-14 00:00:00+00:00,688474
2024-09-15 00:00:00+00:00,643849
2024-09-16 00:00:00+00:00,746172
2024-09-17 00:00:00+00:00,732953
2024-09-18 00:00:00+00:00,720313
2024-09-19 00:00:00+00:00,746741
2024-09-20 00:00:00+00:00,822445
2024-09-21 00:00:00+00:00,665209
2024-09-22 00:00:00+00:00,595289
2024-09-23 00:00:00+00:00,796781
2024-09-24 00:00:00+00:00,749184
2024-09-25 00:00:00+00:00,713234
2024-09-26 00:00:00+00:00,721855
2024-09-27 00:00:00+00:00,751618
2024-09-28 00:00:00+00:00,649697
2024-09-29 00:00:00+00:00,680061
2024-09-30 00:00:00+00:00,732082
2024-10-01 00:00:00+00:00,863700
2024-10-02 00:00:00+00:00,711643
2024-10-03 00:00:00+00:00,737116
2024-10-04 00:00:00+00:00,784413
2024-10-05 00:00:00+00:00,608641
2024-10-06 00:00:00+00:00,610738
2024-10-07 00:00:00+00:00,719501
2024-10-08 00:00:00+00:00,822783
2024-10-09 00:00:00+00:00,668278
2024-10-10 00:00:00+00:00,679738
2024-10-11 00:00:00+00:00,718986
2024-10-12 00:00:00+00:00,606243
2024-10-13 00:00:00+00:00,609844
2024-10-14 00:00:00+00:00,722649
2024-10-15 00:00:00+00:00,787245
2024-10-16 00:00:00+00:00,614677
2024-10-17 00:00:00+00:00,765780
2024-10-18 00:00:00+00:00,723986
2024-10-19 00:00:00+00:00,685573
2024-10-20 00:00:00+00:00,688498
2024-10-21 00:00:00+00:00,717571
2024-10-22 00:00:00+00:00,639877
2024-10-23 00:00:00+00:00,740774
2024-10-24 00:00:00+00:00,656927
2024-10-25 00:00:00+00:00,859095
2024-10-26 00:00:00+00:00,727063
2024-10-27 00:00:00+00:00,654362
2024-10-28 00:00:00+00:00,756668
2024-10-29 00:00:00+00:00,831182
2024-10-30 00:00:00+00:00,794409
2024-10-31 00:00:00+00:00,789382
2024-11-01 00:00:00+00:00,819093
2024-11-02 00:00:00+00:00,690705
2024-11-03 00:00:00+00:00,627617
2024-11-04 00:00:00+00:00,811710
2024-11-05 00:00:00+00:00,768957
2024-11-06 00:00:00+00:00,894241
2024-11-07 00:00:00+00:00,792482
2024-11-08 00:00:00+00:00,848426
2024-11-09 00:00:00+00:00,654475
2024-11-10 00:00:00+00:00,793243
2024-11-11 00:00:00+00:00,941403
2024-11-12 00:00:00+00:00,1007782
2024-11-13 00:00:00+00:00,859128
2024-11-14 00:00:00+00:00,839766
2024-11-15 00:00:00+00:00,886479
2024-11-16 00:00:00+00:00,802492
2024-11-17 00:00:00+00:00,717710
2024-11-18 00:00:00+00:00,796834
2024-11-19 00:00:00+00:00,757888
2024-11-20 00:00:00+00:00,750264
2024-11-21 00:00:00+00:00,977195
2024-11-22 00:00:00+00:00,902930
2024-11-23 00:00:00+00:00,877099
2024-11-24 00:00:00+00:00,790852
2024-11-25 00:00:00+00:00,956417
2024-11-26 00:00:00+00:00,790710
2024-11-27 00:00:00+00:00,800136
2024-11-28 00:00:00+00:00,754947
2024-11-29 00:00:00+00:00,767132
2024-11-30 00:00:00+00:00,828664
2024-12-01 00:00:00+00:00,739652
2024-12-02 00:00:00+00:00,925715
2024-12-03 00:00:00+00:00,918415
2024-12-04 00:00:00+00:00,887569
2024-12-05 00:00:00+00:00,968792
2024-12-06 00:00:00+00:00,872253
2024-12-07 00:00:00+00:00,798958
2024-12-08 00:00:00+00:00,851865
2024-12-09 00:00:00+00:00,915304
2024-12-10 00:00:00+00:00,985635
2024-12-11 00:00:00+00:00,858578
2024-12-12 00:00:00+00:00,883811
2024-12-13 00:00:00+00:00,936834
2024-12-14 00:00:00+00:00,774578
2024-12-15 00:00:00+00:00,789756
2024-12-16 00:00:00+00:00,952348
2024-12-17 00:00:00+00:00,829977
2024-12-18 00:00:00+00:00,890898
2024-12-19 00:00:00+00:00,861604
2024-12-20 00:00:00+00:00,882836
2024-12-21 00:00:00+00:00,744752
2024-12-22 00:00:00+00:00,758970
2024-12-23 00:00:00+00:00,804969
2024-12-24 00:00:00+00:00,763920
2024-12-25 00:00:00+00:00,702219
2024-12-26 00:00:00+00:00,739743
2024-12-27 00:00:00+00:00,846364
2024-12-28 00:00:00+00:00,704798
2024-12-29 00:00:00+00:00,727603
2024-12-30 00:00:00+00:00,812462
2024-12-31 00:00:00+00:00,780332
2025-01-01 00:00:00+00:00,661798
2025-01-02 00:00:00+00:00,806065
2025-01-03 00:00:00+00:00,774077
2025-01-04 00:00:00+00:00,699568
2025-01-05 00:00:00+00:00,672568
2025-01-06 00:00:00+00:00,765227
2025-01-07 00:00:00+00:00,780759
2025-01-08 00:00:00+00:00,739012
2025-01-09 00:00:00+00:00,742304
2025-01-10 00:00:00+00:00,797315
2025-01-11 00:00:00+00:00,680515
2025-01-12 00:00:00+00:00,706797
2025-01-13 00:00:00+00:00,730319
2025-01-14 00:00:00+00:00,790420
2025-01-15 00:00:00+00:00,804761
2025-01-16 00:00:00+00:00,787871
2025-01-17 00:00:00+00:00,844973
2025-01-18 00:00:00+00:00,730835
2025-01-19 00:00:00+00:00,777201
2025-01-20 00:00:00+00:00,852334
2025-01-21 00:00:00+00:00,864025
2025-01-22 00:00:00+00:00,830610
2025-01-23 00:00:00+00:00,797154
2025-01-24 00:00:00+00:00,778133
2025-01-25 00:00:00+00:00,674223
2025-01-26 00:00:00+00:00,652111
2025-01-27 00:00:00+00:00,800741
2025-01-28 00:00:00+00:00,754559
2025-01-29 00:00:00+00:00,732357
2025-01-30 00:00:00+00:00,768553
2025-01-31 00:00:00+00:00,767144
2025-02-01 00:00:00+00:00,732561
2025-02-02 00:00:00+00:00,762118
2025-02-03 00:00:00+00:00,872269
2025-02-04 00:00:00+00:00,807567
2025-02-05 00:00:00+00:00,755489
2025-02-06 00:00:00+00:00,753978
2025-02-07 00:00:00+00:00,753607
2025-02-08 00:00:00+00:00,655694
2025-02-09 00:00:00+00:00,630935
2025-02-10 00:00:00+00:00,784554
2025-02-11 00:00:00+00:00,778968
2025-02-12 00:00:00+00:00,713585
2025-02-13 00:00:00+00:00,752473
2025-02-14 00:00:00+00:00,734111
2025-02-15 00:00:00+00:00,651702
2025-02-16 00:00:00+00:00,607272
2025-02-17 00:00:00+00:00,722465
2025-02-18 00:00:00+00:00,752996
2025-02-19 00:00:00+00:00,680832
2025-02-20 00:00:00+00:00,692965
2025-02-21 00:00:00+00:00,718521
2025-02-22 00:00:00+00:00,629577
2025-02-23 00:00:00+00:00,515136
2025-02-24 00:00:00+00:00,713984
2025-02-25 00:00:00+00:00,837361
2025-02-26 00:00:00+00:00,827083
2025-02-27 00:00:00+00:00,890859
2025-02-28 00:00:00+00:00,915297
2025-03-01 00:00:00+00:00,796043
2025-03-02 00:00:00+00:00,691454
2025-03-03 00:00:00+00:00,804674
2025-03-04 00:00:00+00:00,752956
2025-03-05 00:00:00+00:00,735786
2025-03-06 00:00:00+00:00,825264
2025-03-07 00:00:00+00:00,863520
2025-03-08 00:00:00+00:00,673352
2025-03-09 00:00:00+00:00,664954
2025-03-10 00:00:00+00:00,800739
2025-03-11 00:00:00+00:00,782819
2025-03-12 00:00:00+00:00,745460
2025-03-13 00:00:00+00:00,764889
2025-03-14 00:00:00+00:00,779781
2025-03-15 00:00:00+00:00,663845
2025-03-16 00:00:00+00:00,682615
2025-03-17 00:00:00+00:00,777796
2025-03-18 00:00:00+00:00,728748
2025-03-19 00:00:00+00:00,757656
2025-03-20 00:00:00+00:00,813034
2025-03-21 00:00:00+00:00,769088
2025-03-22 00:00:00+00:00,644074
2025-03-23 00:00:00+00:00,610837
2025-03-24 00:00:00+00:00,809888
2025-03-25 00:00:00+00:00,725387
2025-03-26 00:00:00+00:00,759292
2025-03-27 00:00:00+00:00,778898
2025-03-28 00:00:00+00:00,830965
2025-03-29 00:00:00+00:00,665765
2025-03-30 00:00:00+00:00,611195
2025-03-31 00:00:00+00:00,770064
2025-04-01 00:00:00+00:00,807365
2025-04-02 00:00:00+00:00,769838
2025-04-03 00:00:00+00:00,792583
2025-04-04 00:00:00+00:00,820433
2025-04-05 00:00:00+00:00,736838
2025-04-06 00:00:00+00:00,645459
2025-04-07 00:00:00+00:00,791618
2025-04-08 00:00:00+00:00,736263
2025-04-09 00:00:00+00:00,743091
2025-04-10 00:00:00+00:00,745006
2025-04-11 00:00:00+00:00,762968
2025-04-12 00:00:00+00:00,651244
2025-04-13 00:00:00+00:00,599557
2025-04-14 00:00:00+00:00,731158
2025-04-15 00:00:00+00:00,764894
2025-04-16 00:00:00+00:00,715957
2025-04-17 00:00:00+00:00,734302
2025-04-18 00:00:00+00:00,669757
2025-04-19 00:00:00+00:00,618431
2025-04-20 00:00:00+00:00,563502
2025-04-21 00:00:00+00:00,680575
2025-04-22 00:00:00+00:00,792265
2025-04-23 00:00:00+00:00,716670
2025-04-24 00:00:00+00:00,771761
2025-04-25 00:00:00+00:00,818112
2025-04-26 00:00:00+00:00,636351
2025-04-27 00:00:00+00:00,614897
2025-04-28 00:00:00+00:00,801464
2025-04-29 00:00:00+00:00,738376
2025-04-30 00:00:00+00:00,797218
2025-05-01 00:00:00+00:00,783416
2025-05-02 00:00:00+00:00,931165
2025-05-03 00:00:00+00:00,686500
2025-05-04 00:00:00+00:00,613491
2025-05-05 00:00:00+00:00,758965
2025-05-06 00:00:00+00:00,787857
2025-05-07 00:00:00+00:00,846613
2025-05-08 00:00:00+00:00,852697
2025-05-09 00:00:00+00:00,863281
2025-05-10 00:00:00+00:00,664831
2025-05-11 00:00:00+00:00,615305
2025-05-12 00:00:00+00:00,758453
2025-05-13 00:00:00+00:00,808191
2025-05-14 00:00:00+00:00,790244
2025-05-15 00:00:00+00:00,754318
2025-05-16 00:00:00+00:00,829195
2025-05-17 00:00:00+00:00,740377
2025-05-18 00:00:00+00:00,601421
2025-05-19 00:00:00+00:00,718046
2025-05-20 00:00:00+00:00,739140
2025-05-21 00:00:00+00:00,796779
2025-05-22 00:00:00+00:00,868642
2025-05-23 00:00:00+00:00,809410
2025-05-24 00:00:00+00:00,644711
2025-05-25 00:00:00+00:00,625162
2025-05-26 00:00:00+00:00,745729
2025-05-27 00:00:00+00:00,706571
2025-05-28 00:00:00+00:00,782052
2025-05-29 00:00:00+00:00,765279
2025-05-30 00:00:00+00:00,834229
2025-05-31 00:00:00+00:00,711975
2025-06-01 00:00:00+00:00,689965
2025-06-02 00:00:00+00:00,771787
2025-06-03 00:00:00+00:00,864048
2025-06-04 00:00:00+00:00,720304
2025-06-05 00:00:00+00:00,781431
2025-06-06 00:00:00+00:00,781673
2025-06-07 00:00:00+00:00,653737
2025-06-08 00:00:00+00:00,611460
2025-06-09 00:00:00+00:00,744523
2025-06-10 00:00:00+00:00,824315
2025-06-11 00:00:00+00:00,755087
2025-06-12 00:00:00+00:00,780705
2025-06-13 00:00:00+00:00,811764
2025-06-14 00:00:00+00:00,631338
2025-06-15 00:00:00+00:00,599893
2025-06-16 00:00:00+00:00,722329
2025-06-17 00:00:00+00:00,712578
2025-06-18 00:00:00+00:00,751671
2025-06-19 00:00:00+00:00,716269
2025-06-20 00:00:00+00:00,778947
2025-06-21 00:00:00+00:00,658427
2025-06-22 00:00:00+00:00,595271
2025-06-23 00:00:00+00:00,691705
2025-06-24 00:00:00+00:00,757208
2025-06-25 00:00:00+00:00,748961
2025-06-26 00:00:00+00:00,764181
2025-06-27 00:00:00+00:00,731987
2025-06-28 00:00:00+00:00,636115
2025-06-29 00:00:00+00:00,545712
2025-06-30 00:00:00+00:00,759866
2025-07-01 00:00:00+00:00,796482
2025-07-02 00:00:00+00:00,794995
2025-07-03 00:00:00+00:00,798168
2025-07-04 00:00:00+00:00,693948
2025-07-05 00:00:00+00:00,561792
2025-07-06 00:00:00+00:00,613042
2025-07-07 00:00:00+00:00,686261
2025-07-08 00:00:00+00:00,795709
2025-07-09 00:00:00+00:00,779022
2025-07-10 00:00:00+00:00,829216
2025-07-11 00:00:00+00:00,845548
2025-07-12 00:00:00+00:00,673470
2025-07-13 00:00:00+00:00,655163
2025-07-14 00:00:00+00:00,797345
2025-07-15 00:00:00+00:00,753728
2025-07-16 00:00:00+00:00,735726
2025-07-17 00:00:00+00:00,811618
2025-07-18 00:00:00+00:00,757713
2025-07-19 00:00:00+00:00,655287
2025-07-20 00:00:00+00:00,625098
2025-07-21 00:00:00+00:00,733805
2025-07-22 00:00:00+00:00,730808
2025-07-23 00:00:00+00:00,738717
2025-07-24 00:00:00+00:00,719805
2025-07-25 00:00:00+00:00,749904
2025-07-26 00:00:00+00:00,652309
2025-07-27 00:00:00+00:00,615345
2025-07-28 00:00:00+00:00,728095
2025-07-29 00:00:00+00:00,715626
2025-07-30 00:00:00+00:00,733090
2025-07-31 00:00:00+00:00,752871
2025-08-01 00:00:00+00:00,838177
2025-08-02 00:00:00+00:00,693800
2025-08-03 00:00:00+00:00,621756
2025-08-04 00:00:00+00:00,728238
2025-08-05 00:00:00+00:00,798131
2025-08-06 00:00:00+00:00,838450
2025-08-07 00:00:00+00:00,810557
2025-08-08 00:00:00+00:00,960615
2025-08-09 00:00:00+00:00,767705
2025-08-10 00:00:00+00:00,651290
2025-08-11 00:00:00+00:00,760684
2025-08-12 00:00:00+00:00,721420
2025-08-13 00:00:00+00:00,753168
2025-08-14 00:00:00+00:00,803997
2025-08-15 00:00:00+00:00,734665
2025-08-16 00:00:00+00:00,642573
2025-08-17 00:00:00+00:00,569807
2025-08-18 00:00:00+00:00,701698
2025-08-19 00:00:00+00:00,670399
2025-08-20 00:00:00+00:00,726389
2025-08-21 00:00:00+00:00,702511
2025-08-22 00:00:00+00:00,767825
2025-08-23 00:00:00+00:00,662164
2025-08-24 00:00:00+00:00,610390
2025-08-25 00:00:00+00:00,705894
2025-08-26 00:00:00+00:00,710999
2025-08-27 00:00:00+00:00,703023
2025-08-28 00:00:00+00:00,696912
2025-08-29 00:00:00+00:00,777455
2025-08-30 00:00:00+00:00,633372
2025-08-31 00:00:00+00:00,579281
2025-09-01 00:00:00+00:00,724476
2025-09-02 00:00:00+00:00,741440
2025-09-03 00:00:00+00:00,757257
2025-09-04 00:00:00+00:00,768977
2025-09-05 00:00:00+00:00,811569
2025-09-06 00:00:00+00:00,613246
2025-09-07 00:00:00+00:00,594567
2025-09-08 00:00:00+00:00,732824
2025-09-09 00:00:00+00:00,725526
2025-09-10 00:00:00+00:00,687721
2025-09-11 00:00:00+00:00,722040
2025-09-12 00:00:00+00:00,721666
2025-09-13 00:00:00+00:00,684987
2025-09-14 00:00:00+00:00,646063
2025-09-15 00:00:00+00:00,773239
2025-09-16 00:00:00+00:00,747555
2025-09-17 00:00:00+00:00,698218
2025-09-18 00:00:00+00:00,729042
2025-09-19 00:00:00+00:00,759748
2025-09-20 00:00:00+00:00,711626
2025-09-21 00:00:00+00:00,660574
2025-09-22 00:00:00+00:00,747221
2025-09-23 00:00:00+00:00,674195
2025-09-24 00:00:00+00:00,682109
2025-09-25 00:00:00+00:00,741811
2025-09-26 00:00:00+00:00,728767
2025-09-27 00:00:00+00:00,635310
2025-09-28 00:00:00+00:00,652543
2025-09-29 00:00:00+00:00,740289
2025-09-30 00:00:00+00:00,745290
2025-10-01 00:00:00+00:00,885196
2025-10-02 00:00:00+00:00,804780
2025-10-03 00:00:00+00:00,797887
2025-10-04 00:00:00+00:00,743257
2025-10-05 00:00:00+00:00,677933
2025-10-06 00:00:00+00:00,768110
2025-10-07 00:00:00+00:00,767705
2025-10-08 00:00:00+00:00,759929
2025-10-09 00:00:00+00:00,719972
2025-10-10 00:00:00+00:00,745662
2025-10-11 00:00:00+00:00,718136
2025-10-12 00:00:00+00:00,695884
2025-10-13 00:00:00+00:00,680803
2025-10-14 00:00:00+00:00,706371
2025-10-15 00:00:00+00:00,695775
2025-10-16 00:00:00+00:00,740169
2025-10-17 00:00:00+00:00,772447
2025-10-18 00:00:00+00:00,608801
2025-10-19 00:00:00+00:00,595209
2025-10-20 00:00:00+00:00,679663
2025-10-21 00:00:00+00:00,733522
2025-10-22 00:00:00+00:00,695833
2025-10-23 00:00:00+00:00,679681
2025-10-24 00:00:00+00:00,734616
2025-10-25 00:00:00+00:00,595504
2025-10-26 00:00:00+00:00,584836
2025-10-27 00:00:00+00:00,726782
2025-10-28 00:00:00+00:00,693980
2025-10-29 00:00:00+00:00,667087
2025-10-30 00:00:00+00:00,708971
2025-10-31 00:00:00+00:00,723709
2025-11-01 00:00:00+00:00,683092
2025-11-02 00:00:00+00:00,575622
2025-11-03 00:00:00+00:00,772175
2025-11-04 00:00:00+00:00,779122
2025-11-05 00:00:00+00:00,747953
2025-11-06 00:00:00+00:00,737224
2025-11-07 00:00:00+00:00,752529
2025-11-08 00:00:00+00:00,622449
2025-11-09 00:00:00+00:00,607063
2025-11-10 00:00:00+00:00,723219
2025-11-11 00:00:00+00:00,717240
2025-11-12 00:00:00+00:00,666761
2025-11-13 00:00:00+00:00,715565
2025-11-14 00:00:00+00:00,804891
2025-11-15 00:00:00+00:00,735457
2025-11-16 00:00:00+00:00,599175
2025-11-17 00:00:00+00:00,722706
2025-11-18 00:00:00+00:00,783873
2025-11-19 00:00:00+00:00,740835
2025-11-20 00:00:00+00:00,712914
2025-11-21 00:00:00+00:00,798210
2025-11-22 00:00:00+00:00,653472
2025-11-23 00:00:00+00:00,587259
2025-11-24 00:00:00+00:00,672046
2025-11-25 00:00:00+00:00,673473
2025-11-26 00:00:00+00:00,719513
2025-11-27 00:00:00+00:00,675201
2025-11-28 00:00:00+00:00,703533
2025-11-29 00:00:00+00:00,630159
2025-11-30 00:00:00+00:00,601718
2025-12-01 00:00:00+00:00,737081
2025-12-02 00:00:00+00:00,743961
2025-12-03 00:00:00+00:00,716757
2025-12-04 00:00:00+00:00,693069
2025-12-05 00:00:00+00:00,712886
2025-12-06 00:00:00+00:00,615281
2025-12-07 00:00:00+00:00,545020
2025-12-08 00:00:00+00:00,666566
2025-12-09 00:00:00+00:00,668386
2025-12-10 00:00:00+00:00,689654
2025-12-11 00:00:00+00:00,656012
2025-12-12 00:00:00+00:00,761375
2025-12-13 00:00:00+00:00,601306
2025-12-14 00:00:00+00:00,564048
2025-12-15 00:00:00+00:00,663223
2025-12-16 00:00:00+00:00,696716
2025-12-17 00:00:00+00:00,675987
2025-12-18 00:00:00+00:00,725880
2025-12-19 00:00:00+00:00,735738
2025-12-20 00:00:00+00:00,613352
2025-12-21 00:00:00+00:00,565021
2025-12-22 00:00:00+00:00,667969
2025-12-23 00:00:00+00:00,672116
2025-12-24 00:00:00+00:00,667297
2025-12-25 00:00:00+00:00,562104
2025-12-26 00:00:00+00:00,613757
2025-12-27 00:00:00+00:00,569638
2025-12-28 00:00:00+00:00,572908
2025-12-29 00:00:00+00:00,693511
2025-12-30 00:00:00+00:00,749500
2025-12-31 00:00:00+00:00,697063
2026-01-01 00:00:00+00:00,570904
2026-01-02 00:00:00+00:00,702623
2026-01-03 00:00:00+00:00,618923
2026-01-04 00:00:00+00:00,629824
2026-01-05 00:00:00+00:00,687169
2026-01-06 00:00:00+00:00,698247
2026-01-07 00:00:00+00:00,644966
2026-01-08 00:00:00+00:00,631893
2026-01-09 00:00:00+00:00,664665
2026-01-10 00:00:00+00:00,608784
2026-01-11 00:00:00+00:00,536405
2026-01-12 00:00:00+00:00,638422
2026-01-13 00:00:00+00:00,701272
2026-01-14 00:00:00+00:00,707589
2026-01-15 00:00:00+00:00,717904
2026-01-16 00:00:00+00:00,692686
2026-01-17 00:00:00+00:00,572689
2026-01-18 00:00:00+00:00,567075
2026-01-19 00:00:00+00:00,623139
2026-01-20 00:00:00+00:00,640908
2026-01-21 00:00:00+00:00,698736
2026-01-22 00:00:00+00:00,612517
2026-01-23 00:00:00+00:00,664123
2026-01-24 00:00:00+00:00,562317
2026-01-25 00:00:00+00:00,555249
2026-01-26 00:00:00+00:00,635513
2026-01-27 00:00:00+00:00,624246
2026-01-28 00:00:00+00:00,631786
2026-01-29 00:00:00+00:00,681624
2026-01-30 00:00:00+00:00,733411
2026-01-31 00:00:00+00:00,702918
2026-02-01 00:00:00+00:00,613261
2026-02-02 00:00:00+00:00,734473
2026-02-03 00:00:00+00:00,741467
2026-02-04 00:00:00+00:00,704812
2026-02-05 00:00:00+00:00,865167
2026-02-06 00:00:00+00:00,856992
2026-02-07 00:00:00+00:00,645574
2026-02-08 00:00:00+00:00,555675
2026-02-09 00:00:00+00:00,682068
2026-02-10 00:00:00+00:00,624916
2026-02-11 00:00:00+00:00,659141
2026-02-12 00:00:00+00:00,653355
2026-02-13 00:00:00+00:00,684978
2026-02-14 00:00:00+00:00,583422
2026-02-15 00:00:00+00:00,532309
2026-02-16 00:00:00+00:00,592609
2026-02-17 00:00:00+00:00,595445
2026-02-18 00:00:00+00:00,595919
2026-02-19 00:00:00+00:00,616639
2026-02-20 00:00:00+00:00,662947
2026-02-21 00:00:00+00:00,579813
2026-02-22 00:00:00+00:00,525709
2026-02-23 00:00:00+00:00,684644
2026-02-24 00:00:00+00:00,661423
2026-02-25 00:00:00+00:00,650235
2026-02-26 00:00:00+00:00,693519
2026-02-27 00:00:00+00:00,704075
2026-02-28 00:00:00+00:00,640533
2026-03-01 00:00:00+00:00,602506
2026-03-02 00:00:00+00:00,690831
2026-03-03 00:00:00+00:00,652464
2026-03-04 00:00:00+00:00,697294
2026-03-05 00:00:00+00:00,686708
2026-03-06 00:00:00+00:00,672019
2026-03-07 00:00:00+00:00,592224
2026-03-08 00:00:00+00:00,523172
2026-03-09 00:00:00+00:00,627803
2026-03-10 00:00:00+00:00,649875
2026-03-11 00:00:00+00:00,629140
2026-03-12 00:00:00+00:00,640192
2026-03-13 00:00:00+00:00,676568
2026-03-14 00:00:00+00:00,557544
2026-03-15 00:00:00+00:00,534462
2026-03-16 00:00:00+00:00,701802
2026-03-17 00:00:00+00:00,679525
2026-03-18 00:00:00+00:00,625137
2026-03-19 00:00:00+00:00,603884
2026-03-20 00:00:00+00:00,656663
2026-03-21 00:00:00+00:00,586709
2026-03-22 00:00:00+00:00,545348
2026-03-23 00:00:00+00:00,640101
2026-03-24 00:00:00+00:00,587472
2026-03-25 00:00:00+00:00,657017
2026-03-26 00:00:00+00:00,623105
2026-03-27 00:00:00+00:00,640242
2026-03-28 00:00:00+00:00,555352
2026-03-29 00:00:00+00:00,513446
2026-03-30 00:00:00+00:00,631420
2026-03-31 00:00:00+00:00,630351
2026-04-01 00:00:00+00:00,697142
2026-04-02 00:00:00+00:00,653581
2026-04-03 00:00:00+00:00,647348
2026-04-04 00:00:00+00:00,546885
2026-04-05 00:00:00+00:00,496633
2026-04-06 00:00:00+00:00,608673
2026-04-07 00:00:00+00:00,640745
2026-04-08 00:00:00+00:00,632101
2026-04-09 00:00:00+00:00,627910
2026-04-10 00:00:00+00:00,655019
2026-04-11 00:00:00+00:00,567547
2026-04-12 00:00:00+00:00,523902
2026-04-13 00:00:00+00:00,631173
2026-04-14 00:00:00+00:00,648935
2026-04-15 00:00:00+00:00,648996
2026-04-16 00:00:00+00:00,642428
2026-04-17 00:00:00+00:00,666008
2026-04-18 00:00:00+00:00,571160
2026-04-19 00:00:00+00:00,510705
2026-04-20 00:00:00+00:00,630657
2026-04-21 00:00:00+00:00,627674
2026-04-22 00:00:00+00:00,658718
2026-04-23 00:00:00+00:00,624801
2026-04-24 00:00:00+00:00,669638
2026-04-25 00:00:00+00:00,548575
2026-04-26 00:00:00+00:00,527244
2026-04-27 00:00:00+00:00,639267
2026-04-28 00:00:00+00:00,624691
2026-04-29 00:00:00+00:00,631076
2026-04-30 00:00:00+00:00,685346
2026-05-01 00:00:00+00:00,751425
2026-05-02 00:00:00+00:00,620486
2026-05-03 00:00:00+00:00,583469
2026-05-04 00:00:00+00:00,722079
2026-05-05 00:00:00+00:00,721256
2026-05-06 00:00:00+00:00,727700
2026-05-07 00:00:00+00:00,759390
2026-05-08 00:00:00+00:00,677277
2026-05-09 00:00:00+00:00,818423
2026-05-10 00:00:00+00:00,525874
2026-05-11 00:00:00+00:00,615823
2026-05-12 00:00:00+00:00,612683
2026-05-13 00:00:00+00:00,643577
2026-05-14 00:00:00+00:00,633568
2026-05-15 00:00:00+00:00,669184
2026-05-16 00:00:00+00:00,572496
2026-05-17 00:00:00+00:00,564015
2026-05-18 00:00:00+00:00,639384
2026-05-19 00:00:00+00:00,631608
2026-05-20 00:00:00+00:00,648310
2026-05-21 00:00:00+00:00,630942
2026-05-22 00:00:00+00:00,671333
2026-05-23 00:00:00+00:00,573855
2026-05-24 00:00:00+00:00,488204
2026-05-25 00:00:00+00:00,608973
2026-05-26 00:00:00+00:00,625482
2026-05-27 00:00:00+00:00,608435
2026-05-28 00:00:00+00:00,622022
2026-05-29 00:00:00+00:00,669839
2026-05-30 00:00:00+00:00,573532
2026-05-31 00:00:00+00:00,535317
2026-06-01 00:00:00+00:00,703973
2026-06-02 00:00:00+00:00,652731
2026-06-03 00:00:00+00:00,677654
2026-06-04 00:00:00+00:00,705263
2026-06-05 00:00:00+00:00,724204
2026-06-06 00:00:00+00:00,617500
2026-06-07 00:00:00+00:00,523362
2026-06-08 00:00:00+00:00,623204
2026-06-09 00:00:00+00:00,595000
2026-06-10 00:00:00+00:00,618722
2026-06-11 00:00:00+00:00,639861
2026-06-12 00:00:00+00:00,688598
2026-06-13 00:00:00+00:00,547731
2026-06-14 00:00:00+00:00,534169
2026-06-15 00:00:00+00:00,663373
2026-06-16 00:00:00+00:00,642395
2026-06-17 00:00:00+00:00,619157
2026-06-18 00:00:00+00:00,654630
2026-06-19 00:00:00+00:00,611813
2026-06-20 00:00:00+00:00,541078
2026-06-21 00:00:00+00:00,514984
2026-06-22 00:00:00+00:00,601216
2026-06-23 00:00:00+00:00,620829
2026-06-24 00:00:00+00:00,629642
2026-06-25 00:00:00+00:00,683523
2026-06-26 00:00:00+00:00,662457
2026-06-27 00:00:00+00:00,592251
2026-06-28 00:00:00+00:00,537835
2026-06-29 00:00:00+00:00,659557
2026-06-30 00:00:00+00:00,722749
2026-07-01 00:00:00+00:00,742127
2026-07-02 00:00:00+00:00,702851
2026-07-03 00:00:00+00:00,698135
2026-07-04 00:00:00+00:00,550009
2026-07-05 00:00:00+00:00,501335
2026-07-06 00:00:00+00:00,613733
2026-07-07 00:00:00+00:00,641947
2026-07-08 00:00:00+00:00,611138
2026-07-09 00:00:00+00:00,619969
2026-07-10 00:00:00+00:00,634002
2026-07-11 00:00:00+00:00,557508
2026-07-12 00:00:00+00:00,490823
2026-07-13 00:00:00+00:00,624343
2026-07-14 00:00:00+00:00,639375
2026-07-15 00:00:00+00:00,638699
2026-07-16 00:00:00+00:00,621188
2026-07-17 00:00:00+00:00,629901
2026-07-18 00:00:00+00:00,579482
2026-07-19 00:00:00+00:00,517259
2026-07-20 00:00:00+00:00,612420
2026-07-21 00:00:00+00:00,634153
2026-07-22 00:00:00+00:00,624603
2026-07-23 00:00:00+00:00,628670
2026-07-24 00:00:00+00:00,689082
2026-07-25 00:00:00+00:00,564960
2026-07-26 00:00:00+00:00,569782
2026-07-27 00:00:00+00:00,635071
2026-07-28 00:00:00+00:00,628552
2026-07-29 00:00:00+00:00,604146
2026-07-30 00:00:00+00:00,666081
2026-07-31 00:00:00+00:00,967546
2026-08-01 00:00:00+00:00,806292
2026-08-02 00:00:00+00:00,653981
2026-08-03 00:00:00+00:00,741819
2026-08-04 00:00:00+00:00,684692
2026-08-05 00:00:00+00:00,730433
2026-08-06 00:00:00+00:00,678177
2026-08-07 00:00:00+00:00,709925
2026-08-08 00:00:00+00:00,621521
2026-08-09 00:00:00+00:00,520129
2026-08-10 00:00:00+00:00,650586
2026-08-11 00:00:00+00:00,609039
2026-08-12 00:00:00+00:00,646051
2026-08-13 00:00:00+00:00,650606
2026-08-14 00:00:00+00:00,660290
2026-08-15 00:00:00+00:00,564175
2026-08-16 00:00:00+00:00,541863
2026-08-17 00:00:00+00:00,680154
2026-08-18 00:00:00+00:00,642144
2026-08-19 00:00:00+00:00,649780
2026-08-20 00:00:00+00:00,721893
2026-08-21 00:00:00+00:00,779671
2026-08-22 00:00:00+00:00,634723
2026-08-23 00:00:00+00:00,534757
2026-08-24 00:00:00+00:00,663383
2026-08-25 00:00:00+00:00,673531
2026-08-26 00:00:00+00:00,647067
2026-08-27 00:00:00+00:00,656799
2026-08-28 00:00:00+00:00,676953
2026-08-29 00:00:00+00:00,567148
2026-08-30 00:00:00+00:00,543695
2026-08-31 00:00:00+00:00,665835
2026-09-01 00:00:00+00:00,677321
2026-09-02 00:00:00+00:00,659394
2026-09-03 00:00:00+00:00,671828
2026-09-04 00:00:00+00:00,707560
2026-09-05 00:00:00+00:00,580706
2026-09-06 00:00:00+00:00,550647
2026-09-07 00:00:00+00:00,599773
2026-09-08 00:00:00+00:00,604102
2026-09-09 00:00:00+00:00,639959
2026-09-10 00:00:00+00:00,639221
2026-09-11 00:00:00+00:00,682493
2026-09-12 00:00:00+00:00,570535
2026-09-13 00:00:00+00:00,557000
2026-09-14 00:00:00+00:00,643814
2026-09-15 00:00:00+00:00,637966
2026-09-16 00:00:00+00:00,617495
2026-09-17 00:00:00+00:00,652441
2026-09-18 00:00:00+00:00,681346
2026-09-19 00:00:00+00:00,586590
2026-09-20 00:00:00+00:00,564511
2026-09-21 00:00:00+00:00,711168
2026-09-22 00:00:00+00:00,661338
2026-09-23 00:00:00+00:00,628005
2026-09-24 00:00:00+00:00,638874
2026-09-25 00:00:00+00:00,671438
2026-09-26 00:00:00+00:00,598476
2026-09-27 00:00:00+00:00,558771
2026-09-28 00:00:00+00:00,696094
2026-09-29 00:00:00+00:00,680492
2026-09-30 00:00:00+00:00,719874
2026-10-01 00:00:00+00:00,712825
2026-10-02 00:00:00+00:00,736514
2026-10-03 00:00:00+00:00,633419
