date,hashrate
2022-10-06 00:00:00+00:00,247871668.31007487
2022-10-07 00:00:00+00:00,266578963.22682327
2022-10-08 00:00:00+00:00,272814728.9473646
2022-10-09 00:00:00+00:00,246312725.75750184
2022-10-10 00:00:00+00:00,282818946.6660149
2022-10-11 00:00:00+00:00,277924882.76934755
2022-10-12 00:00:00+00:00,242520438.89338887
2022-10-13 00:00:00+00:00,253141772.82091248
2022-10-14 00:00:00+00:00,276154659.1735337
2022-10-15 00:00:00+00:00,269073772.43763787
2022-10-16 00:00:00+00:00,254911993.86760643
2022-10-17 00:00:00+00:00,265533327.79513
2022-10-18 00:00:00+00:00,251371549.22509855
2022-10-19 00:00:00+00:00,267303548.841824
2022-10-20 00:00:00+00:00,256682214.9143004
2022-10-21 00:00:00+00:00,276154659.1735337
2022-10-22 00:00:00+00:00,240750215.297575
2022-10-23 00:00:00+00:00,274810664.8495725
2022-10-24 00:00:00+00:00,249031191.57743752
2022-10-25 00:00:00+00:00,223395628.20390147
2022-10-26 00:00:00+00:00,283822315.5587801
2022-10-27 00:00:00+00:00,247200081.03795677
2022-10-28 00:00:00+00:00,291146762.99030495
2022-10-29 00:00:00+00:00,261848975.90100643
2022-10-30 00:00:00+00:00,247200081.03795677
2022-10-31 00:00:00+00:00,316782326.363841
2022-11-01 00:00:00+00:00,263680086.4404872
2022-11-02 00:00:00+00:00,223395628.20390147
2022-11-03 00:00:00+00:00,300302320.96131057
2022-11-04 00:00:00+00:00,236213409.89066952
2022-11-05 00:00:00+00:00,276497868.12725526
2022-11-06 00:00:00+00:00,250862304.7537192
2022-11-07 00:00:00+00:00,263168681.007737
2022-11-08 00:00:00+00:00,297875785.7478076
2022-11-09 00:00:00+00:00,272291362.9163776
2022-11-10 00:00:00+00:00,268636444.99309605
2022-11-11 00:00:00+00:00,244879482.43907723
2022-11-12 00:00:00+00:00,305185621.59437066
2022-11-13 00:00:00+00:00,235742186.31510308
2022-11-14 00:00:00+00:00,224777435.1767992
2022-11-15 00:00:00+00:00,283256116.68622214
2022-11-16 00:00:00+00:00,274118823.1937887
2022-11-17 00:00:00+00:00,252189315.6540996
2022-11-18 00:00:00+00:00,254016775.9315107
2022-11-19 00:00:00+00:00,268636444.99309605
2022-11-20 00:00:00+00:00,272422405.82229453
2022-11-21 00:00:00+00:00,236949653.0891525
2022-11-22 00:00:00+00:00,231439196.90173665
2022-11-23 00:00:00+00:00,258991483.1288546
2022-11-24 00:00:00+00:00,236949653.0891525
2022-11-25 00:00:00+00:00,225928740.7143208
2022-11-26 00:00:00+00:00,200213272.3346683
2022-11-27 00:00:00+00:00,249807385.956469
2022-11-28 00:00:00+00:00,255317844.78890425
2022-11-29 00:00:00+00:00,240623291.4291028
2022-11-30 00:00:00+00:00,253481024.29641935
2022-12-01 00:00:00+00:00,281033310.52353734
2022-12-02 00:00:00+00:00,229602379.05427116
2022-12-03 00:00:00+00:00,240623291.4291028
2022-12-04 00:00:00+00:00,257154662.6363697
2022-12-05 00:00:00+00:00,268175577.6562208
2022-12-06 00:00:00+00:00,230616963.69146737
2022-12-07 00:00:00+00:00,292794731.64825046
2022-12-08 00:00:00+00:00,284283257.4040977
2022-12-09 00:00:00+00:00,258748834.6716393
2022-12-10 00:00:00+00:00,262153422.4082566
2022-12-11 00:00:00+00:00,250237357.97618172
2022-12-12 00:00:00+00:00,243428180.05164233
2022-12-13 00:00:00+00:00,280878667.2161756
2022-12-14 00:00:00+00:00,251939654.2957951
2022-12-15 00:00:00+00:00,236618999.6757982
2022-12-16 00:00:00+00:00,221298345.05580127
2022-12-17 00:00:00+00:00,234916703.3561848
2022-12-18 00:00:00+00:00,246832767.78825969
2022-12-19 00:00:00+00:00,234239565.5288072
2022-12-20 00:00:00+00:00,246114014.5930937
2022-12-21 00:00:00+00:00,251387888.03406775
2022-12-22 00:00:00+00:00,237324228.9000814
2022-12-23 00:00:00+00:00,232050357.99056575
2022-12-24 00:00:00+00:00,156458196.4740352
2022-12-25 00:00:00+00:00,247871973.2505712
2022-12-26 00:00:00+00:00,226776484.54959163
2022-12-27 00:00:00+00:00,202165083.59657395
2022-12-28 00:00:00+00:00,295336819.03058743
2022-12-29 00:00:00+00:00,247871973.2505712
2022-12-30 00:00:00+00:00,277757245.1131045
2022-12-31 00:00:00+00:00,274241330.3296079
2023-01-01 00:00:00+00:00,272483374.2035889
2023-01-02 00:00:00+00:00,274241330.3296079
2023-01-03 00:00:00+00:00,261567697.33085105
2023-01-04 00:00:00+00:00,242356483.09554735
2023-01-05 00:00:00+00:00,266083690.58224788
2023-01-06 00:00:00+00:00,305064103.230472
2023-01-07 00:00:00+00:00,260999287.23473144
2023-01-08 00:00:00+00:00,259304487.7459012
2023-01-09 00:00:00+00:00,257609688.25707096
2023-01-10 00:00:00+00:00,286421296.6507751
2023-01-11 00:00:00+00:00,249135683.4913812
2023-01-12 00:00:00+00:00,255914886.32772788
2023-01-13 00:00:00+00:00,269473292.0004212
2023-01-14 00:00:00+00:00,289810898.0689484
2023-01-15 00:00:00+00:00,281119760.7470869
2023-01-16 00:00:00+00:00,274688842.3501408
2023-01-17 00:00:00+00:00,291506526.6305745
2023-01-18 00:00:00+00:00,261608421.54211783
2023-01-19 00:00:00+00:00,270951578.87773
2023-01-20 00:00:00+00:00,246659370.34330428
2023-01-21 00:00:00+00:00,257871158.06970707
2023-01-22 00:00:00+00:00,282163369.29496235
2023-01-23 00:00:00+00:00,295243790.10298526
2023-01-24 00:00:00+00:00,241053473.78927335
2023-01-25 00:00:00+00:00,327010528.27306205
2023-01-26 00:00:00+00:00,289637896.2397839
2023-01-27 00:00:00+00:00,287769263.1581638
2023-01-28 00:00:00+00:00,313930107.46503913
2023-01-29 00:00:00+00:00,311438925.8972278
2023-01-30 00:00:00+00:00,269948141.5759668
2023-01-31 00:00:00+00:00,224956785.116114
2023-02-01 00:00:00+00:00,267991996.86764717
2023-02-02 00:00:00+00:00,283641162.98475456
2023-02-03 00:00:00+00:00,260167412.40066835
2023-02-04 00:00:00+00:00,266035849.34247735
2023-02-05 00:00:00+00:00,297334187.21039253
2023-02-06 00:00:00+00:00,289509602.74341375
2023-02-07 00:00:00+00:00,277772726.0429455
2023-02-08 00:00:00+00:00,269948141.5759668
2023-02-09 00:00:00+00:00,316895645.56098926
2023-02-10 00:00:00+00:00,287553455.2182439
2023-02-11 00:00:00+00:00,289509602.74341375
2023-02-12 00:00:00+00:00,315851203.95835894
2023-02-13 00:00:00+00:00,303650130.99469703
2023-02-14 00:00:00+00:00,299757180.2739148
2023-02-15 00:00:00+00:00,317275457.1159728
2023-02-16 00:00:00+00:00,348419062.8822308
2023-02-17 00:00:00+00:00,321168407.83675504
2023-02-18 00:00:00+00:00,327007835.31939054
2023-02-19 00:00:00+00:00,315328983.1570438
2023-02-20 00:00:00+00:00,286131854.15263903
2023-02-21 00:00:00+00:00,325061358.55753726
2023-02-22 00:00:00+00:00,272506528.0313633
2023-02-23 00:00:00+00:00,332847259.9991018
2023-02-24 00:00:00+00:00,262774152.63086984
2023-02-25 00:00:00+00:00,228809606.14131212
2023-02-26 00:00:00+00:00,359556659.2106422
2023-02-27 00:00:00+00:00,299630547.8012448
2023-02-28 00:00:00+00:00,293209894.21813273
2023-03-01 00:00:00+00:00,363837095.9600217
2023-03-02 00:00:00+00:00,308191421.3000036
2023-03-03 00:00:00+00:00,359556659.2106422
2023-03-04 00:00:00+00:00,325313168.2975212
2023-03-05 00:00:00+00:00,331733821.8806332
2023-03-06 00:00:00+00:00,282508803.88564134
2023-03-07 00:00:00+00:00,353136002.54561603
2023-03-08 00:00:00+00:00,284649020.71937394
2023-03-09 00:00:00+00:00,288929457.46875334
2023-03-10 00:00:00+00:00,291688415.56457573
2023-03-11 00:00:00+00:00,357219694.8827461
2023-03-12 00:00:00+00:00,348559825.89122087
2023-03-13 00:00:00+00:00,339899953.782142
2023-03-14 00:00:00+00:00,316085307.0409517
2023-03-15 00:00:00+00:00,318250273.5094446
2023-03-16 00:00:00+00:00,290105693.8312686
2023-03-17 00:00:00+00:00,318250273.5094446
2023-03-18 00:00:00+00:00,350724792.35971373
2023-03-19 00:00:00+00:00,320415243.0954912
2023-03-20 00:00:00+00:00,333405048.1415559
2023-03-21 00:00:00+00:00,313920337.4549051
2023-03-22 00:00:00+00:00,344229889.8366814
2023-03-23 00:00:00+00:00,398970829.72571325
2023-03-24 00:00:00+00:00,377232885.4931153
2023-03-25 00:00:00+00:00,337646717.00662136
2023-03-26 00:00:00+00:00,335318120.43832463
2023-03-27 00:00:00+00:00,344632513.417874
2023-03-28 00:00:00+00:00,312032141.34263265
2023-03-29 00:00:00+00:00,342303913.49639606
2023-03-30 00:00:00+00:00,360932699.4554946
2023-03-31 00:00:00+00:00,328332327.38025326
2023-04-01 00:00:00+00:00,326003727.45877534
2023-04-02 00:00:00+00:00,346961109.9861707
2023-04-03 00:00:00+00:00,305046344.9313801
2023-04-04 00:00:00+00:00,377232885.4931153
2023-04-05 00:00:00+00:00,323675130.8904786
2023-04-06 00:00:00+00:00,375586794.88083017
2023-04-07 00:00:00+00:00,338032941.7856073
2023-04-08 00:00:00+00:00,349935509.4099869
2023-04-09 00:00:00+00:00,347554997.25628686
2023-04-10 00:00:00+00:00,292803183.44178885
2023-04-11 00:00:00+00:00,366599104.7697063
2023-04-12 00:00:00+00:00,380882187.97572565
2023-04-13 00:00:00+00:00,338032941.7856073
2023-04-14 00:00:00+00:00,333271914.0502675
2023-04-15 00:00:00+00:00,376121160.24038595
2023-04-16 00:00:00+00:00,295183695.5954889
2023-04-17 00:00:00+00:00,368979620.3513461
2023-04-18 00:00:00+00:00,395165271.18174505
2023-04-19 00:00:00+00:00,330891401.89656746
2023-04-20 00:00:00+00:00,319518832.834664
2023-04-21 00:00:00+00:00,351118489.414672
2023-04-22 00:00:00+00:00,360804517.52650416
2023-04-23 00:00:00+00:00,355961503.4705881
2023-04-24 00:00:00+00:00,341432464.7898097
2023-04-25 00:00:00+00:00,302688355.8294509
2023-04-26 00:00:00+00:00,314795889.2257562
2023-04-27 00:00:00+00:00,314795889.2257562
2023-04-28 00:00:00+00:00,355961503.4705881
2023-04-29 00:00:00+00:00,331746436.67797756
2023-04-30 00:00:00+00:00,358383012.24203104
2023-05-01 00:00:00+00:00,440714244.2186647
2023-05-02 00:00:00+00:00,312374380.4543132
2023-05-03 00:00:00+00:00,341432464.7898097
2023-05-04 00:00:00+00:00,351712781.63476974
2023-05-05 00:00:00+00:00,283977798.860469
2023-05-06 00:00:00+00:00,355568839.3482855
2023-05-07 00:00:00+00:00,331705160.33113664
2023-05-08 00:00:00+00:00,326932423.8404329
2023-05-09 00:00:00+00:00,360341575.83898926
2023-05-10 00:00:00+00:00,405682570.78249
2023-05-11 00:00:00+00:00,360341575.83898926
2023-05-12 00:00:00+00:00,336477896.82184047
2023-05-13 00:00:00+00:00,346023366.366878
2023-05-14 00:00:00+00:00,415228040.3275275
2023-05-15 00:00:00+00:00,350796102.85758173
2023-05-16 00:00:00+00:00,365114312.329693
2023-05-17 00:00:00+00:00,381818888.3289712
2023-05-18 00:00:00+00:00,345151895.57295674
2023-05-19 00:00:00+00:00,369469366.94369566
2023-05-20 00:00:00+00:00,322669911.9767492
2023-05-21 00:00:00+00:00,371932494.472369
2023-05-22 00:00:00+00:00,354690591.130938
2023-05-23 00:00:00+00:00,379321880.60529494
2023-05-24 00:00:00+00:00,347301204.99801207
2023-05-25 00:00:00+00:00,371932494.472369
2023-05-26 00:00:00+00:00,376858753.0766216
2023-05-27 00:00:00+00:00,357153718.65961134
2023-05-28 00:00:00+00:00,394100656.4180526
2023-05-29 00:00:00+00:00,399026915.0223052
2023-05-30 00:00:00+00:00,379321880.60529494
2023-05-31 00:00:00+00:00,350148490.60783935
2023-06-01 00:00:00+00:00,336187210.7165766
2023-06-02 00:00:00+00:00,417687139.4758991
2023-06-03 00:00:00+00:00,331093464.71068186
2023-06-04 00:00:00+00:00,376937175.09623784
2023-06-05 00:00:00+00:00,351468445.06676406
2023-06-06 00:00:00+00:00,384577792.2713316
2023-06-07 00:00:00+00:00,343827827.89167035
2023-06-08 00:00:00+00:00,392218409.44642526
2023-06-09 00:00:00+00:00,430421502.6568876
2023-06-10 00:00:00+00:00,392218409.44642526
2023-06-11 00:00:00+00:00,415140264.63920337
2023-06-12 00:00:00+00:00,399859030.2890158
2023-06-13 00:00:00+00:00,374390300.2595421
2023-06-14 00:00:00+00:00,312665624.1002991
2023-06-15 00:00:00+00:00,385148460.99591213
2023-06-16 00:00:00+00:00,398160232.46596813
2023-06-17 00:00:00+00:00,364329623.64591026
2023-06-18 00:00:00+00:00,392955523.1284677
2023-06-19 00:00:00+00:00,369534332.9834107
2023-06-20 00:00:00+00:00,353920204.9709093
2023-06-21 00:00:00+00:00,314884890.5607413
2023-06-22 00:00:00+00:00,356522561.5133547
2023-06-23 00:00:00+00:00,325294309.2357422
2023-06-24 00:00:00+00:00,379943751.6584117
2023-06-25 00:00:00+00:00,398160232.46596813
2023-06-26 00:00:00+00:00,379943751.6584117
2023-06-27 00:00:00+00:00,364329623.64591026
2023-06-28 00:00:00+00:00,280122385.0259662
2023-06-29 00:00:00+00:00,367574940.7040657
2023-06-30 00:00:00+00:00,397786578.4244694
2023-07-01 00:00:00+00:00,334845664.3921468
2023-07-02 00:00:00+00:00,430515854.7363883
2023-07-03 00:00:00+00:00,344916211.5074136
2023-07-04 00:00:00+00:00,354986758.6226805
2023-07-05 00:00:00+00:00,392751304.8668361
2023-07-06 00:00:00+00:00,349951485.065047
2023-07-07 00:00:00+00:00,440586401.8516551
2023-07-08 00:00:00+00:00,448139310.37540686
2023-07-09 00:00:00+00:00,425480581.17875487
2023-07-10 00:00:00+00:00,387716031.3092026
2023-07-11 00:00:00+00:00,339880937.9497802
2023-07-12 00:00:00+00:00,383801277.4233714
2023-07-13 00:00:00+00:00,321592672.2254732
2023-07-14 00:00:00+00:00,369831573.2522498
2023-07-15 00:00:00+00:00,369831573.2522498
2023-07-16 00:00:00+00:00,415390537.04825526
2023-07-17 00:00:00+00:00,364471694.9315955
2023-07-18 00:00:00+00:00,434150109.24098927
2023-07-19 00:00:00+00:00,396630964.85552126
2023-07-20 00:00:00+00:00,343032185.5080904
2023-07-21 00:00:00+00:00,300153162.8019681
2023-07-22 00:00:00+00:00,359111820.47005326
2023-07-23 00:00:00+00:00,393951023.76563805
2023-07-24 00:00:00+00:00,401990843.1761756
2023-07-25 00:00:00+00:00,369831573.2522498
2023-07-26 00:00:00+00:00,380796719.35454816
2023-07-27 00:00:00+00:00,358973120.0187306
2023-07-28 00:00:00+00:00,364175629.4388057
2023-07-29 00:00:00+00:00,343365595.50431174
2023-07-30 00:00:00+00:00,437010757.5740507
2023-07-31 00:00:00+00:00,366776886.02174646
2023-08-01 00:00:00+00:00,361574376.60167134
2023-08-02 00:00:00+00:00,400593191.63352495
2023-08-03 00:00:00+00:00,392789429.37631553
2023-08-04 00:00:00+00:00,314751795.5668019
2023-08-05 00:00:00+00:00,400593191.63352495
2023-08-06 00:00:00+00:00,426605738.7339005
2023-08-07 00:00:00+00:00,379783157.69903105
2023-08-08 00:00:00+00:00,325156814.40695214
2023-08-09 00:00:00+00:00,421665740.3548995
2023-08-10 00:00:00+00:00,330756211.7722732
2023-08-11 00:00:00+00:00,393261324.2234606
2023-08-12 00:00:00+00:00,434931397.9408168
2023-08-13 00:00:00+00:00,351591250.5061046
2023-08-14 00:00:00+00:00,445348917.30773246
2023-08-15 00:00:00+00:00,445348917.30773246
2023-08-16 00:00:00+00:00,424513878.57390106
2023-08-17 00:00:00+00:00,406283221.55695194
2023-08-18 00:00:00+00:00,362008769.87302023
2023-08-19 00:00:00+00:00,364613147.83959585
2023-08-20 00:00:00+00:00,421909500.60732543
2023-08-21 00:00:00+00:00,429722638.2573589
2023-08-22 00:00:00+00:00,381739775.69656736
2023-08-23 00:00:00+00:00,392623891.4787874
2023-08-24 00:00:00+00:00,384329021.8498855
2023-08-25 00:00:00+00:00,373269193.0236576
2023-08-26 00:00:00+00:00,378799107.4367715
2023-08-27 00:00:00+00:00,320735012.0713819
2023-08-28 00:00:00+00:00,326264922.5029578
2023-08-29 00:00:00+00:00,436863202.8021611
2023-08-30 00:00:00+00:00,348384580.15541375
2023-08-31 00:00:00+00:00,398153805.89190143
2023-09-01 00:00:00+00:00,417508504.3470313
2023-09-02 00:00:00+00:00,420273463.5443573
2023-09-03 00:00:00+00:00,436863202.8021611
2023-09-04 00:00:00+00:00,411978589.9339173
2023-09-05 00:00:00+00:00,342854665.74229974
2023-09-06 00:00:00+00:00,364053703.2546238
2023-09-07 00:00:00+00:00,393005454.3704645
2023-09-08 00:00:00+00:00,358011817.1993768
2023-09-09 00:00:00+00:00,406464544.397431
2023-09-10 00:00:00+00:00,395697270.82537055
2023-09-11 00:00:00+00:00,427999091.5415522
2023-09-12 00:00:00+00:00,379546364.34349793
2023-09-13 00:00:00+00:00,395697270.82537055
2023-09-14 00:00:00+00:00,436074544.78248847
2023-09-15 00:00:00+00:00,506061819.12466383
2023-09-16 00:00:00+00:00,417231817.9694916
2023-09-17 00:00:00+00:00,401080907.6114008
2023-09-18 00:00:00+00:00,419923634.4243977
2023-09-19 00:00:00+00:00,386415687.751435
2023-09-20 00:00:00+00:00,414558854.2037332
2023-09-21 00:00:00+00:00,391843298.7563836
2023-09-22 00:00:00+00:00,366288300.9225151
2023-09-23 00:00:00+00:00,442953294.42412055
2023-09-24 00:00:00+00:00,414558854.2037332
2023-09-25 00:00:00+00:00,411719407.7284147
2023-09-26 00:00:00+00:00,386164409.89454615
2023-09-27 00:00:00+00:00,445792740.8994391
2023-09-28 00:00:00+00:00,414558854.2037332
2023-09-29 00:00:00+00:00,417398296.5902521
2023-09-30 00:00:00+00:00,391843298.7563836
2023-10-01 00:00:00+00:00,400361634.09353954
2023-10-02 00:00:00+00:00,445792740.8994391
2023-10-03 00:00:00+00:00,466801496.99817747
2023-10-04 00:00:00+00:00,373280258.5727724
2023-10-05 00:00:00+00:00,401774937.14888096
2023-10-06 00:00:00+00:00,455914820.2886373
2023-10-07 00:00:00+00:00,487258964.67074
2023-10-08 00:00:00+00:00,421721210.10054034
2023-10-09 00:00:00+00:00,444516948.8581938
2023-10-10 00:00:00+00:00,461613756.003859
2023-10-11 00:00:00+00:00,455914820.2886373
2023-10-12 00:00:00+00:00,470162157.5250749
2023-10-13 00:00:00+00:00,393226531.5244317
2023-10-14 00:00:00+00:00,416022274.3853186
2023-10-15 00:00:00+00:00,475861093.24029666
2023-10-16 00:00:00+00:00,417078811.47604144
2023-10-17 00:00:00+00:00,491483968.44434166
2023-10-18 00:00:00+00:00,439908488.33259135
2023-10-19 00:00:00+00:00,424739231.01810473
2023-10-20 00:00:00+00:00,406536123.98821926
2023-10-21 00:00:00+00:00,455077750.0158244
2023-10-22 00:00:00+00:00,464179303.53076714
2023-10-23 00:00:00+00:00,476314711.12985504
2023-10-24 00:00:00+00:00,382265308.79004353
2023-10-25 00:00:00+00:00,436874638.61719257
2023-10-26 00:00:00+00:00,455077750.0158244
2023-10-27 00:00:00+00:00,467213153.24616593
2023-10-28 00:00:00+00:00,485416264.64479774
2023-10-29 00:00:00+00:00,415637677.503162
2023-10-30 00:00:00+00:00,482896145.81756824
2023-10-31 00:00:00+00:00,481286783.3729944
2023-11-01 00:00:00+00:00,462656325.7712218
2023-11-02 00:00:00+00:00,447130946.6720661
2023-11-03 00:00:00+00:00,422290336.5363694
2023-11-04 00:00:00+00:00,521652772.607847
2023-11-05 00:00:00+00:00,506127389.03738177
2023-11-06 00:00:00+00:00,394344652.3693652
2023-11-07 00:00:00+00:00,412975109.97113776
2023-11-08 00:00:00+00:00,462656325.7712218
2023-11-09 00:00:00+00:00,444025872.6407587
2023-11-10 00:00:00+00:00,478181704.8703776
2023-11-11 00:00:00+00:00,496812162.47215015
2023-11-12 00:00:00+00:00,506634196.247056
2023-11-13 00:00:00+00:00,389037995.7448952
2023-11-14 00:00:00+00:00,443696223.8353265
2023-11-15 00:00:00+00:00,475848126.79723346
2023-11-16 00:00:00+00:00,475848126.79723346
2023-11-17 00:00:00+00:00,482278507.3896148
2023-11-18 00:00:00+00:00,479063314.77848727
2023-11-19 00:00:00+00:00,546582308.683555
2023-11-20 00:00:00+00:00,533721547.49879223
2023-11-21 00:00:00+00:00,488708887.9819962
2023-11-22 00:00:00+00:00,456556985.02008927
2023-11-23 00:00:00+00:00,472632934.1861059
2023-11-24 00:00:00+00:00,540151928.0911736
2023-11-25 00:00:00+00:00,511704247.86252016
2023-11-26 00:00:00+00:00,493217212.10255015
2023-11-27 00:00:00+00:00,439166011.3759895
2023-11-28 00:00:00+00:00,496595410.01969415
2023-11-29 00:00:00+00:00,459435208.60806966
2023-11-30 00:00:00+00:00,452678812.77378166
2023-12-01 00:00:00+00:00,570915812.8429431
2023-12-02 00:00:00+00:00,429031407.8953413
2023-12-03 00:00:00+00:00,557403011.4451509
2023-12-04 00:00:00+00:00,523621012.8152786
2023-12-05 00:00:00+00:00,466191609.30696577
2023-12-06 00:00:00+00:00,459435208.60806966
2023-12-07 00:00:00+00:00,388493008.5665728
2023-12-08 00:00:00+00:00,456057010.69092566
2023-12-09 00:00:00+00:00,530377413.51417464
2023-12-10 00:00:00+00:00,469156589.98176646
2023-12-11 00:00:00+00:00,528635574.13248897
2023-12-12 00:00:00+00:00,481794448.28640914
2023-12-13 00:00:00+00:00,498523421.1145884
2023-12-14 00:00:00+00:00,488486038.38126975
2023-12-15 00:00:00+00:00,545364546.9606683
2023-12-16 00:00:00+00:00,508560808.6658516
2023-12-17 00:00:00+00:00,501869218.570991
2023-12-18 00:00:00+00:00,562093524.6067922
2023-12-19 00:00:00+00:00,542018754.3222102
2023-12-20 00:00:00+00:00,485140240.9248672
2023-12-21 00:00:00+00:00,488486038.38126975
2023-12-22 00:00:00+00:00,562093524.6067922
2023-12-23 00:00:00+00:00,561495983.9886068
2023-12-24 00:00:00+00:00,612085087.5512701
2023-12-25 00:00:00+00:00,497542850.09060687
2023-12-26 00:00:00+00:00,497542850.09060687
2023-12-27 00:00:00+00:00,461748397.6626491
2023-12-28 00:00:00+00:00,433112840.8746837
2023-12-29 00:00:00+00:00,540496187.8497554
2023-12-30 00:00:00+00:00,519019516.3929808
2023-12-31 00:00:00+00:00,558393411.4865339
2024-01-01 00:00:00+00:00,554813968.8209385
2024-01-02 00:00:00+00:00,468907288.14824075
2024-01-03 00:00:00+00:00,565552301.9721254
2024-01-04 00:00:00+00:00,608505644.8856747
2024-01-05 00:00:00+00:00,493963402.27061075
2024-01-06 00:00:00+00:00,509355148.231043
2024-01-07 00:00:00+00:00,429363545.3243671
2024-01-08 00:00:00+00:00,447556920.0629499
2024-01-09 00:00:00+00:00,553078470.4920906
2024-01-10 00:00:00+00:00,483943659.0607339
2024-01-11 00:00:00+00:00,629490625.5312515
2024-01-12 00:00:00+00:00,611297256.0323595
2024-01-13 00:00:00+00:00,578549188.8384776
2024-01-14 00:00:00+00:00,465750289.5618419
2024-01-15 00:00:00+00:00,414808852.869068
2024-01-16 00:00:00+00:00,454834268.91044486
2024-01-17 00:00:00+00:00,440279571.21545494
2024-01-18 00:00:00+00:00,516691726.25461584
2024-01-19 00:00:00+00:00,480304987.2568318
2024-01-20 00:00:00+00:00,512668948.5237081
2024-01-21 00:00:00+00:00,489551346.64456606
2024-01-22 00:00:00+00:00,559487254.0274163
2024-01-23 00:00:00+00:00,538506480.3019456
2024-01-24 00:00:00+00:00,524519302.8536838
2024-01-25 00:00:00+00:00,632919954.5134856
2024-01-26 00:00:00+00:00,531512894.0955074
2024-01-27 00:00:00+00:00,597952003.3397532
2024-01-28 00:00:00+00:00,559487254.0274163
2024-01-29 00:00:00+00:00,545500071.5437692
2024-01-30 00:00:00+00:00,503538529.1282132
2024-01-31 00:00:00+00:00,458080188.5740528
2024-02-01 00:00:00+00:00,535009687.1987265
2024-02-02 00:00:00+00:00,677399664.675745
2024-02-03 00:00:00+00:00,566738184.0279739
2024-02-04 00:00:00+00:00,581751117.2721473
2024-02-05 00:00:00+00:00,585504347.8808628
2024-02-06 00:00:00+00:00,638049614.2354698
2024-02-07 00:00:00+00:00,600517281.1250364
2024-02-08 00:00:00+00:00,517946153.6867381
2024-02-09 00:00:00+00:00,623036680.9912964
2024-02-10 00:00:00+00:00,570491420.041345
2024-02-11 00:00:00+00:00,514192923.07802254
2024-02-12 00:00:00+00:00,671828711.3325322
2024-02-13 00:00:00+00:00,506686456.45593584
2024-02-14 00:00:00+00:00,521699389.7001092
2024-02-15 00:00:00+00:00,606890743.6292629
2024-02-16 00:00:00+00:00,544386619.0220116
2024-02-17 00:00:00+00:00,609388005.4074552
2024-02-18 00:00:00+00:00,491572990.7556747
2024-02-19 00:00:00+00:00,552511787.2013328
2024-02-20 00:00:00+00:00,572824725.2000104
2024-02-21 00:00:00+00:00,560636961.2307789
2024-02-22 00:00:00+00:00,548449203.1116723
2024-02-23 00:00:00+00:00,645951285.6149
2024-02-24 00:00:00+00:00,556574377.1411183
2024-02-25 00:00:00+00:00,666264217.7634528
2024-02-26 00:00:00+00:00,540324029.0822262
2024-02-27 00:00:00+00:00,524073681.0233341
2024-02-28 00:00:00+00:00,605325415.4676697
2024-02-29 00:00:00+00:00,540324029.0822262
2024-03-01 00:00:00+00:00,607463923.1349978
2024-03-02 00:00:00+00:00,500960507.5972892
2024-03-03 00:00:00+00:00,611408497.2364957
2024-03-04 00:00:00+00:00,508849650.1201027
2024-03-05 00:00:00+00:00,658743346.6931943
2024-03-06 00:00:00+00:00,552239931.1554856
2024-03-07 00:00:00+00:00,710022770.2513908
2024-03-08 00:00:00+00:00,607463923.1349978
2024-03-09 00:00:00+00:00,642965061.6475674
2024-03-10 00:00:00+00:00,564073647.779797
2024-03-11 00:00:00+00:00,670577063.3175056
2024-03-12 00:00:00+00:00,556184505.2569835
2024-03-13 00:00:00+00:00,631131350.7034383
2024-03-14 00:00:00+00:00,580862770.2919041
2024-03-15 00:00:00+00:00,529980319.0136911
2024-03-16 00:00:00+00:00,600922569.4689919
2024-03-17 00:00:00+00:00,609268716.934864
2024-03-18 00:00:00+00:00,600922569.4689919
2024-03-19 00:00:00+00:00,655172524.9925482
2024-03-20 00:00:00+00:00,621787935.1290596
2024-03-21 00:00:00+00:00,500768805.88775134
2024-03-22 00:00:00+00:00,563364908.8771799
2024-03-23 00:00:00+00:00,650999448.2549994
2024-03-24 00:00:00+00:00,709422480.5161047
2024-03-25 00:00:00+00:00,550845690.6829845
2024-03-26 00:00:00+00:00,559191838.1488566
2024-03-27 00:00:00+00:00,567537979.6055031
2024-03-28 00:00:00+00:00,630471212.2216165
2024-03-29 00:00:00+00:00,595046224.9834744
2024-03-30 00:00:00+00:00,640501145.6086524
2024-03-31 00:00:00+00:00,566120367.485718
2024-04-01 00:00:00+00:00,619839819.6746067
2024-04-02 00:00:00+00:00,611575288.1108959
2024-04-03 00:00:00+00:00,586781693.4197637
2024-04-04 00:00:00+00:00,570252630.2923422
2024-04-05 00:00:00+00:00,611575288.1108959
2024-04-06 00:00:00+00:00,640501145.6086524
2024-04-07 00:00:00+00:00,702485129.3612517
2024-04-08 00:00:00+00:00,652897939.9789873
2024-04-09 00:00:00+00:00,603310756.5471851
2024-04-10 00:00:00+00:00,627214744.5940204
2024-04-11 00:00:00+00:00,566860611.5965838
2024-04-12 00:00:00+00:00,584038201.0151991
2024-04-13 00:00:00+00:00,704281364.049109
2024-04-14 00:00:00+00:00,674220574.8366151
2024-04-15 00:00:00+00:00,605510198.6103525
2024-04-16 00:00:00+00:00,708575759.8577794
2024-04-17 00:00:00+00:00,588332603.0078033
2024-04-18 00:00:00+00:00,622687788.0289677
2024-04-19 00:00:00+00:00,648454181.4327914
2024-04-20 00:00:00+00:00,558271813.7953093
2024-04-21 00:00:00+00:00,601215796.6177483
2024-04-22 00:00:00+00:00,652748583.4253956
2024-04-23 00:00:00+00:00,721458959.6516583
2024-04-24 00:00:00+00:00,672198686.5397469
2024-04-25 00:00:00+00:00,626294685.533232
2024-04-26 00:00:00+00:00,582497851.0693291
2024-04-27 00:00:00+00:00,613155632.0406892
2024-04-28 00:00:00+00:00,613155632.0406892
2024-04-29 00:00:00+00:00,573738484.1765486
2024-04-30 00:00:00+00:00,617535318.6404513
2024-05-01 00:00:00+00:00,578118170.7763107
2024-05-02 00:00:00+00:00,635054046.1192688
2024-05-03 00:00:00+00:00,564979117.283768
2024-05-04 00:00:00+00:00,617535318.6404513
2024-05-05 00:00:00+00:00,608775951.7476709
2024-05-06 00:00:00+00:00,534321336.312408
2024-05-07 00:00:00+00:00,534321336.312408
2024-05-08 00:00:00+00:00,556219750.3909875
2024-05-09 00:00:00+00:00,612635655.6510732
2024-05-10 00:00:00+00:00,599332434.9336824
2024-05-11 00:00:00+00:00,657199019.7430514
2024-05-12 00:00:00+00:00,545599186.5386837
2024-05-13 00:00:00+00:00,607599089.9064493
2024-05-14 00:00:00+00:00,562132490.5322264
2024-05-15 00:00:00+00:00,582799130.9401395
2024-05-16 00:00:00+00:00,586932455.4505274
2024-05-17 00:00:00+00:00,640665709.7975174
2024-05-18 00:00:00+00:00,529065876.5931496
2024-05-19 00:00:00+00:00,636532379.3351383
2024-05-20 00:00:00+00:00,644799034.3079053
2024-05-21 00:00:00+00:00,570399145.5049934
2024-05-22 00:00:00+00:00,632399054.8247503
2024-05-23 00:00:00+00:00,706501036.6485612
2024-05-24 00:00:00+00:00,671140034.0912752
2024-05-25 00:00:00+00:00,671140034.0912752
2024-05-26 00:00:00+00:00,704697038.5139561
2024-05-27 00:00:00+00:00,515938903.7370268
2024-05-28 00:00:00+00:00,562079781.7980828
2024-05-29 00:00:00+00:00,574663655.4364581
2024-05-30 00:00:00+00:00,515938903.7370268
2024-05-31 00:00:00+00:00,620804533.4975141
2024-06-01 00:00:00+00:00,591442157.6477985
2024-06-02 00:00:00+00:00,587247529.0748333
2024-06-03 00:00:00+00:00,658556160.4529
2024-06-04 00:00:00+00:00,562079781.7980828
2024-06-05 00:00:00+00:00,515938903.7370268
2024-06-06 00:00:00+00:00,554745618.7245225
2024-06-07 00:00:00+00:00,590944002.2950455
2024-06-08 00:00:00+00:00,715791324.8666921
2024-06-09 00:00:00+00:00,636721355.3029393
2024-06-10 00:00:00+00:00,578459271.8356823
2024-06-11 00:00:00+00:00,511874032.7312927
2024-06-12 00:00:00+00:00,607590313.5693108
2024-06-13 00:00:00+00:00,603428732.7544087
2024-06-14 00:00:00+00:00,532681918.82778853
2024-06-15 00:00:00+00:00,557651385.7391865
2024-06-16 00:00:00+00:00,678337127.4959309
2024-06-17 00:00:00+00:00,582620846.6579129
2024-06-18 00:00:00+00:00,632559780.4807088
2024-06-19 00:00:00+00:00,570136116.1985496
2024-06-20 00:00:00+00:00,553312848.2609437
2024-06-21 00:00:00+00:00,582332777.6713909
2024-06-22 00:00:00+00:00,632247019.8647388
2024-06-23 00:00:00+00:00,465866224.5329962
2024-06-24 00:00:00+00:00,632247019.8647388
2024-06-25 00:00:00+00:00,515780460.7366355
2024-06-26 00:00:00+00:00,503301903.1831528
2024-06-27 00:00:00+00:00,540737581.8333095
2024-06-28 00:00:00+00:00,561535179.7523502
2024-06-29 00:00:00+00:00,653044617.7837795
2024-06-30 00:00:00+00:00,503301903.1831528
2024-07-01 00:00:00+00:00,586492300.8490242
2024-07-02 00:00:00+00:00,615608939.1336229
2024-07-03 00:00:00+00:00,603130375.5904316
2024-07-04 00:00:00+00:00,582332777.6713909
2024-07-05 00:00:00+00:00,480652547.19206446
2024-07-06 00:00:00+00:00,652035051.0748852
2024-07-07 00:00:00+00:00,557193592.6181126
2024-07-08 00:00:00+00:00,628324689.305936
2024-07-09 00:00:00+00:00,608566046.9111612
2024-07-10 00:00:00+00:00,537434950.2233379
2024-07-11 00:00:00+00:00,553241861.8629626
2024-07-12 00:00:00+00:00,592759140.9620242
2024-07-13 00:00:00+00:00,608566046.9111612
2024-07-14 00:00:00+00:00,659938506.8946975
2024-07-15 00:00:00+00:00,604614321.8464988
2024-07-16 00:00:00+00:00,580903954.3870618
2024-07-17 00:00:00+00:00,628324689.305936
2024-07-18 00:00:00+00:00,515736551.86932254
2024-07-19 00:00:00+00:00,599556359.5658232
2024-07-20 00:00:00+00:00,672971424.2421772
2024-07-21 00:00:00+00:00,689285884.3643016
2024-07-22 00:00:00+00:00,730072034.6696123
2024-07-23 00:00:00+00:00,689285884.3643016
2024-07-24 00:00:00+00:00,571006057.2887083
2024-07-25 00:00:00+00:00,664814194.1811152
2024-07-26 00:00:00+00:00,652578352.0261246
2024-07-27 00:00:00+00:00,628106661.8429382
2024-07-28 00:00:00+00:00,603634977.5329568
2024-07-29 00:00:00+00:00,725993416.7024788
2024-07-30 00:00:00+00:00,611792207.594019
2024-07-31 00:00:00+00:00,615358184.0246311
2024-08-01 00:00:00+00:00,630987878.5179508
2024-08-02 00:00:00+00:00,563382038.5632738
2024-08-03 00:00:00+00:00,608452598.5330584
2024-08-04 00:00:00+00:00,644509051.7010149
2024-08-05 00:00:00+00:00,703100778.3637028
2024-08-06 00:00:00+00:00,630987878.5179508
2024-08-07 00:00:00+00:00,549860865.3802096
2024-08-08 00:00:00+00:00,581410258.657091
2024-08-09 00:00:00+00:00,585917318.548166
2024-08-10 00:00:00+00:00,581410258.657091
2024-08-11 00:00:00+00:00,725636064.838756
2024-08-12 00:00:00+00:00,617466711.8250475
2024-08-13 00:00:00+00:00,671551385.0868213
2024-08-14 00:00:00+00:00,593799520.5910221
2024-08-15 00:00:00+00:00,690944705.1107434
2024-08-16 00:00:00+00:00,613213425.7080535
2024-08-17 00:00:00+00:00,643442255.8959327
2024-08-18 00:00:00+00:00,673671086.0838118
2024-08-19 00:00:00+00:00,561392574.845761
2024-08-20 00:00:00+00:00,647760663.7619168
2024-08-21 00:00:00+00:00,634805446.3824669
2024-08-22 00:00:00+00:00,690944705.1107434
2024-08-23 00:00:00+00:00,708218324.137675
2024-08-24 00:00:00+00:00,660715874.9228642
2024-08-25 00:00:00+00:00,574347786.0067085
2024-08-26 00:00:00+00:00,578666193.8726926
2024-08-27 00:00:00+00:00,613213425.7080535
2024-08-28 00:00:00+00:00,704440301.0132378
2024-08-29 00:00:00+00:00,587091198.731184
2024-08-30 00:00:00+00:00,631567801.6874318
2024-08-31 00:00:00+00:00,653806103.1655557
2024-09-01 00:00:00+00:00,631567801.6874318
2024-09-02 00:00:00+00:00,742759315.4826823
2024-09-03 00:00:00+00:00,662701425.0377314
2024-09-04 00:00:00+00:00,671596746.9099072
2024-09-05 00:00:00+00:00,689387390.6542588
2024-09-06 00:00:00+00:00,644910781.2933798
2024-09-07 00:00:00+00:00,702730370.2602069
2024-09-08 00:00:00+00:00,742759315.4826823
2024-09-09 00:00:00+00:00,644910781.2933798
2024-09-10 00:00:00+00:00,609329500.2093079
2024-09-11 00:00:00+00:00,496254188.9565946
2024-09-12 00:00:00+00:00,700222817.5061857
2024-09-13 00:00:00+00:00,566627674.5179347
2024-09-14 00:00:00+00:00,640335338.4711611
2024-09-15 00:00:00+00:00,695616084.7776585
2024-09-16 00:00:00+00:00,575841133.3412993
2024-09-17 00:00:00+00:00,691009358.6828212
2024-09-18 00:00:00+00:00,635728605.742634
2024-09-19 00:00:00+00:00,562020941.7894075
2024-09-20 00:00:00+00:00,667975708.307565
2024-09-21 00:00:00+00:00,621908420.8244321
2024-09-22 00:00:00+00:00,626515146.9192694
2024-09-23 00:00:00+00:00,672582441.036092
2024-09-24 00:00:00+00:00,667975708.307565
2024-09-25 00:00:00+00:00,655944699.4434932
2024-09-26 00:00:00+00:00,571298869.5864017
2024-09-27 00:00:00+00:00,602061115.6314254
2024-09-28 00:00:00+00:00,566904259.3924077
2024-09-29 00:00:00+00:00,681164035.8409815
2024-09-30 00:00:00+00:00,602061115.6314254
2024-10-01 00:00:00+00:00,689953249.9007359
2024-10-02 00:00:00+00:00,681164035.8409815
2024-10-03 00:00:00+00:00,694347853.7664963
2024-10-04 00:00:00+00:00,742688527.9310288
2024-10-05 00:00:00+00:00,663585607.7214726
2024-10-06 00:00:00+00:00,667980217.9154667
2024-10-07 00:00:00+00:00,681164035.8409815
2024-10-08 00:00:00+00:00,733899313.8712744
2024-10-09 00:00:00+00:00,575872986.8706377
2024-10-10 00:00:00+00:00,709250576.1991408
2024-10-11 00:00:00+00:00,640613421.5382025
2024-10-12 00:00:00+00:00,654340856.4238901
2024-10-13 00:00:00+00:00,631461800.4774662
2024-10-14 00:00:00+00:00,636037614.3024176
2024-10-15 00:00:00+00:00,713826383.4349256
2024-10-16 00:00:00+00:00,645189235.3631539
2024-10-17 00:00:00+00:00,718402197.2598771
2024-10-18 00:00:00+00:00,622310179.41673
2024-10-19 00:00:00+00:00,791615159.1566001
2024-10-20 00:00:00+00:00,791615159.1566001
2024-10-21 00:00:00+00:00,782463538.095864
2024-10-22 00:00:00+00:00,639026240.6203892
2024-10-23 00:00:00+00:00,718143297.5144315
2024-10-24 00:00:00+00:00,699119632.4620647
2024-10-25 00:00:00+00:00,727655130.0406147
2024-10-26 00:00:00+00:00,694363719.6232326
2024-10-27 00:00:00+00:00,765702460.1453482
2024-10-28 00:00:00+00:00,798993870.5627304
2024-10-29 00:00:00+00:00,746678795.0929815
2024-10-30 00:00:00+00:00,803749783.4015626
2024-10-31 00:00:00+00:00,751434707.9318137
2024-11-01 00:00:00+00:00,727655130.0406147
2024-11-02 00:00:00+00:00,670584141.7320336
2024-11-03 00:00:00+00:00,627780898.7884681
2024-11-04 00:00:00+00:00,722003987.1010513
2024-11-05 00:00:00+00:00,702351990.309251
2024-11-06 00:00:00+00:00,773092476.7620561
2024-11-07 00:00:00+00:00,788251150.3516102
2024-11-08 00:00:00+00:00,717510663.898805
2024-11-09 00:00:00+00:00,702351990.309251
2024-11-10 00:00:00+00:00,747828018.3540778
2024-11-11 00:00:00+00:00,687193309.4435323
2024-11-12 00:00:00+00:00,737722233.5356535
2024-11-13 00:00:00+00:00,697299094.2619566
2024-11-14 00:00:00+00:00,641717281.3987055
2024-11-15 00:00:00+00:00,757933803.172502
2024-11-16 00:00:00+00:00,793304046.3989047
2024-11-17 00:00:00+00:00,757933803.172502
2024-11-18 00:00:00+00:00,789337179.1728685
2024-11-19 00:00:00+00:00,889845956.7430439
2024-11-20 00:00:00+00:00,747470599.8566331
2024-11-21 00:00:00+00:00,732216100.2096523
2024-11-22 00:00:00+00:00,727131269.4347123
2024-11-23 00:00:00+00:00,701707093.5935297
2024-11-24 00:00:00+00:00,681367763.1716092
2024-11-25 00:00:00+00:00,859336950.1269213
2024-11-26 00:00:00+00:00,706791931.6906307
2024-11-27 00:00:00+00:00,676282925.0745082
2024-11-28 00:00:00+00:00,722046431.3376116
2024-11-29 00:00:00+00:00,615264919.1644242
2024-11-30 00:00:00+00:00,833912781.6078997
2024-12-01 00:00:00+00:00,803403774.9917771
2024-12-02 00:00:00+00:00,649987948.105684
2024-12-03 00:00:00+00:00,811042072.28046
2024-12-04 00:00:00+00:00,759383337.5345525
2024-12-05 00:00:00+00:00,800710325.3312784
2024-12-06 00:00:00+00:00,702558733.0334829
2024-12-07 00:00:00+00:00,733553973.8810276
2024-12-08 00:00:00+00:00,754217467.7793905
2024-12-09 00:00:00+00:00,862700799.5875101
2024-12-10 00:00:00+00:00,795544448.137259
2024-12-11 00:00:00+00:00,733553973.8810276
2024-12-12 00:00:00+00:00,764549214.7285719
2024-12-13 00:00:00+00:00,878198423.7307109
2024-12-14 00:00:00+00:00,821373819.2296414
2024-12-15 00:00:00+00:00,707724610.2275023
2024-12-16 00:00:00+00:00,797498864.7082182
2024-12-17 00:00:00+00:00,733677846.6894214
2024-12-18 00:00:00+00:00,776835370.7386128
2024-12-19 00:00:00+00:00,782230057.3605849
2024-12-20 00:00:00+00:00,814598200.3974782
2024-12-21 00:00:00+00:00,782230057.3605849
2024-12-22 00:00:00+00:00,836176962.422074
2024-12-23 00:00:00+00:00,749861922.0920451
2024-12-24 00:00:00+00:00,712099092.4331796
2024-12-25 00:00:00+00:00,814598200.3974782
2024-12-26 00:00:00+00:00,706704398.0428538
2024-12-27 00:00:00+00:00,852361030.0563437
2024-12-28 00:00:00+00:00,771440684.1166407
2024-12-29 00:00:00+00:00,853362734.1174872
2024-12-30 00:00:00+00:00,867710158.6044941
2024-12-31 00:00:00+00:00,703991256.0098306
2025-01-01 00:00:00+00:00,764021519.2467395
2025-01-02 00:00:00+00:00,911368526.8668325
2025-01-03 00:00:00+00:00,774936113.2769511
2025-01-04 00:00:00+00:00,813137188.4534373
2025-01-05 00:00:00+00:00,851338263.6299235
2025-01-06 00:00:00+00:00,725820444.0702533
2025-01-07 00:00:00+00:00,731277745.0146124
2025-01-08 00:00:00+00:00,682162075.8079149
2025-01-09 00:00:00+00:00,829509083.4280078
2025-01-10 00:00:00+00:00,774936113.2769511
2025-01-11 00:00:00+00:00,753106925.2165282
2025-01-12 00:00:00+00:00,939920313.6991917
2025-01-13 00:00:00+00:00,702796045.2561852
2025-01-14 00:00:00+00:00,845551487.3779281
2025-01-15 00:00:00+00:00,763192581.1983879
2025-01-16 00:00:00+00:00,702796045.2561852
2025-01-17 00:00:00+00:00,823589117.1405907
2025-01-18 00:00:00+00:00,713777234.3280815
2025-01-19 00:00:00+00:00,823589117.1405907
2025-01-20 00:00:00+00:00,834570306.2124872
2025-01-21 00:00:00+00:00,730249013.9826986
2025-01-22 00:00:00+00:00,823589117.1405907
2025-01-23 00:00:00+00:00,746720793.6373155
2025-01-24 00:00:00+00:00,768683171.7811084
2025-01-25 00:00:00+00:00,702796045.2561852
2025-01-26 00:00:00+00:00,752211392.1264913
2025-01-27 00:00:00+00:00,841019046.8641225
2025-01-28 00:00:00+00:00,795344640.9204767
2025-01-29 00:00:00+00:00,832962291.9147371
2025-01-30 00:00:00+00:00,779222784.9668733
2025-01-31 00:00:00+00:00,671743786.5481225
2025-02-01 00:00:00+00:00,988806850.4558095
2025-02-02 00:00:00+00:00,918945495.2928308
2025-02-03 00:00:00+00:00,822214390.5251644
2025-02-04 00:00:00+00:00,703987482.9783524
2025-02-05 00:00:00+00:00,773848838.1413312
2025-02-06 00:00:00+00:00,779222784.9668733
2025-02-07 00:00:00+00:00,929693396.6824037
2025-02-08 00:00:00+00:00,859832041.5194248
2025-02-09 00:00:00+00:00,796800432.702752
2025-02-10 00:00:00+00:00,788864729.4327155
2025-02-11 00:00:00+00:00,703735439.5557053
2025-02-12 00:00:00+00:00,754813011.8474292
2025-02-13 00:00:00+00:00,896695156.1941718
2025-02-14 00:00:00+00:00,862643446.7812971
2025-02-15 00:00:00+00:00,908045728.7226008
2025-02-16 00:00:00+00:00,856968156.4308769
2025-02-17 00:00:00+00:00,777514156.9042867
2025-02-18 00:00:00+00:00,794540011.6107242
2025-02-19 00:00:00+00:00,715086012.0841341
2025-02-20 00:00:00+00:00,737787157.1409917
2025-02-21 00:00:00+00:00,732111866.7905716
2025-02-22 00:00:00+00:00,788864729.4327155
2025-02-23 00:00:00+00:00,727639381.136543
2025-02-24 00:00:00+00:00,714530231.5962585
2025-02-25 00:00:00+00:00,807968795.7163497
2025-02-26 00:00:00+00:00,862932663.9471062
2025-02-27 00:00:00+00:00,824457960.1429749
2025-02-28 00:00:00+00:00,857436273.1666323
2025-03-01 00:00:00+00:00,791479639.2045212
2025-03-02 00:00:00+00:00,692544684.3039559
2025-03-03 00:00:00+00:00,824457960.1429749
2025-03-04 00:00:00+00:00,802472412.8506724
2025-03-05 00:00:00+00:00,736515778.8885611
2025-03-06 00:00:00+00:00,934385688.6896912
2025-03-07 00:00:00+00:00,780486865.5583698
2025-03-08 00:00:00+00:00,753004935.4003898
2025-03-09 00:00:00+00:00,878405393.0064901
2025-03-10 00:00:00+00:00,858547238.6202688
2025-03-11 00:00:00+00:00,769347526.0381613
2025-03-12 00:00:00+00:00,852972260.0961257
2025-03-13 00:00:00+00:00,886422155.3249063
2025-03-14 00:00:00+00:00,791647456.1906818
2025-03-15 00:00:00+00:00,735897638.8373549
2025-03-16 00:00:00+00:00,808372399.791085
2025-03-17 00:00:00+00:00,780497491.1144215
2025-03-18 00:00:00+00:00,791647456.1906818
2025-03-19 00:00:00+00:00,847397281.5719827
2025-03-20 00:00:00+00:00,791647456.1906818
2025-03-21 00:00:00+00:00,808372399.791085
2025-03-22 00:00:00+00:00,836247316.4957225
2025-03-23 00:00:00+00:00,876971228.9099866
2025-03-24 00:00:00+00:00,870857127.4297616
2025-03-25 00:00:00+00:00,842582547.0624223
2025-03-26 00:00:00+00:00,859547301.7972896
2025-03-27 00:00:00+00:00,836927634.2461863
2025-03-28 00:00:00+00:00,870857127.4297616
2025-03-29 00:00:00+00:00,797343220.1032952
2025-03-30 00:00:00+00:00,774723552.5521919
2025-03-31 00:00:00+00:00,836927634.2461863
2025-04-01 00:00:00+00:00,763413718.7766402
2025-04-02 00:00:00+00:00,972645623.2666469
2025-04-03 00:00:00+00:00,859547301.7972896
2025-04-04 00:00:00+00:00,1017884958.3688536
2025-04-05 00:00:00+00:00,950907688.4520772
2025-04-06 00:00:00+00:00,875826844.1440289
2025-04-07 00:00:00+00:00,875826844.1440289
2025-04-08 00:00:00+00:00,924148329.2792509
2025-04-09 00:00:00+00:00,791264253.8552574
2025-04-10 00:00:00+00:00,869786662.8510596
2025-04-11 00:00:00+00:00,893947405.4186704
2025-04-12 00:00:00+00:00,869786662.8510596
2025-04-13 00:00:00+00:00,1038911843.4286025
2025-04-14 00:00:00+00:00,899987586.7116399
2025-04-15 00:00:00+00:00,869786662.8510596
2025-04-16 00:00:00+00:00,893947405.4186704
2025-04-17 00:00:00+00:00,924148329.2792509
2025-04-18 00:00:00+00:00,821465177.7158377
2025-04-19 00:00:00+00:00,847825370.5576408
2025-04-20 00:00:00+00:00,753499805.3802222
2025-04-21 00:00:00+00:00,771877846.40168
2025-04-22 00:00:00+00:00,949532272.3473085
2025-04-23 00:00:00+00:00,698365673.494388
2025-04-24 00:00:00+00:00,863768069.1518909
2025-04-25 00:00:00+00:00,882146110.1733487
2025-04-26 00:00:00+00:00,814759947.9993888
2025-04-27 00:00:00+00:00,827011978.2875142
2025-04-28 00:00:00+00:00,863768069.1518909
2025-04-29 00:00:00+00:00,894398140.4614741
2025-04-30 00:00:00+00:00,808633937.2660567
2025-05-01 00:00:00+00:00,827011978.2875142
2025-05-02 00:00:00+00:00,974036332.9235595
2025-05-03 00:00:00+00:00,998934428.304872
2025-05-04 00:00:00+00:00,823060872.6106743
2025-05-05 00:00:00+00:00,1036227716.8248532
2025-05-06 00:00:00+00:00,817139566.6454616
2025-05-07 00:00:00+00:00,894116484.5065093
2025-05-08 00:00:00+00:00,941486898.1215152
2025-05-09 00:00:00+00:00,828982170.0492132
2025-05-10 00:00:00+00:00,888195187.0679704
2025-05-11 00:00:00+00:00,882273881.1027578
2025-05-12 00:00:00+00:00,858588674.2952548
2025-05-13 00:00:00+00:00,769769161.5571294
2025-05-14 00:00:00+00:00,852667376.856716
2025-05-15 00:00:00+00:00,864509980.2604675
2025-05-16 00:00:00+00:00,805296963.2417101
2025-05-17 00:00:00+00:00,853949349.7167878
2025-05-18 00:00:00+00:00,979723251.2998109
2025-05-19 00:00:00+00:00,852722091.9971637
2025-05-20 00:00:00+00:00,895055811.7647128
2025-05-21 00:00:00+00:00,870865112.2664986
2025-05-22 00:00:00+00:00,907151161.5138197
2025-05-23 00:00:00+00:00,937389531.532262
2025-05-24 00:00:00+00:00,852722091.9971637
2025-05-25 00:00:00+00:00,913198832.0340477
2025-05-26 00:00:00+00:00,925294181.7831548
2025-05-27 00:00:00+00:00,852722091.9971637
2025-05-28 00:00:00+00:00,991818601.0489181
2025-05-29 00:00:00+00:00,961580231.030476
2025-05-30 00:00:00+00:00,938712777.7441467
2025-05-31 00:00:00+00:00,1016284108.9276665
2025-06-01 00:00:00+00:00,839539042.158194
2025-06-02 00:00:00+00:00,839539042.158194
2025-06-03 00:00:00+00:00,908974603.1294425
2025-06-04 00:00:00+00:00,795352777.7382623
2025-06-05 00:00:00+00:00,845851370.8408961
2025-06-06 00:00:00+00:00,845851370.8408961
2025-06-07 00:00:00+00:00,902662283.5364864
2025-06-08 00:00:00+00:00,965785515.8250328
2025-06-09 00:00:00+00:00,883725306.5781256
2025-06-10 00:00:00+00:00,1066782692.9405544
2025-06-11 00:00:00+00:00,890037635.2608279
2025-06-12 00:00:00+00:00,934223899.6807597
2025-06-13 00:00:00+00:00,915286922.7223988
2025-06-14 00:00:00+00:00,949074580.5847822
2025-06-15 00:00:00+00:00,854616739.0187659
2025-06-16 00:00:00+00:00,917456210.4459593
2025-06-17 00:00:00+00:00,741505699.4987009
2025-06-18 00:00:00+00:00,879752527.5896434
2025-06-19 00:00:00+00:00,798061219.2587334
2025-06-20 00:00:00+00:00,948875941.6351144
2025-06-21 00:00:00+00:00,886036479.2568041
2025-06-22 00:00:00+00:00,672382294.5021127
2025-06-23 00:00:00+00:00,672382294.5021127
2025-06-24 00:00:00+00:00,735221756.8804231
2025-06-25 00:00:00+00:00,898604373.5422429
2025-06-26 00:00:00+00:00,986579624.4914305
2025-06-27 00:00:00+00:00,722653862.5949843
2025-06-28 00:00:00+00:00,911172258.7787983
2025-06-29 00:00:00+00:00,992910582.8334957
2025-06-30 00:00:00+00:00,843035675.6364994
2025-07-01 00:00:00+00:00,779081252.2306603
2025-07-02 00:00:00+00:00,889547992.7013456
2025-07-03 00:00:00+00:00,877919913.435134
2025-07-04 00:00:00+00:00,924432230.4999804
2025-07-05 00:00:00+00:00,912804151.2337689
2025-07-06 00:00:00+00:00,930246265.9469781
2025-07-07 00:00:00+00:00,877919913.435134
2025-07-08 00:00:00+00:00,825593560.9232903
2025-07-09 00:00:00+00:00,953502424.4794011
2025-07-10 00:00:00+00:00,994200697.7250333
2025-07-11 00:00:00+00:00,872105877.9881365
2025-07-12 00:00:00+00:00,920455694.528146
2025-07-13 00:00:00+00:00,859946007.0619582
2025-07-14 00:00:00+00:00,910161827.211625
2025-07-15 00:00:00+00:00,1029424417.014924
2025-07-16 00:00:00+00:00,822284135.1705718
2025-07-17 00:00:00+00:00,853669023.8939697
2025-07-18 00:00:00+00:00,903884853.0824848
2025-07-19 00:00:00+00:00,891330895.785356
2025-07-20 00:00:00+00:00,935269741.8058826
2025-07-21 00:00:00+00:00,941546724.9738712
2025-07-22 00:00:00+00:00,941546724.9738712
2025-07-23 00:00:00+00:00,878776938.4882272
2025-07-24 00:00:00+00:00,922715784.5087537
2025-07-25 00:00:00+00:00,1004316502.4206665
2025-07-26 00:00:00+00:00,970368223.0482397
2025-07-27 00:00:00+00:00,869131964.3263081
2025-07-28 00:00:00+00:00,919884190.6853193
2025-07-29 00:00:00+00:00,710531242.1093704
2025-07-30 00:00:00+00:00,869131964.3263081
2025-07-31 00:00:00+00:00,976980451.0488333
2025-08-01 00:00:00+00:00,957948367.3061293
2025-08-02 00:00:00+00:00,919884190.6853193
2025-08-03 00:00:00+00:00,983324485.0533357
2025-08-04 00:00:00+00:00,1084828946.9067595
2025-08-05 00:00:00+00:00,875475989.1954089
2025-08-06 00:00:00+00:00,913540165.8162187
2025-08-07 00:00:00+00:00,1021388661.6741452
2025-08-08 00:00:00+00:00,870936594.9483013
2025-08-09 00:00:00+00:00,746374217.5096608
2025-08-10 00:00:00+00:00,868625162.136932
2025-08-11 00:00:00+00:00,945836284.5717696
2025-08-12 00:00:00+00:00,881493684.0869608
2025-08-13 00:00:00+00:00,1003744628.7142318
2025-08-14 00:00:00+00:00,1042350194.5643184
2025-08-15 00:00:00+00:00,862190905.7945851
2025-08-16 00:00:00+00:00,978007594.0795093
2025-08-17 00:00:00+00:00,978007594.0795093
2025-08-18 00:00:00+00:00,990876106.7642031
2025-08-19 00:00:00+00:00,862190905.7945851
2025-08-20 00:00:00+00:00,907230727.9870186
2025-08-21 00:00:00+00:00,958704806.5217984
2025-08-22 00:00:00+00:00,939651300.6862693
2025-08-23 00:00:00+00:00,980001773.7404907
2025-08-24 00:00:00+00:00,1057370331.4047614
2025-08-25 00:00:00+00:00,909080592.0131477
2025-08-26 00:00:00+00:00,967107012.5824077
2025-08-27 00:00:00+00:00,967107012.5824077
2025-08-28 00:00:00+00:00,1025133433.1516676
2025-08-29 00:00:00+00:00,1063817707.3416892
2025-08-30 00:00:00+00:00,1018686047.9305124
2025-08-31 00:00:00+00:00,851054171.4438878
2025-09-01 00:00:00+00:00,1038028194.3097504
2025-09-02 00:00:00+00:00,1050922946.1836064
2025-09-03 00:00:00+00:00,883291069.6969818
2025-09-04 00:00:00+00:00,902633206.7919924
2025-09-05 00:00:00+00:00,959168799.5148376
2025-09-06 00:00:00+00:00,946761024.1894389
2025-09-07 00:00:00+00:00,1041437124.66076
2025-09-08 00:00:00+00:00,1082012600.4648032
2025-09-09 00:00:00+00:00,1129350650.700464
2025-09-10 00:00:00+00:00,1149638393.4715424
2025-09-11 00:00:00+00:00,1014386817.1961776
2025-09-12 00:00:00+00:00,811509447.9140741
2025-09-13 00:00:00+00:00,953523608.3591692
2025-09-14 00:00:00+00:00,1034674550.2291428
2025-09-15 00:00:00+00:00,1102300333.4977684
2025-09-16 00:00:00+00:00,1082012600.4648032
2025-09-17 00:00:00+00:00,865610082.3194653
2025-09-18 00:00:00+00:00,1089165928.993784
2025-09-19 00:00:00+00:00,1188749384.1862063
2025-09-20 00:00:00+00:00,1082611043.2192636
2025-09-21 00:00:00+00:00,1146294045.7615733
2025-09-22 00:00:00+00:00,1061383379.1015872
2025-09-23 00:00:00+00:00,1018928040.676954
2025-09-24 00:00:00+00:00,1082611043.2192636
2025-09-25 00:00:00+00:00,997700376.5592778
2025-09-26 00:00:00+00:00,934017374.016968
2025-09-27 00:00:00+00:00,1096762822.6941414
2025-09-28 00:00:00+00:00,1167521709.8792496
2025-09-29 00:00:00+00:00,990624481.7271986
2025-09-30 00:00:00+00:00,1139218161.1187747
2025-10-01 00:00:00+00:00,1079018824.2422624
2025-10-02 00:00:00+00:00,1019764931.6764336
2025-10-03 00:00:00+00:00,884796043.0252874
2025-10-04 00:00:00+00:00,1004768398.0907606
2025-10-05 00:00:00+00:00,1117242464.7683752
2025-10-06 00:00:00+00:00,922287409.3820032
2025-10-07 00:00:00+00:00,1034761476.0596178
2025-10-08 00:00:00+00:00,1109744197.9755385
2025-10-09 00:00:00+00:00,899792587.4084715
2025-10-10 00:00:00+00:00,989771853.7075765
2025-10-11 00:00:00+00:00,1102245920.385191
2025-10-12 00:00:00+00:00,1087249376.0020068
2025-10-13 00:00:00+00:00,1139737286.741907
2025-10-14 00:00:00+00:00,1267207897.8027055
2025-10-15 00:00:00+00:00,1079751109.2091703
2025-10-16 00:00:00+00:00,1123253238.739343
2025-10-17 00:00:00+00:00,1159633835.7101064
2025-10-18 00:00:00+00:00,1203393595.9617257
2025-10-19 00:00:00+00:00,1013767943.6992388
2025-10-20 00:00:00+00:00,1086700884.4535005
2025-10-21 00:00:00+00:00,1093994184.8303332
2025-10-22 00:00:00+00:00,1115874064.956143
2025-10-23 00:00:00+00:00,1035647823.8250486
2025-10-24 00:00:00+00:00,1305499727.7209735
2025-10-25 00:00:00+00:00,1166927125.5845947
2025-10-26 00:00:00+00:00,1072114294.2021794
2025-10-27 00:00:00+00:00,1072114294.2021794
2025-10-28 00:00:00+00:00,1181513715.835916
2025-10-29 00:00:00+00:00,932047920.01226
2025-10-30 00:00:00+00:00,1240553836.426268
2025-10-31 00:00:00+00:00,1085484605.4773614
2025-11-01 00:00:00+00:00,1069977681.2659724
2025-11-02 00:00:00+00:00,1201786531.4802876
2025-11-03 00:00:00+00:00,1100991529.6887505
2025-11-04 00:00:00+00:00,1015703452.1086028
2025-11-05 00:00:00+00:00,1069977681.2659724
2025-11-06 00:00:00+00:00,1085484605.4773614
2025-11-07 00:00:00+00:00,1100991529.6887505
2025-11-08 00:00:00+00:00,930415374.5284549
2025-11-09 00:00:00+00:00,1093238073.165548
2025-11-10 00:00:00+00:00,1085484605.4773614
2025-11-11 00:00:00+00:00,1186279607.2688985
2025-11-12 00:00:00+00:00,1085693709.7267337
2025-11-13 00:00:00+00:00,1135417896.8857453
2025-11-14 00:00:00+00:00,1090001177.5223117
2025-11-15 00:00:00+00:00,1082431729.7450786
2025-11-16 00:00:00+00:00,1203542970.4808896
2025-11-17 00:00:00+00:00,938612123.8775448
2025-11-18 00:00:00+00:00,1006737197.4726892
2025-11-19 00:00:00+00:00,1037015010.381645
2025-11-20 00:00:00+00:00,991598291.0182115
2025-11-21 00:00:00+00:00,1142987344.6629784
2025-11-22 00:00:00+00:00,1082431729.7450786
2025-11-23 00:00:00+00:00,1074862271.067834
2025-11-24 00:00:00+00:00,1082431729.7450786
2025-11-25 00:00:00+00:00,870487050.2824004
2025-11-26 00:00:00+00:00,1240799633.4969137
2025-11-27 00:00:00+00:00,1061317862.9627872
2025-11-28 00:00:00+00:00,1113270484.2052977
2025-11-29 00:00:00+00:00,1016787040.1746083
2025-11-30 00:00:00+00:00,1239441132.7407093
2025-12-01 00:00:00+00:00,987099824.9824892
2025-12-02 00:00:00+00:00,942569002.1943104
2025-12-03 00:00:00+00:00,979678026.5281577
2025-12-04 00:00:00+00:00,979678026.5281577
2025-12-05 00:00:00+00:00,883194582.4974686
2025-12-06 00:00:00+00:00,1209753917.54859
2025-12-07 00:00:00+00:00,1187488511.498199
2025-12-08 00:00:00+00:00,1098426876.609238
2025-12-09 00:00:00+00:00,957412609.7903701
2025-12-10 00:00:00+00:00,1150379497.8517485
2025-12-11 00:00:00+00:00,1179627150.3762481
2025-12-12 00:00:00+00:00,1068190149.6701112
2025-12-13 00:00:00+00:00,1053456501.7977912
2025-12-14 00:00:00+00:00,942954068.4977605
2025-12-15 00:00:00+00:00,987155043.9394195
2025-12-16 00:00:00+00:00,1082923808.150664
2025-12-17 00:00:00+00:00,1016622350.2922922
2025-12-18 00:00:00+00:00,1060823325.7339512
2025-12-19 00:00:00+00:00,1068190149.6701112
2025-12-20 00:00:00+00:00,1082923808.150664
2025-12-21 00:00:00+00:00,1016622350.2922922
2025-12-22 00:00:00+00:00,1023989184.8366852
2025-12-23 00:00:00+00:00,1068190149.6701112
2025-12-24 00:00:00+00:00,1171325759.0339823
2025-12-25 00:00:00+00:00,1016989504.585422
2025-12-26 00:00:00+00:00,1149714805.066739
2025-12-27 00:00:00+00:00,1002315469.4510928
2025-12-28 00:00:00+00:00,1142344843.061695
2025-12-29 00:00:00+00:00,1134974870.4438992
2025-12-30 00:00:00+00:00,877026041.0760822
2025-12-31 00:00:00+00:00,980205572.8232092
2026-01-01 00:00:00+00:00,1112864973.8160155
2026-01-02 00:00:00+00:00,1061275207.942452
2026-01-03 00:00:00+00:00,1142344843.061695
2026-01-04 00:00:00+00:00,1068645169.947496
2026-01-05 00:00:00+00:00,972835610.8181651
2026-01-06 00:00:00+00:00,958095676.1953253
2026-01-07 00:00:00+00:00,1083385104.570336
2026-01-08 00:00:00+00:00,964845793.9226341
2026-01-09 00:00:00+00:00,1033929117.8333746
2026-01-10 00:00:00+00:00,1179552938.5755997
2026-01-11 00:00:00+00:00,888305297.0911494
2026-01-12 00:00:00+00:00,1033929117.8333746
2026-01-13 00:00:00+00:00,982960782.1463331
2026-01-14 00:00:00+00:00,902867680.2138637
2026-01-15 00:00:00+00:00,1012085548.3917612
2026-01-16 00:00:00+00:00,946554829.5820056
2026-01-17 00:00:00+00:00,1084897453.520416
2026-01-18 00:00:00+00:00,1019366734.7106606
2026-01-19 00:00:00+00:00,1092178650.3242307
2026-01-20 00:00:00+00:00,968398399.023619
2026-01-21 00:00:00+00:00,997523165.269047
2026-01-22 00:00:00+00:00,1162718505.7701015
2026-01-23 00:00:00+00:00,985930372.2169061
2026-01-24 00:00:00+00:00,690151266.636433
2026-01-25 00:00:00+00:00,760574860.3057843
2026-01-26 00:00:00+00:00,873252616.2613451
2026-01-27 00:00:00+00:00,859167895.4992752
2026-01-28 00:00:00+00:00,774659581.067854
2026-01-29 00:00:00+00:00,901422057.7854848
2026-01-30 00:00:00+00:00,922549133.8580905
2026-01-31 00:00:00+00:00,971845651.4548361
2026-02-01 00:00:00+00:00,838040819.4266695
2026-02-02 00:00:00+00:00,830998453.9751356
2026-02-03 00:00:00+00:00,929591499.3096247
2026-02-04 00:00:00+00:00,1000015092.9789758
2026-02-05 00:00:00+00:00,894379692.3339509
2026-02-06 00:00:00+00:00,1021142169.0515816
2026-02-07 00:00:00+00:00,1112468740.2429833
2026-02-08 00:00:00+00:00,1063649664.9870174
2026-02-09 00:00:00+00:00,1019852317.996721
2026-02-10 00:00:00+00:00,900973830.4794544
2026-02-11 00:00:00+00:00,982311747.7332362
2026-02-12 00:00:00+00:00,1107447002.9675756
2026-02-13 00:00:00+00:00,944771168.4600127
2026-02-14 00:00:00+00:00,1038622612.1382018
2026-02-15 00:00:00+00:00,1232582258.2019153
2026-02-16 00:00:00+00:00,1094933476.5431678
2026-02-17 00:00:00+00:00,1032365844.4211287
2026-02-18 00:00:00+00:00,957284694.8844205
2026-02-19 00:00:00+00:00,1025228859.3917795
2026-02-20 00:00:00+00:00,983397437.0251604
2026-02-21 00:00:00+00:00,854191934.5012189
2026-02-22 00:00:00+00:00,1177205690.811073
2026-02-23 00:00:00+00:00,1062356356.3827294
2026-02-24 00:00:00+00:00,1184383769.690652
2026-02-25 00:00:00+00:00,1119781018.4286811
2026-02-26 00:00:00+00:00,1004931684.0003374
2026-02-27 00:00:00+00:00,1012109773.2163564
2026-02-28 00:00:00+00:00,1026465941.3119544
2026-03-01 00:00:00+00:00,1069534435.2623082
2026-03-02 00:00:00+00:00,976219347.8091414
2026-03-03 00:00:00+00:00,961863190.0499836
2026-03-04 00:00:00+00:00,933150853.8587877
2026-03-05 00:00:00+00:00,1193001934.3916588
2026-03-06 00:00:00+00:00,1052672433.1900944
2026-03-07 00:00:00+00:00,951731243.3842345
2026-03-08 00:00:00+00:00,966151414.8397177
2026-03-09 00:00:00+00:00,994991747.3681616
2026-03-10 00:00:00+00:00,994991747.3681616
2026-03-11 00:00:00+00:00,1002201838.2871644
2026-03-12 00:00:00+00:00,930100981.0097485
2026-03-13 00:00:00+00:00,872420305.5703382
2026-03-14 00:00:00+00:00,922890900.473268
2026-03-15 00:00:00+00:00,901260648.4813046
2026-03-16 00:00:00+00:00,901260648.4813046
2026-03-17 00:00:00+00:00,915680809.5542653
2026-03-18 00:00:00+00:00,1002201838.2871644
2026-03-19 00:00:00+00:00,966151414.8397177
2026-03-20 00:00:00+00:00,956085963.7654024
2026-03-21 00:00:00+00:00,917823289.768721
2026-03-22 00:00:00+00:00,1077444735.2152627
2026-03-23 00:00:00+00:00,1064142947.2966102
2026-03-24 00:00:00+00:00,831361682.6634102
2026-03-25 00:00:00+00:00,1017586694.3699702
2026-03-26 00:00:00+00:00,1097397412.3045979
2026-03-27 00:00:00+00:00,1010935805.1992872
2026-03-28 00:00:00+00:00,1157255453.1498902
2026-03-29 00:00:00+00:00,957728653.5246779
2026-03-30 00:00:00+00:00,904521501.8500684
2026-03-31 00:00:00+00:00,904521501.8500684
2026-04-01 00:00:00+00:00,1077444735.2152627
2026-04-02 00:00:00+00:00,964379542.695361
2026-04-03 00:00:00+00:00,900036039.4277529
2026-04-04 00:00:00+00:00,828969678.3136718
2026-04-05 00:00:00+00:00,1098384831.4750333
2026-04-06 00:00:00+00:00,884234328.1768136
2026-04-07 00:00:00+00:00,953315130.5581045
2026-04-08 00:00:00+00:00,1022395942.8870316
2026-04-09 00:00:00+00:00,994763617.9554608
2026-04-10 00:00:00+00:00,863510089.4519534
2026-04-11 00:00:00+00:00,849693926.986168
2026-04-12 00:00:00+00:00,1070752506.5434624
2026-04-13 00:00:00+00:00,1022395942.8870316
2026-04-14 00:00:00+00:00,1132925232.6656787
2026-04-15 00:00:00+00:00,863510089.4519534
2026-04-16 00:00:00+00:00,1050028267.8186024
2026-04-17 00:00:00+00:00,967334466.916483
2026-04-18 00:00:00+00:00,1031290054.5634836
2026-04-19 00:00:00+00:00,1064992341.7713568
2026-04-20 00:00:00+00:00,876259525.6422594
2026-04-21 00:00:00+00:00,909961812.8501325
2026-04-22 00:00:00+00:00,882999979.2013302
2026-04-23 00:00:00+00:00,815595404.7855839
2026-04-24 00:00:00+00:00,1004328220.9146812
2026-04-25 00:00:00+00:00,943664100.0580056
2026-04-26 00:00:00+00:00,1004328220.9146812
2026-04-27 00:00:00+00:00,930183183.2336047
2026-04-28 00:00:00+00:00,936923646.4989349
2026-04-29 00:00:00+00:00,856038145.552528
2026-04-30 00:00:00+00:00,943664100.0580056
2026-05-01 00:00:00+00:00,1064992341.7713568
2026-05-02 00:00:00+00:00,896831740.5704167
2026-05-03 00:00:00+00:00,1000953351.3604596
2026-05-04 00:00:00+00:00,981197686.8712952
2026-05-05 00:00:00+00:00,987782911.5285887
2026-05-06 00:00:00+00:00,928515937.0265276
2026-05-07 00:00:00+00:00,935101152.2011052
2026-05-08 00:00:00+00:00,968027247.0394245
2026-05-09 00:00:00+00:00,1126072515.539159
2026-05-10 00:00:00+00:00,987782911.5285887
2026-05-11 00:00:00+00:00,1086561196.0435464
2026-05-12 00:00:00+00:00,882419402.3563375
2026-05-13 00:00:00+00:00,915345497.194657
2026-05-14 00:00:00+00:00,994368126.7031661
2026-05-15 00:00:00+00:00,964723444.1105753
2026-05-16 00:00:00+00:00,1025406922.0646992
2026-05-17 00:00:00+00:00,950708403.3976227
2026-05-18 00:00:00+00:00,950708403.3976227
2026-05-19 00:00:00+00:00,964289953.135156
2026-05-20 00:00:00+00:00,1032197701.8228234
2026-05-21 00:00:00+00:00,862428334.9930127
2026-05-22 00:00:00+00:00,1059360791.5191752
2026-05-23 00:00:00+00:00,1113686990.469309
2026-05-24 00:00:00+00:00,889591434.4680796
2026-05-25 00:00:00+00:00,1120477760.4487183
2026-05-26 00:00:00+00:00,943917633.4182135
2026-05-27 00:00:00+00:00,950708403.3976227
2026-05-28 00:00:00+00:00,1100105440.7317758
2026-05-29 00:00:00+00:00,960163852.3585033
2026-05-30 00:00:00+00:00,980866172.3203555
2026-05-31 00:00:00+00:00,994681189.9526772
2026-06-01 00:00:00+00:00,932513615.5806348
2026-06-02 00:00:00+00:00,759825910.0968298
2026-06-03 00:00:00+00:00,746010892.464508
2026-06-04 00:00:00+00:00,980866172.3203555
2026-06-05 00:00:00+00:00,932513615.5806348
2026-06-06 00:00:00+00:00,842716005.943949
2026-06-07 00:00:00+00:00,808178466.8365502
2026-06-08 00:00:00+00:00,877253545.0513475
2026-06-09 00:00:00+00:00,856531023.5762707
2026-06-10 00:00:00+00:00,870346041.2085927
2026-06-11 00:00:00+00:00,932513615.5806348
2026-06-12 00:00:00+00:00,1015403711.427754
2026-06-13 00:00:00+00:00,854439838.152652
2026-06-14 00:00:00+00:00,906725183.392705
2026-06-15 00:00:00+00:00,931566971.1991992
2026-06-16 00:00:00+00:00,1006092325.6756397
2026-06-17 00:00:00+00:00,819778935.0130172
2026-06-18 00:00:00+00:00,1024723662.0589892
2026-06-19 00:00:00+00:00,937777413.6793016
2026-06-20 00:00:00+00:00,962619201.4857962
2026-06-21 00:00:00+00:00,832199828.9162643
2026-06-22 00:00:00+00:00,968829643.965898
2026-06-23 00:00:00+00:00,1074407237.671978
2026-06-24 00:00:00+00:00,962619201.4857962
2026-06-25 00:00:00+00:00,1055775901.2886288
2026-06-26 00:00:00+00:00,962619201.4857962
2026-06-27 00:00:00+00:00,1113992357.1239765
2026-06-28 00:00:00+00:00,858457137.2107625
2026-06-29 00:00:00+00:00,831838318.6049633
2026-06-30 00:00:00+00:00,991551268.5708677
2026-07-01 00:00:00+00:00,951623035.8707805
2026-07-02 00:00:00+00:00,871766551.3050507
2026-07-03 00:00:00+00:00,1004860682.665156
2026-07-04 00:00:00+00:00,1024824799.0151995
2026-07-05 00:00:00+00:00,851802434.9550071
2026-07-06 00:00:00+00:00,771945959.9720548
2026-07-07 00:00:00+00:00,931658909.9379592
2026-07-08 00:00:00+00:00,885075965.3993391
2026-07-09 00:00:00+00:00,831838318.6049633
2026-07-10 00:00:00+00:00,865111849.0492953
2026-07-11 00:00:00+00:00,913015248.272411
2026-07-12 00:00:00+00:00,910321900.5977669
2026-07-13 00:00:00+00:00,929286937.1591471
2026-07-14 00:00:00+00:00,973538695.2045144
2026-07-15 00:00:00+00:00,885035179.1137801
2026-07-16 00:00:00+00:00,764923265.7196722
2026-07-17 00:00:00+00:00,802853338.8424331
2026-07-18 00:00:00+00:00,1049398859.6564744
2026-07-19 00:00:00+00:00,1043077174.733868
2026-07-20 00:00:00+00:00,922965261.33976
2026-07-21 00:00:00+00:00,872391818.3717868
2026-07-22 00:00:00+00:00,726993183.4936922
2026-07-23 00:00:00+00:00,834461745.249026
2026-07-24 00:00:00+00:00,973538695.2045144
2026-07-25 00:00:00+00:00,872065075.0995656
2026-07-26 00:00:00+00:00,916150330.2022573
2026-07-27 00:00:00+00:00,865950308.147995
2026-07-28 00:00:00+00:00,796925282.3413862
2026-07-29 00:00:00+00:00,897325326.4499104
2026-07-30 00:00:00+00:00,960075344.9817349
2026-07-31 00:00:00+00:00,985175356.008866
2026-08-01 00:00:00+00:00,1029100370.7883435
2026-08-02 00:00:00+00:00,903600324.6886917
2026-08-03 00:00:00+00:00,941250341.229388
2026-08-04 00:00:00+00:00,884775320.936345
2026-08-05 00:00:00+00:00,891050319.1751261
2026-08-06 00:00:00+00:00,803200289.6161708
2026-08-07 00:00:00+00:00,991450354.2476469
2026-08-08 00:00:00+00:00,898876720.0592811
2026-08-09 00:00:00+00:00,906199297.8955106
2026-08-10 00:00:00+00:00,880851063.8721335
2026-08-11 00:00:00+00:00,817480478.8136902
2026-08-12 00:00:00+00:00,893525180.883822
2026-08-13 00:00:00+00:00,925210468.8503617
2026-08-14 00:00:00+00:00,944221639.805213
2026-08-15 00:00:00+00:00,918873405.7818357
2026-08-16 00:00:00+00:00,1020266341.8753448
2026-08-17 00:00:00+00:00,1001255161.79513
2026-08-18 00:00:00+00:00,944221639.805213
2026-08-19 00:00:00+00:00,779458136.9039879
2026-08-20 00:00:00+00:00,804806361.8020016
2026-08-21 00:00:00+00:00,868176946.8604448
2026-08-22 00:00:00+00:00,937551968.6517192
2026-08-23 00:00:00+00:00,850530898.7183248
2026-08-24 00:00:00+00:00,888054323.8990586
2026-08-25 00:00:00+00:00,888054323.8990586
2026-08-26 00:00:00+00:00,950593365.8669479
2026-08-27 00:00:00+00:00,913069940.6862142
2026-08-28 00:00:00+00:00,825515290.9367903
2026-08-29 00:00:00+00:00,913069940.6862142
2026-08-30 00:00:00+00:00,1019386298.523194
2026-08-31 00:00:00+00:00,950593365.8669479
2026-09-01 00:00:00+00:00,888054323.8990586
2026-09-02 00:00:00+00:00,856784807.4179245
2026-09-03 00:00:00+00:00,1000624590.435638
2026-09-04 00:00:00+00:00,894308232.5986581
2026-09-05 00:00:00+00:00,927947322.4043229
2026-09-06 00:00:00+00:00,1045376161.9707304
2026-09-07 00:00:00+00:00,880650225.8858426
2026-09-08 00:00:00+00:00,842636544.1170456
2026-09-09 00:00:00+00:00,1020033716.581482
2026-09-10 00:00:00+00:00,848972162.3068198
2026-09-11 00:00:00+00:00,1020033716.581482
2026-09-12 00:00:00+00:00,994691262.0689509
2026-09-13 00:00:00+00:00,956677580.3001536
2026-09-14 00:00:00+00:00,950341971.2336624
2026-09-15 00:00:00+00:00,1032704934.7144648
2026-09-16 00:00:00+00:00,861643380.4398025
2026-09-17 00:00:00+00:00,905992680.3983741
2026-09-18 00:00:00+00:00,963013198.489928
2026-09-19 00:00:00+00:00,827043889.8213772
2026-09-20 00:00:00+00:00,1016306042.904234
2026-09-21 00:00:00+00:00,983309095.4339658
2026-09-22 00:00:00+00:00,917315200.4934295
2026-09-23 00:00:00+00:00,851321296.0497721
2026-09-24 00:00:00+00:00,923914586.1862348
2026-09-25 00:00:00+00:00,884318253.0231616
2026-09-26 00:00:00+00:00,1016306042.904234
2026-09-27 00:00:00+00:00,963510928.8524292
2026-09-28 00:00:00+00:00,1088899333.0406964
2026-09-29 00:00:00+00:00,1049302999.8776234
2026-09-30 00:00:00+00:00,930513981.3821613
2026-10-01 00:00:00+00:00,897517024.4087716
2026-10-02 00:00:00+00:00,930513981.3821613
2026-10-03 00:00:00+00:00,884134504.0369
2026-10-04 00:00:00+00:00,943420805.5483648
