date,volatility
2021-04-30 00:00:00+00:00,0.040608614993964474
2021-05-01 00:00:00+00:00,0.04059811484472791
2021-05-02 00:00:00+00:00,0.04084522016823273
2021-05-03 00:00:00+00:00,0.03812153903534647
2021-05-04 00:00:00+00:00,0.04078687589460903
2021-05-05 00:00:00+00:00,0.04519514395153948
2021-05-06 00:00:00+00:00,0.04494406832645017
2021-05-07 00:00:00+00:00,0.04492811342820509
2021-05-08 00:00:00+00:00,0.042785055215575636
2021-05-09 00:00:00+00:00,0.042806708805541334
2021-05-10 00:00:00+00:00,0.0438548566728881
2021-05-11 00:00:00+00:00,0.042522502352550534
2021-05-12 00:00:00+00:00,0.05051721216521363
2021-05-13 00:00:00+00:00,0.05046140188973079
2021-05-14 00:00:00+00:00,0.05022544280562323
2021-05-15 00:00:00+00:00,0.05198972887214884
2021-05-16 00:00:00+00:00,0.04615442452291992
2021-05-17 00:00:00+00:00,0.0473663672884486
2021-05-18 00:00:00+00:00,0.04734577168618292
2021-05-19 00:00:00+00:00,0.055862045860188746
2021-05-20 00:00:00+00:00,0.05855797101147952
2021-05-21 00:00:00+00:00,0.06014024267074046
2021-05-22 00:00:00+00:00,0.06040305636331875
2021-05-23 00:00:00+00:00,0.06123666144358628
2021-05-24 00:00:00+00:00,0.06788921524522298
2021-05-25 00:00:00+00:00,0.06427277080585013
2021-05-26 00:00:00+00:00,0.06495388687062581
2021-05-27 00:00:00+00:00,0.06450863809770992
2021-05-28 00:00:00+00:00,0.06479870939688072
2021-05-29 00:00:00+00:00,0.06475079633365895
2021-05-30 00:00:00+00:00,0.06567742343040936
2021-05-31 00:00:00+00:00,0.0668575671468367
2021-06-01 00:00:00+00:00,0.06206673786898631
2021-06-02 00:00:00+00:00,0.06255176752309725
2021-06-03 00:00:00+00:00,0.06375486138911904
2021-06-04 00:00:00+00:00,0.0637480124840071
2021-06-05 00:00:00+00:00,0.06400220843726337
2021-06-06 00:00:00+00:00,0.06297799488269347
2021-06-07 00:00:00+00:00,0.06415117621030608
2021-06-08 00:00:00+00:00,0.0559209160597843
2021-06-09 00:00:00+00:00,0.057574397800794166
2021-06-10 00:00:00+00:00,0.05473886405367667
2021-06-11 00:00:00+00:00,0.05486788168339619
2021-06-12 00:00:00+00:00,0.05322109329890303
2021-06-13 00:00:00+00:00,0.05087728932387659
2021-06-14 00:00:00+00:00,0.05141412515775135
2021-06-15 00:00:00+00:00,0.05127211546193085
2021-06-16 00:00:00+00:00,0.052167862387734444
2021-06-17 00:00:00+00:00,0.04912326760205422
2021-06-18 00:00:00+00:00,0.05065319043174432
2021-06-19 00:00:00+00:00,0.05031113343967139
2021-06-20 00:00:00+00:00,0.049230224920943595
2021-06-21 00:00:00+00:00,0.055106593529677804
2021-06-22 00:00:00+00:00,0.05524819589746089
2021-06-23 00:00:00+00:00,0.05486212311364694
2021-06-24 00:00:00+00:00,0.05378414383411575
2021-06-25 00:00:00+00:00,0.05678054288472311
2021-06-26 00:00:00+00:00,0.05702967927810031
2021-06-27 00:00:00+00:00,0.0578187925275755
2021-06-28 00:00:00+00:00,0.05782514143132004
2021-06-29 00:00:00+00:00,0.05181216955405724
2021-06-30 00:00:00+00:00,0.05191918272389052
2021-07-01 00:00:00+00:00,0.05257401244073809
2021-07-02 00:00:00+00:00,0.05160474683953676
2021-07-03 00:00:00+00:00,0.046617317459152166
2021-07-04 00:00:00+00:00,0.045836466665811405
2021-07-05 00:00:00+00:00,0.04667548185165688
2021-07-06 00:00:00+00:00,0.046103410905166065
2021-07-07 00:00:00+00:00,0.046119955631999485
2021-07-08 00:00:00+00:00,0.044691923274416796
2021-07-09 00:00:00+00:00,0.04522362805905927
2021-07-10 00:00:00+00:00,0.0452421490559958
2021-07-11 00:00:00+00:00,0.03732512659133383
2021-07-12 00:00:00+00:00,0.03785199855143559
2021-07-13 00:00:00+00:00,0.0370522319158951
2021-07-14 00:00:00+00:00,0.03639032579770789
2021-07-15 00:00:00+00:00,0.030918995687108642
2021-07-16 00:00:00+00:00,0.030705592028261824
2021-07-17 00:00:00+00:00,0.02507216824735266
2021-07-18 00:00:00+00:00,0.025228255521877508
2021-07-19 00:00:00+00:00,0.023501658444078387
2021-07-20 00:00:00+00:00,0.023973370037882285
2021-07-21 00:00:00+00:00,0.02937820539193383
2021-07-22 00:00:00+00:00,0.029320064569055553
2021-07-23 00:00:00+00:00,0.030293049957474536
2021-07-24 00:00:00+00:00,0.03031799609821318
2021-07-25 00:00:00+00:00,0.0293357411679507
2021-07-26 00:00:00+00:00,0.03127133125808739
2021-07-27 00:00:00+00:00,0.033342400569116144
2021-07-28 00:00:00+00:00,0.03217702557997088
2021-07-29 00:00:00+00:00,0.03195996747733326
2021-07-30 00:00:00+00:00,0.03322109481527656
2021-07-31 00:00:00+00:00,0.03376822265193223
2021-08-01 00:00:00+00:00,0.03411253518349025
2021-08-02 00:00:00+00:00,0.034359111129314314
2021-08-03 00:00:00+00:00,0.03515063968613534
2021-08-04 00:00:00+00:00,0.03469835981068938
2021-08-05 00:00:00+00:00,0.034281942029968246
2021-08-06 00:00:00+00:00,0.03504298207639281
2021-08-07 00:00:00+00:00,0.035406088448012296
2021-08-08 00:00:00+00:00,0.034653307509535915
2021-08-09 00:00:00+00:00,0.033334820771352525
2021-08-10 00:00:00+00:00,0.03153549260283143
2021-08-11 00:00:00+00:00,0.03170270252622415
2021-08-12 00:00:00+00:00,0.03251553335244144
2021-08-13 00:00:00+00:00,0.035364473887972064
2021-08-14 00:00:00+00:00,0.0358928921898185
2021-08-15 00:00:00+00:00,0.03495231470590901
2021-08-16 00:00:00+00:00,0.033918011664879844
2021-08-17 00:00:00+00:00,0.03473310079284126
2021-08-18 00:00:00+00:00,0.03473048194539213
2021-08-19 00:00:00+00:00,0.03413599482033649
2021-08-20 00:00:00+00:00,0.03535192234353143
2021-08-21 00:00:00+00:00,0.03383443670050977
2021-08-22 00:00:00+00:00,0.033184777832311996
2021-08-23 00:00:00+00:00,0.03214124696166832
2021-08-24 00:00:00+00:00,0.03337858070922858
2021-08-25 00:00:00+00:00,0.033337350158395646
2021-08-26 00:00:00+00:00,0.03403988317998447
2021-08-27 00:00:00+00:00,0.03445762673005053
2021-08-28 00:00:00+00:00,0.034111328971607714
2021-08-29 00:00:00+00:00,0.032038171929638155
2021-08-30 00:00:00+00:00,0.03304485071714476
2021-08-31 00:00:00+00:00,0.03303378033074027
2021-09-01 00:00:00+00:00,0.03324454910214615
2021-09-02 00:00:00+00:00,0.02874068624190966
2021-09-03 00:00:00+00:00,0.02859145838732773
2021-09-04 00:00:00+00:00,0.028588149342216863
2021-09-05 00:00:00+00:00,0.028818816437304037
2021-09-06 00:00:00+00:00,0.02785301900382527
2021-09-07 00:00:00+00:00,0.038497857259142114
2021-09-08 00:00:00+00:00,0.03737361722491264
2021-09-09 00:00:00+00:00,0.03514978035125977
2021-09-10 00:00:00+00:00,0.035791459140520294
2021-09-11 00:00:00+00:00,0.03576857605237733
2021-09-12 00:00:00+00:00,0.03607720430159301
2021-09-13 00:00:00+00:00,0.03554812074318095
2021-09-14 00:00:00+00:00,0.036760887793946456
2021-09-15 00:00:00+00:00,0.03568820653990011
2021-09-16 00:00:00+00:00,0.03408168575598397
2021-09-17 00:00:00+00:00,0.03412866736594624
2021-09-18 00:00:00+00:00,0.034479223506413255
2021-09-19 00:00:00+00:00,0.03380101446052636
2021-09-20 00:00:00+00:00,0.03936031206856882
2021-09-21 00:00:00+00:00,0.039643026596996686
2021-09-22 00:00:00+00:00,0.04312985567788419
2021-09-23 00:00:00+00:00,0.04363569662281524
2021-09-24 00:00:00+00:00,0.044591750976081
2021-09-25 00:00:00+00:00,0.04341551243356275
2021-09-26 00:00:00+00:00,0.04324439161993828
2021-09-27 00:00:00+00:00,0.036371662631005774
2021-09-28 00:00:00+00:00,0.03659859341373898
2021-09-29 00:00:00+00:00,0.036696574646520375
2021-09-30 00:00:00+00:00,0.03840142028863823
2021-10-01 00:00:00+00:00,0.04433018968541384
2021-10-02 00:00:00+00:00,0.044302943515070824
2021-10-03 00:00:00+00:00,0.043906272620705414
2021-10-04 00:00:00+00:00,0.042888344329106286
2021-10-05 00:00:00+00:00,0.04376688644713914
2021-10-06 00:00:00+00:00,0.04637255729843123
2021-10-07 00:00:00+00:00,0.04692231312557444
2021-10-08 00:00:00+00:00,0.046821780714903276
2021-10-09 00:00:00+00:00,0.04640230145309257
2021-10-10 00:00:00+00:00,0.04047952545238249
2021-10-11 00:00:00+00:00,0.038213433824389235
2021-10-12 00:00:00+00:00,0.03742538964446341
2021-10-13 00:00:00+00:00,0.03730724281245903
2021-10-14 00:00:00+00:00,0.03483883739083387
2021-10-15 00:00:00+00:00,0.03700808325359252
2021-10-16 00:00:00+00:00,0.037672909112776626
2021-10-17 00:00:00+00:00,0.03644717075189447
2021-10-18 00:00:00+00:00,0.03492682634251715
2021-10-19 00:00:00+00:00,0.03501289114180035
2021-10-20 00:00:00+00:00,0.03417967822833424
2021-10-21 00:00:00+00:00,0.033427288284838944
2021-10-22 00:00:00+00:00,0.03407607652557415
2021-10-23 00:00:00+00:00,0.034081683641723176
2021-10-24 00:00:00+00:00,0.03429258252849529
2021-10-25 00:00:00+00:00,0.03387099302723502
2021-10-26 00:00:00+00:00,0.03241884796463922
2021-10-27 00:00:00+00:00,0.032646924672940565
2021-10-28 00:00:00+00:00,0.033434273555720824
2021-10-29 00:00:00+00:00,0.03367274694712429
2021-10-30 00:00:00+00:00,0.03369332561290981
2021-10-31 00:00:00+00:00,0.03214834822699109
2021-11-01 00:00:00+00:00,0.03150318902303066
2021-11-02 00:00:00+00:00,0.032085300100048994
2021-11-03 00:00:00+00:00,0.03214772488757257
2021-11-04 00:00:00+00:00,0.028137540561763475
2021-11-05 00:00:00+00:00,0.028030268741566455
2021-11-06 00:00:00+00:00,0.02799564941417904
2021-11-07 00:00:00+00:00,0.028702854771458612
2021-11-08 00:00:00+00:00,0.031368839753837544
2021-11-09 00:00:00+00:00,0.03094773596103685
2021-11-10 00:00:00+00:00,0.028765146311624988
2021-11-11 00:00:00+00:00,0.028097678970750654
2021-11-12 00:00:00+00:00,0.028218288673127197
2021-11-13 00:00:00+00:00,0.02812591212906291
2021-11-14 00:00:00+00:00,0.027248713052513446
2021-11-15 00:00:00+00:00,0.02614083231639992
2021-11-16 00:00:00+00:00,0.028284780581528585
2021-11-17 00:00:00+00:00,0.027062071946495722
2021-11-18 00:00:00+00:00,0.02909870984150257
2021-11-19 00:00:00+00:00,0.02960000234861643
2021-11-20 00:00:00+00:00,0.030361574142191972
2021-11-21 00:00:00+00:00,0.030588281555639585
2021-11-22 00:00:00+00:00,0.03029997766590133
2021-11-23 00:00:00+00:00,0.030958756394443128
2021-11-24 00:00:00+00:00,0.030616287429784637
2021-11-25 00:00:00+00:00,0.03157343254053476
2021-11-26 00:00:00+00:00,0.03702040211197191
2021-11-27 00:00:00+00:00,0.03655225380969933
2021-11-28 00:00:00+00:00,0.03460704708625106
2021-11-29 00:00:00+00:00,0.03479822217504167
2021-11-30 00:00:00+00:00,0.03438930678096058
2021-12-01 00:00:00+00:00,0.03445099741594935
2021-12-02 00:00:00+00:00,0.03446980089019408
2021-12-03 00:00:00+00:00,0.035817141158182804
2021-12-04 00:00:00+00:00,0.03888687158607218
2021-12-05 00:00:00+00:00,0.03891292664006908
2021-12-06 00:00:00+00:00,0.038134418409038154
2021-12-07 00:00:00+00:00,0.03810416891250284
2021-12-08 00:00:00+00:00,0.036311889569565964
2021-12-09 00:00:00+00:00,0.03759542518002083
2021-12-10 00:00:00+00:00,0.03653504667455121
2021-12-11 00:00:00+00:00,0.03876571710016218
2021-12-12 00:00:00+00:00,0.03824324189137442
2021-12-13 00:00:00+00:00,0.04001254184200993
2021-12-14 00:00:00+00:00,0.041246368502484046
2021-12-15 00:00:00+00:00,0.0404482559048899
2021-12-16 00:00:00+00:00,0.036074443534179906
2021-12-17 00:00:00+00:00,0.036065832581783606
2021-12-18 00:00:00+00:00,0.03420090721109226
2021-12-19 00:00:00+00:00,0.03396908324039955
2021-12-20 00:00:00+00:00,0.03411548556760554
2021-12-21 00:00:00+00:00,0.03590063784528993
2021-12-22 00:00:00+00:00,0.03588072798556138
2021-12-23 00:00:00+00:00,0.03618078674401879
2021-12-24 00:00:00+00:00,0.03075747660956225
2021-12-25 00:00:00+00:00,0.03083544713438193
2021-12-26 00:00:00+00:00,0.030525152166017724
2021-12-27 00:00:00+00:00,0.03052469223169153
2021-12-28 00:00:00+00:00,0.03361075561792207
2021-12-29 00:00:00+00:00,0.03139642994426606
2021-12-30 00:00:00+00:00,0.03150676421663711
2021-12-31 00:00:00+00:00,0.02972598617383998
2022-01-01 00:00:00+00:00,0.030575228908898872
2022-01-02 00:00:00+00:00,0.026576220762907065
2022-01-03 00:00:00+00:00,0.02561123991700909
2022-01-04 00:00:00+00:00,0.025558279169482494
2022-01-05 00:00:00+00:00,0.02741836412822524
2022-01-06 00:00:00+00:00,0.026685662487643497
2022-01-07 00:00:00+00:00,0.027240527754734
2022-01-08 00:00:00+00:00,0.0273003665731016
2022-01-09 00:00:00+00:00,0.027289660823586345
2022-01-10 00:00:00+00:00,0.024947688025511762
2022-01-11 00:00:00+00:00,0.02578774146644833
2022-01-12 00:00:00+00:00,0.02405726036773669
2022-01-13 00:00:00+00:00,0.024560379309983157
2022-01-14 00:00:00+00:00,0.02497612355196255
2022-01-15 00:00:00+00:00,0.02480531324063893
2022-01-16 00:00:00+00:00,0.02482255781905936
2022-01-17 00:00:00+00:00,0.02152863465097804
2022-01-18 00:00:00+00:00,0.0212376270966153
2022-01-19 00:00:00+00:00,0.020928945686312084
2022-01-20 00:00:00+00:00,0.021094510425799608
2022-01-21 00:00:00+00:00,0.028671535126228238
2022-01-22 00:00:00+00:00,0.029176885356370728
2022-01-23 00:00:00+00:00,0.031053855259052528
2022-01-24 00:00:00+00:00,0.03148427059949461
2022-01-25 00:00:00+00:00,0.030171527324870485
2022-01-26 00:00:00+00:00,0.030181152088011295
2022-01-27 00:00:00+00:00,0.029665289338575034
2022-01-28 00:00:00+00:00,0.029961430864053402
2022-01-29 00:00:00+00:00,0.030126220577200644
2022-01-30 00:00:00+00:00,0.030125241662488877
2022-01-31 00:00:00+00:00,0.029871357419663465
2022-02-01 00:00:00+00:00,0.029023318828187667
2022-02-02 00:00:00+00:00,0.029938432010179445
2022-02-03 00:00:00+00:00,0.029922764024816726
2022-02-04 00:00:00+00:00,0.04035325383411733
2022-02-05 00:00:00+00:00,0.04036076178482275
2022-02-06 00:00:00+00:00,0.040480778244709
2022-02-07 00:00:00+00:00,0.04116657421986158
2022-02-08 00:00:00+00:00,0.04092688301780392
2022-02-09 00:00:00+00:00,0.04043114210158516
2022-02-10 00:00:00+00:00,0.0319439598484434
2022-02-11 00:00:00+00:00,0.03112129506747302
2022-02-12 00:00:00+00:00,0.03075052060950179
2022-02-13 00:00:00+00:00,0.030853217310241668
2022-02-14 00:00:00+00:00,0.030866860733981764
2022-02-15 00:00:00+00:00,0.03196865007837284
2022-02-16 00:00:00+00:00,0.032459186835843215
2022-02-17 00:00:00+00:00,0.0375900366536956
2022-02-18 00:00:00+00:00,0.037742819171027286
2022-02-19 00:00:00+00:00,0.037663156003846544
2022-02-20 00:00:00+00:00,0.038886816752230886
2022-02-21 00:00:00+00:00,0.03970230950714733
2022-02-22 00:00:00+00:00,0.03893399956981104
2022-02-23 00:00:00+00:00,0.03936825371027589
2022-02-24 00:00:00+00:00,0.029891690493189377
2022-02-25 00:00:00+00:00,0.03048772600102669
2022-02-26 00:00:00+00:00,0.029850721242660947
2022-02-27 00:00:00+00:00,0.029293423705983843
2022-02-28 00:00:00+00:00,0.04488284164744034
2022-03-01 00:00:00+00:00,0.04533685498688565
2022-03-02 00:00:00+00:00,0.045180880797530416
2022-03-03 00:00:00+00:00,0.045428717191638775
2022-03-04 00:00:00+00:00,0.04874136258934995
2022-03-05 00:00:00+00:00,0.048781812616772904
2022-03-06 00:00:00+00:00,0.04892257989936615
2022-03-07 00:00:00+00:00,0.047426193344954626
2022-03-08 00:00:00+00:00,0.04774285901592856
2022-03-09 00:00:00+00:00,0.04850411096796387
2022-03-10 00:00:00+00:00,0.05041104532715577
2022-03-11 00:00:00+00:00,0.05056756797159964
2022-03-12 00:00:00+00:00,0.0496066012664596
2022-03-13 00:00:00+00:00,0.04927589936436475
2022-03-14 00:00:00+00:00,0.049983832055675165
2022-03-15 00:00:00+00:00,0.04963116656701964
2022-03-16 00:00:00+00:00,0.0502595324169236
2022-03-17 00:00:00+00:00,0.050104334938865666
2022-03-18 00:00:00+00:00,0.05022815057380049
2022-03-19 00:00:00+00:00,0.049315766902195045
2022-03-20 00:00:00+00:00,0.03740828070046706
2022-03-21 00:00:00+00:00,0.03670544270939962
2022-03-22 00:00:00+00:00,0.03753001342453119
2022-03-23 00:00:00+00:00,0.036874304402788674
2022-03-24 00:00:00+00:00,0.032171647224343305
2022-03-25 00:00:00+00:00,0.03217239334009401
2022-03-26 00:00:00+00:00,0.031334024776673665
2022-03-27 00:00:00+00:00,0.032478713598350195
2022-03-28 00:00:00+00:00,0.032430547034170455
2022-03-29 00:00:00+00:00,0.027568958983107725
2022-03-30 00:00:00+00:00,0.02302235770855471
2022-03-31 00:00:00+00:00,0.02420240295204428
2022-04-01 00:00:00+00:00,0.024226814399144207
2022-04-02 00:00:00+00:00,0.023215481864044322
2022-04-03 00:00:00+00:00,0.021231821678772047
2022-04-04 00:00:00+00:00,0.020841319072748787
2022-04-05 00:00:00+00:00,0.01999387432034203
2022-04-06 00:00:00+00:00,0.023585935831815775
2022-04-07 00:00:00+00:00,0.02324054135218321
2022-04-08 00:00:00+00:00,0.024061894585335253
2022-04-09 00:00:00+00:00,0.023581197013966538
2022-04-10 00:00:00+00:00,0.02378379140240391
2022-04-11 00:00:00+00:00,0.026549165947609248
2022-04-12 00:00:00+00:00,0.026597968875570446
2022-04-13 00:00:00+00:00,0.02665112932714687
2022-04-14 00:00:00+00:00,0.027158243073284915
2022-04-15 00:00:00+00:00,0.027458105853062815
2022-04-16 00:00:00+00:00,0.024054317616725728
2022-04-17 00:00:00+00:00,0.02394230482659088
2022-04-18 00:00:00+00:00,0.025114466864328236
2022-04-19 00:00:00+00:00,0.025687359536844943
2022-04-20 00:00:00+00:00,0.024882691878777195
2022-04-21 00:00:00+00:00,0.02461398780943204
2022-04-22 00:00:00+00:00,0.024765027724564875
2022-04-23 00:00:00+00:00,0.02432193134736361
2022-04-24 00:00:00+00:00,0.02424670260928637
2022-04-25 00:00:00+00:00,0.025019196718813867
2022-04-26 00:00:00+00:00,0.025631212414376724
2022-04-27 00:00:00+00:00,0.026711111230878715
2022-04-28 00:00:00+00:00,0.026428214451580206
2022-04-29 00:00:00+00:00,0.026809769285103348
2022-04-30 00:00:00+00:00,0.027122183072474527
2022-05-01 00:00:00+00:00,0.024198441390450947
2022-05-02 00:00:00+00:00,0.023956168550138678
2022-05-03 00:00:00+00:00,0.023329650872437196
2022-05-04 00:00:00+00:00,0.025665281915364654
2022-05-05 00:00:00+00:00,0.030851422776191753
2022-05-06 00:00:00+00:00,0.0309323247836552
2022-05-07 00:00:00+00:00,0.030888882313695184
2022-05-08 00:00:00+00:00,0.03079702570247039
2022-05-09 00:00:00+00:00,0.03846319693805029
2022-05-10 00:00:00+00:00,0.039781712590354075
2022-05-11 00:00:00+00:00,0.04119821079016549
2022-05-12 00:00:00+00:00,0.04128910204826681
2022-05-13 00:00:00+00:00,0.04159373690765537
2022-05-14 00:00:00+00:00,0.04250933682085601
2022-05-15 00:00:00+00:00,0.043424787701304375
2022-05-16 00:00:00+00:00,0.042893831974185614
2022-05-17 00:00:00+00:00,0.042437135165160136
2022-05-18 00:00:00+00:00,0.043165106514585216
2022-05-19 00:00:00+00:00,0.04582941709787711
2022-05-20 00:00:00+00:00,0.0460969264718028
2022-05-21 00:00:00+00:00,0.04566293804558491
2022-05-22 00:00:00+00:00,0.046497933708618246
2022-05-23 00:00:00+00:00,0.046883300018432564
2022-05-24 00:00:00+00:00,0.045056530313899015
2022-05-25 00:00:00+00:00,0.042354275471088866
2022-05-26 00:00:00+00:00,0.04234024315728592
2022-05-27 00:00:00+00:00,0.04238332503903318
2022-05-28 00:00:00+00:00,0.04205867539293198
2022-05-29 00:00:00+00:00,0.03346486648340191
2022-05-30 00:00:00+00:00,0.03710115465778942
2022-05-31 00:00:00+00:00,0.03396640703541171
2022-06-01 00:00:00+00:00,0.03718348504118118
2022-06-02 00:00:00+00:00,0.03741865668376977
2022-06-03 00:00:00+00:00,0.037420093269011814
2022-06-04 00:00:00+00:00,0.036178108148654804
2022-06-05 00:00:00+00:00,0.03461782287120695
2022-06-06 00:00:00+00:00,0.036043964092977984
2022-06-07 00:00:00+00:00,0.03339729786167952
2022-06-08 00:00:00+00:00,0.03192257395331771
2022-06-09 00:00:00+00:00,0.030723664573464777
2022-06-10 00:00:00+00:00,0.031694504694989106
2022-06-11 00:00:00+00:00,0.03131652985719082
2022-06-12 00:00:00+00:00,0.03337663583753691
2022-06-13 00:00:00+00:00,0.04678873132354397
2022-06-14 00:00:00+00:00,0.04674566213653314
2022-06-15 00:00:00+00:00,0.047341431801769106
2022-06-16 00:00:00+00:00,0.05101418359499364
2022-06-17 00:00:00+00:00,0.050743314232194206
2022-06-18 00:00:00+00:00,0.0517248059522047
2022-06-19 00:00:00+00:00,0.05250063619486709
2022-06-20 00:00:00+00:00,0.052455817078751854
2022-06-21 00:00:00+00:00,0.051797559037000424
2022-06-22 00:00:00+00:00,0.05114223061222469
2022-06-23 00:00:00+00:00,0.053835850580594126
2022-06-24 00:00:00+00:00,0.05384678943963946
2022-06-25 00:00:00+00:00,0.05406430644791351
2022-06-26 00:00:00+00:00,0.05195744560607023
2022-06-27 00:00:00+00:00,0.05190993745600388
2022-06-28 00:00:00+00:00,0.05185529259703998
2022-06-29 00:00:00+00:00,0.05179358316256924
2022-06-30 00:00:00+00:00,0.05170766749352558
2022-07-01 00:00:00+00:00,0.051816859941228276
2022-07-02 00:00:00+00:00,0.05070857022146022
2022-07-03 00:00:00+00:00,0.038796519901551335
2022-07-04 00:00:00+00:00,0.040584096332009156
2022-07-05 00:00:00+00:00,0.04019487228900908
2022-07-06 00:00:00+00:00,0.034167839503538834
2022-07-07 00:00:00+00:00,0.03599835862426656
2022-07-08 00:00:00+00:00,0.03122699846391802
2022-07-09 00:00:00+00:00,0.0253438756902974
2022-07-10 00:00:00+00:00,0.026627589107318175
2022-07-11 00:00:00+00:00,0.02833246085477108
2022-07-12 00:00:00+00:00,0.028110424529513237
2022-07-13 00:00:00+00:00,0.027175045358480625
2022-07-14 00:00:00+00:00,0.027467286929192432
2022-07-15 00:00:00+00:00,0.02746176430373354
2022-07-16 00:00:00+00:00,0.027348437382115242
2022-07-17 00:00:00+00:00,0.02750198888059983
2022-07-18 00:00:00+00:00,0.031990661591097584
2022-07-19 00:00:00+00:00,0.03287924049443824
2022-07-20 00:00:00+00:00,0.032838054679174444
2022-07-21 00:00:00+00:00,0.03150396063664101
2022-07-22 00:00:00+00:00,0.032124952006503116
2022-07-23 00:00:00+00:00,0.03238846662837074
2022-07-24 00:00:00+00:00,0.03101580748610538
2022-07-25 00:00:00+00:00,0.03396331568656055
2022-07-26 00:00:00+00:00,0.03377346047374556
2022-07-27 00:00:00+00:00,0.03643998934596738
2022-07-28 00:00:00+00:00,0.03724907630838486
2022-07-29 00:00:00+00:00,0.03727666923318653
2022-07-30 00:00:00+00:00,0.03623061468630559
2022-07-31 00:00:00+00:00,0.03469717366590982
2022-08-01 00:00:00+00:00,0.0334873422881492
2022-08-02 00:00:00+00:00,0.03263827937906259
2022-08-03 00:00:00+00:00,0.03268674831356657
2022-08-04 00:00:00+00:00,0.03280299778921299
2022-08-05 00:00:00+00:00,0.03319578995878618
2022-08-06 00:00:00+00:00,0.033075202601404216
2022-08-07 00:00:00+00:00,0.028299208761229013
2022-08-08 00:00:00+00:00,0.027310710221435927
2022-08-09 00:00:00+00:00,0.028017232679270157
2022-08-10 00:00:00+00:00,0.029041023590123304
2022-08-11 00:00:00+00:00,0.028578047769638876
2022-08-12 00:00:00+00:00,0.02862410437865508
2022-08-13 00:00:00+00:00,0.02863042048672577
2022-08-14 00:00:00+00:00,0.02500424531314742
2022-08-15 00:00:00+00:00,0.025160622283494586
2022-08-16 00:00:00+00:00,0.018533346649154698
2022-08-17 00:00:00+00:00,0.017094643960547638
2022-08-18 00:00:00+00:00,0.017135275309444305
2022-08-19 00:00:00+00:00,0.028286526245595793
2022-08-20 00:00:00+00:00,0.028565033184679574
2022-08-21 00:00:00+00:00,0.028989174827622394
2022-08-22 00:00:00+00:00,0.028923947129505075
2022-08-23 00:00:00+00:00,0.028976596878438954
2022-08-24 00:00:00+00:00,0.02896565976732093
2022-08-25 00:00:00+00:00,0.02806407789346333
2022-08-26 00:00:00+00:00,0.030813013437240036
2022-08-27 00:00:00+00:00,0.03060897616262021
2022-08-28 00:00:00+00:00,0.029732898533766986
2022-08-29 00:00:00+00:00,0.031143139732929016
2022-08-30 00:00:00+00:00,0.02981492511377225
2022-08-31 00:00:00+00:00,0.030137429416532087
2022-09-01 00:00:00+00:00,0.02957319710119023
2022-09-02 00:00:00+00:00,0.02946653213850286
2022-09-03 00:00:00+00:00,0.02946346137262624
2022-09-04 00:00:00+00:00,0.029743237747802263
2022-09-05 00:00:00+00:00,0.02974369329516651
2022-09-06 00:00:00+00:00,0.031093604463082677
2022-09-07 00:00:00+00:00,0.03217665244296176
2022-09-08 00:00:00+00:00,0.023616384025456863
2022-09-09 00:00:00+00:00,0.03383980489082468
2022-09-10 00:00:00+00:00,0.03374211689672998
2022-09-11 00:00:00+00:00,0.03374756087425847
2022-09-12 00:00:00+00:00,0.03418296511198342
2022-09-13 00:00:00+00:00,0.04105933969814951
2022-09-14 00:00:00+00:00,0.04099456326299312
2022-09-15 00:00:00+00:00,0.03904941850582012
2022-09-16 00:00:00+00:00,0.03900417438355578
2022-09-17 00:00:00+00:00,0.03871791858535063
2022-09-18 00:00:00+00:00,0.0386190363148611
2022-09-19 00:00:00+00:00,0.03830178198951618
2022-09-20 00:00:00+00:00,0.03891396089822062
2022-09-21 00:00:00+00:00,0.03912356545457647
2022-09-22 00:00:00+00:00,0.04094152167936109
2022-09-23 00:00:00+00:00,0.040939792836798626
2022-09-24 00:00:00+00:00,0.04108346129285399
2022-09-25 00:00:00+00:00,0.04105008059672048
2022-09-26 00:00:00+00:00,0.03968514127701802
2022-09-27 00:00:00+00:00,0.039296567098754176
2022-09-28 00:00:00+00:00,0.03948719739009985
2022-09-29 00:00:00+00:00,0.03101890168868129
2022-09-30 00:00:00+00:00,0.030761565451468152
2022-10-01 00:00:00+00:00,0.0306044407004811
2022-10-02 00:00:00+00:00,0.02970922114827075
2022-10-03 00:00:00+00:00,0.021713308457600933
2022-10-04 00:00:00+00:00,0.023255135129159662
2022-10-05 00:00:00+00:00,0.022533173440313903
2022-10-06 00:00:00+00:00,0.022649451508728078
2022-10-07 00:00:00+00:00,0.02287826213844698
2022-10-08 00:00:00+00:00,0.021526582921581983
2022-10-09 00:00:00+00:00,0.021481801978562913
2022-10-10 00:00:00+00:00,0.020331759589618727
2022-10-11 00:00:00+00:00,0.019654943064255463
2022-10-12 00:00:00+00:00,0.015942179826169033
2022-10-13 00:00:00+00:00,0.016108519172318474
2022-10-14 00:00:00+00:00,0.01565754722990838
2022-10-15 00:00:00+00:00,0.015649327025126586
2022-10-16 00:00:00+00:00,0.014988934991507068
2022-10-17 00:00:00+00:00,0.015211104121430181
2022-10-18 00:00:00+00:00,0.014964428279324026
2022-10-19 00:00:00+00:00,0.01496811405434916
2022-10-20 00:00:00+00:00,0.014884701519063515
2022-10-21 00:00:00+00:00,0.014924327753843794
2022-10-22 00:00:00+00:00,0.01461778401727011
2022-10-23 00:00:00+00:00,0.013622859602577154
2022-10-24 00:00:00+00:00,0.010883226908119385
2022-10-25 00:00:00+00:00,0.014146639449020613
2022-10-26 00:00:00+00:00,0.015899886959872152
2022-10-27 00:00:00+00:00,0.016009663908661185
2022-10-28 00:00:00+00:00,0.016135490470285146
2022-10-29 00:00:00+00:00,0.016213726359941616
2022-10-30 00:00:00+00:00,0.015843791571000073
2022-10-31 00:00:00+00:00,0.015929529844872913
2022-11-01 00:00:00+00:00,0.015952157732075162
2022-11-02 00:00:00+00:00,0.016415632195995674
2022-11-03 00:00:00+00:00,0.016157325003599263
2022-11-04 00:00:00+00:00,0.018741152019013912
2022-11-05 00:00:00+00:00,0.0187125959833909
2022-11-06 00:00:00+00:00,0.019282697412424006
2022-11-07 00:00:00+00:00,0.01944851397673619
2022-11-08 00:00:00+00:00,0.030025666884338352
2022-11-09 00:00:00+00:00,0.04346392602952135
2022-11-10 00:00:00+00:00,0.05028626740215446
2022-11-11 00:00:00+00:00,0.05063038543103801
2022-11-12 00:00:00+00:00,0.05036552751122563
2022-11-13 00:00:00+00:00,0.05060058912798225
2022-11-14 00:00:00+00:00,0.049806108534771784
2022-11-15 00:00:00+00:00,0.04916668171390974
2022-11-16 00:00:00+00:00,0.04907493204154731
2022-11-17 00:00:00+00:00,0.048838300679952235
2022-11-18 00:00:00+00:00,0.0486741513672089
2022-11-19 00:00:00+00:00,0.0487232829086579
2022-11-20 00:00:00+00:00,0.04884539797248395
2022-11-21 00:00:00+00:00,0.048991335692184286
2022-11-22 00:00:00+00:00,0.04978161853197559
2022-11-23 00:00:00+00:00,0.050254516972411206
2022-11-24 00:00:00+00:00,0.04861737371749788
2022-11-25 00:00:00+00:00,0.048458956587284434
2022-11-26 00:00:00+00:00,0.048457845695022594
2022-11-27 00:00:00+00:00,0.04848622842337178
2022-11-28 00:00:00+00:00,0.04374024357930135
2022-11-29 00:00:00+00:00,0.030011028326823688
2022-11-30 00:00:00+00:00,0.020500161625197112
2022-12-01 00:00:00+00:00,0.019487256231772544
2022-12-02 00:00:00+00:00,0.01921172102905126
2022-12-03 00:00:00+00:00,0.018195635358632084
2022-12-04 00:00:00+00:00,0.018009592271325287
2022-12-05 00:00:00+00:00,0.01775775394967654
2022-12-06 00:00:00+00:00,0.017484366295170615
2022-12-07 00:00:00+00:00,0.01785331533575565
2022-12-08 00:00:00+00:00,0.018544241661429064
2022-12-09 00:00:00+00:00,0.018612526748631897
2022-12-10 00:00:00+00:00,0.01753939033648932
2022-12-11 00:00:00+00:00,0.01576295392973594
2022-12-12 00:00:00+00:00,0.014736833467427997
2022-12-13 00:00:00+00:00,0.015564541959637088
2022-12-14 00:00:00+00:00,0.015546379718727568
2022-12-15 00:00:00+00:00,0.01674556096888194
2022-12-16 00:00:00+00:00,0.01943844497671281
2022-12-17 00:00:00+00:00,0.01950848864464906
2022-12-18 00:00:00+00:00,0.019236809962511238
2022-12-19 00:00:00+00:00,0.019483357654360097
2022-12-20 00:00:00+00:00,0.017849221719424355
2022-12-21 00:00:00+00:00,0.017710187957080632
2022-12-22 00:00:00+00:00,0.017631546456099517
2022-12-23 00:00:00+00:00,0.017431884901631927
2022-12-24 00:00:00+00:00,0.01717841189459066
2022-12-25 00:00:00+00:00,0.017087635037647108
2022-12-26 00:00:00+00:00,0.0170466230814135
2022-12-27 00:00:00+00:00,0.01695661844981659
2022-12-28 00:00:00+00:00,0.01614862448292023
2022-12-29 00:00:00+00:00,0.016198984702879133
2022-12-30 00:00:00+00:00,0.016196229500902343
2022-12-31 00:00:00+00:00,0.016204407244386605
2023-01-01 00:00:00+00:00,0.016136235027813913
2023-01-02 00:00:00+00:00,0.014033910388526439
2023-01-03 00:00:00+00:00,0.01401192711081829
2023-01-04 00:00:00+00:00,0.013324700705012722
2023-01-05 00:00:00+00:00,0.009358823218226068
2023-01-06 00:00:00+00:00,0.009292171382889153
2023-01-07 00:00:00+00:00,0.00927149251744104
2023-01-08 00:00:00+00:00,0.008438463060153518
2023-01-09 00:00:00+00:00,0.00590608223787916
2023-01-10 00:00:00+00:00,0.006595671360855029
2023-01-11 00:00:00+00:00,0.008912711309800163
2023-01-12 00:00:00+00:00,0.01367192118611542
2023-01-13 00:00:00+00:00,0.017857097443435884
2023-01-14 00:00:00+00:00,0.020103974828244484
2023-01-15 00:00:00+00:00,0.020351299441418873
2023-01-16 00:00:00+00:00,0.01960830232929752
2023-01-17 00:00:00+00:00,0.019256081376084467
2023-01-18 00:00:00+00:00,0.020673374828838523
2023-01-19 00:00:00+00:00,0.02052026378525356
2023-01-20 00:00:00+00:00,0.0245631749640979
2023-01-21 00:00:00+00:00,0.024547647655537647
2023-01-22 00:00:00+00:00,0.024776211828284603
2023-01-23 00:00:00+00:00,0.024555899902617938
2023-01-24 00:00:00+00:00,0.025359875022283252
2023-01-25 00:00:00+00:00,0.02507795048277065
2023-01-26 00:00:00+00:00,0.025339746528487344
2023-01-27 00:00:00+00:00,0.0252419975987623
2023-01-28 00:00:00+00:00,0.02554649548694981
2023-01-29 00:00:00+00:00,0.025616121223008374
2023-01-30 00:00:00+00:00,0.02844013987347226
2023-01-31 00:00:00+00:00,0.028223203201349915
2023-02-01 00:00:00+00:00,0.027041358799441775
2023-02-02 00:00:00+00:00,0.025216809959948034
2023-02-03 00:00:00+00:00,0.02319086175587049
2023-02-04 00:00:00+00:00,0.023202349661011895
2023-02-05 00:00:00+00:00,0.02362923340568757
2023-02-06 00:00:00+00:00,0.023730069761412672
2023-02-07 00:00:00+00:00,0.023217140120149495
2023-02-08 00:00:00+00:00,0.023341501567598396
2023-02-09 00:00:00+00:00,0.01993721359634795
2023-02-10 00:00:00+00:00,0.019912149916601517
2023-02-11 00:00:00+00:00,0.020133334142555002
2023-02-12 00:00:00+00:00,0.019971886663646667
2023-02-13 00:00:00+00:00,0.01983415155000692
2023-02-14 00:00:00+00:00,0.019870051015206534
2023-02-15 00:00:00+00:00,0.029476318748397245
2023-02-16 00:00:00+00:00,0.030576532246702526
2023-02-17 00:00:00+00:00,0.032052500704970455
2023-02-18 00:00:00+00:00,0.03139093473580721
2023-02-19 00:00:00+00:00,0.030182259609866674
2023-02-20 00:00:00+00:00,0.03044497266952712
2023-02-21 00:00:00+00:00,0.03027632030296907
2023-02-22 00:00:00+00:00,0.03029313076926576
2023-02-23 00:00:00+00:00,0.030397091732956488
2023-02-24 00:00:00+00:00,0.03126669434567936
2023-02-25 00:00:00+00:00,0.03101263943377544
2023-02-26 00:00:00+00:00,0.03115126500799188
2023-02-27 00:00:00+00:00,0.03084612047956343
2023-02-28 00:00:00+00:00,0.030918970296816863
2023-03-01 00:00:00+00:00,0.02869854405874094
2023-03-02 00:00:00+00:00,0.02867841834016115
2023-03-03 00:00:00+00:00,0.03086387187565439
2023-03-04 00:00:00+00:00,0.030843724301286665
2023-03-05 00:00:00+00:00,0.030842517939732212
2023-03-06 00:00:00+00:00,0.030564955392119092
2023-03-07 00:00:00+00:00,0.02092712855629378
2023-03-08 00:00:00+00:00,0.02026639455483459
2023-03-09 00:00:00+00:00,0.02083940922330946
2023-03-10 00:00:00+00:00,0.02065838217012866
2023-03-11 00:00:00+00:00,0.02135164631939861
2023-03-12 00:00:00+00:00,0.027637996989496236
2023-03-13 00:00:00+00:00,0.03566924119648086
2023-03-14 00:00:00+00:00,0.03593429916574658
2023-03-15 00:00:00+00:00,0.03605083211223981
2023-03-16 00:00:00+00:00,0.035699957852253376
2023-03-17 00:00:00+00:00,0.041092941174659475
2023-03-18 00:00:00+00:00,0.04147890651303778
2023-03-19 00:00:00+00:00,0.042008429339097264
2023-03-20 00:00:00+00:00,0.041850709182994446
2023-03-21 00:00:00+00:00,0.04178115053909682
2023-03-22 00:00:00+00:00,0.042589500434267714
2023-03-23 00:00:00+00:00,0.04097099668517527
2023-03-24 00:00:00+00:00,0.041974771007280046
2023-03-25 00:00:00+00:00,0.0420137275983637
2023-03-26 00:00:00+00:00,0.04194778086910835
2023-03-27 00:00:00+00:00,0.04275087689229627
2023-03-28 00:00:00+00:00,0.042069391573997014
2023-03-29 00:00:00+00:00,0.038642202907350015
2023-03-30 00:00:00+00:00,0.03867682003385798
2023-03-31 00:00:00+00:00,0.03867561923903221
2023-04-01 00:00:00+00:00,0.036335245635975164
2023-04-02 00:00:00+00:00,0.030983014296766757
2023-04-03 00:00:00+00:00,0.031130414020717725
2023-04-04 00:00:00+00:00,0.030720494282080485
2023-04-05 00:00:00+00:00,0.03033693843159531
2023-04-06 00:00:00+00:00,0.021891457140819214
2023-04-07 00:00:00+00:00,0.021477007682186876
2023-04-08 00:00:00+00:00,0.01957535767790077
2023-04-09 00:00:00+00:00,0.019675666384490986
2023-04-10 00:00:00+00:00,0.0219755663211597
2023-04-11 00:00:00+00:00,0.02078096985655411
2023-04-12 00:00:00+00:00,0.019528602690827235
2023-04-13 00:00:00+00:00,0.018140606798392946
2023-04-14 00:00:00+00:00,0.018111781863444847
2023-04-15 00:00:00+00:00,0.017998372521890016
2023-04-16 00:00:00+00:00,0.016135215717485298
2023-04-17 00:00:00+00:00,0.017890367090494002
2023-04-18 00:00:00+00:00,0.017151093084228252
2023-04-19 00:00:00+00:00,0.02101040152459732
2023-04-20 00:00:00+00:00,0.02122817166186968
2023-04-21 00:00:00+00:00,0.022591298784171047
2023-04-22 00:00:00+00:00,0.023034354452178493
2023-04-23 00:00:00+00:00,0.02291349508911201
2023-04-24 00:00:00+00:00,0.022704167188763013
2023-04-25 00:00:00+00:00,0.023653961689512053
2023-04-26 00:00:00+00:00,0.023631925660917014
2023-04-27 00:00:00+00:00,0.024930706068080597
2023-04-28 00:00:00+00:00,0.025000744216363297
2023-04-29 00:00:00+00:00,0.02488800781740215
2023-04-30 00:00:00+00:00,0.02257633965188252
2023-05-01 00:00:00+00:00,0.0237153622627542
2023-05-02 00:00:00+00:00,0.024282350789750624
2023-05-03 00:00:00+00:00,0.024147390071435997
2023-05-04 00:00:00+00:00,0.024136572042279095
2023-05-05 00:00:00+00:00,0.024786703983579628
2023-05-06 00:00:00+00:00,0.02523333106176413
2023-05-07 00:00:00+00:00,0.024630790370115792
2023-05-08 00:00:00+00:00,0.023905995433464573
2023-05-09 00:00:00+00:00,0.021103943680704736
2023-05-10 00:00:00+00:00,0.020704552413664857
2023-05-11 00:00:00+00:00,0.019835863147180124
2023-05-12 00:00:00+00:00,0.019261960195101256
2023-05-13 00:00:00+00:00,0.019202718134255812
2023-05-14 00:00:00+00:00,0.019255097229632142
2023-05-15 00:00:00+00:00,0.01813330054671313
2023-05-16 00:00:00+00:00,0.01808806339600199
2023-05-17 00:00:00+00:00,0.01603207264681844
2023-05-18 00:00:00+00:00,0.016518720682196248
2023-05-19 00:00:00+00:00,0.01658019166775559
2023-05-20 00:00:00+00:00,0.01678707375167061
2023-05-21 00:00:00+00:00,0.014683755675121007
2023-05-22 00:00:00+00:00,0.013678283283160822
2023-05-23 00:00:00+00:00,0.013763469511456398
2023-05-24 00:00:00+00:00,0.015269101200153496
2023-05-25 00:00:00+00:00,0.014053336053737427
2023-05-26 00:00:00+00:00,0.013792698335367065
2023-05-27 00:00:00+00:00,0.013699753141799218
2023-05-28 00:00:00+00:00,0.016253937182001677
2023-05-29 00:00:00+00:00,0.016489946308691612
2023-05-30 00:00:00+00:00,0.016492228604952534
2023-05-31 00:00:00+00:00,0.016136608746925057
2023-06-01 00:00:00+00:00,0.016415431656306434
2023-06-02 00:00:00+00:00,0.016781405076054697
2023-06-03 00:00:00+00:00,0.016826424379400077
2023-06-04 00:00:00+00:00,0.016706771169925805
2023-06-05 00:00:00+00:00,0.020253535598933742
2023-06-06 00:00:00+00:00,0.02418783803363745
2023-06-07 00:00:00+00:00,0.024840450288144685
2023-06-08 00:00:00+00:00,0.024878259337675228
2023-06-09 00:00:00+00:00,0.024794097126839647
2023-06-10 00:00:00+00:00,0.025195921084094092
2023-06-11 00:00:00+00:00,0.025190418279779334
2023-06-12 00:00:00+00:00,0.024935786814646373
2023-06-13 00:00:00+00:00,0.02388011189830304
2023-06-14 00:00:00+00:00,0.02478047657344237
2023-06-15 00:00:00+00:00,0.02511152229709581
2023-06-16 00:00:00+00:00,0.02601488031593545
2023-06-17 00:00:00+00:00,0.023781012506710317
2023-06-18 00:00:00+00:00,0.02370567415757085
2023-06-19 00:00:00+00:00,0.024187704017491547
2023-06-20 00:00:00+00:00,0.02686052850859451
2023-06-21 00:00:00+00:00,0.02940665286402868
2023-06-22 00:00:00+00:00,0.029386827981979984
2023-06-23 00:00:00+00:00,0.029646879842140768
2023-06-24 00:00:00+00:00,0.029749187458966087
2023-06-25 00:00:00+00:00,0.026615440257580614
2023-06-26 00:00:00+00:00,0.02408777420894332
2023-06-27 00:00:00+00:00,0.022384896047700425
2023-06-28 00:00:00+00:00,0.02324271305994898
2023-06-29 00:00:00+00:00,0.0232078202518596
2023-06-30 00:00:00+00:00,0.022081506936924587
2023-07-01 00:00:00+00:00,0.022075840132031697
2023-07-02 00:00:00+00:00,0.022039459640626074
2023-07-03 00:00:00+00:00,0.02205270839934465
2023-07-04 00:00:00+00:00,0.020601321105258252
2023-07-05 00:00:00+00:00,0.0209180893080609
2023-07-06 00:00:00+00:00,0.021308581326567728
2023-07-07 00:00:00+00:00,0.02139267388321464
2023-07-08 00:00:00+00:00,0.021260294347872
2023-07-09 00:00:00+00:00,0.021208596151467397
2023-07-10 00:00:00+00:00,0.017910638623085638
2023-07-11 00:00:00+00:00,0.012250099454628068
2023-07-12 00:00:00+00:00,0.012373777319944868
2023-07-13 00:00:00+00:00,0.01341178623988064
2023-07-14 00:00:00+00:00,0.015798760730116095
2023-07-15 00:00:00+00:00,0.015793101393809038
2023-07-16 00:00:00+00:00,0.01573175468750052
2023-07-17 00:00:00+00:00,0.015394143795115276
2023-07-18 00:00:00+00:00,0.014864471226900954
2023-07-19 00:00:00+00:00,0.014579219757725245
2023-07-20 00:00:00+00:00,0.014587570527715863
2023-07-21 00:00:00+00:00,0.014582188495143537
2023-07-22 00:00:00+00:00,0.01458464556741043
2023-07-23 00:00:00+00:00,0.01414771723638458
2023-07-24 00:00:00+00:00,0.015358942475839675
2023-07-25 00:00:00+00:00,0.01532093803269816
2023-07-26 00:00:00+00:00,0.014773945380206224
2023-07-27 00:00:00+00:00,0.014308974782542642
2023-07-28 00:00:00+00:00,0.01435079419304632
2023-07-29 00:00:00+00:00,0.014350968925090997
2023-07-30 00:00:00+00:00,0.014173697970527406
2023-07-31 00:00:00+00:00,0.014024946990173709
2023-08-01 00:00:00+00:00,0.014537956492257196
2023-08-02 00:00:00+00:00,0.012191806301523249
2023-08-03 00:00:00+00:00,0.009477534649984085
2023-08-04 00:00:00+00:00,0.009475887176270268
2023-08-05 00:00:00+00:00,0.009476538371594968
2023-08-06 00:00:00+00:00,0.009487638624510021
2023-08-07 00:00:00+00:00,0.00940300592864138
2023-08-08 00:00:00+00:00,0.01042606490358786
2023-08-09 00:00:00+00:00,0.010489988409084916
2023-08-10 00:00:00+00:00,0.010486925908980104
2023-08-11 00:00:00+00:00,0.01046513943319044
2023-08-12 00:00:00+00:00,0.010184634890829842
2023-08-13 00:00:00+00:00,0.007610680986189283
2023-08-14 00:00:00+00:00,0.0076589842349337744
2023-08-15 00:00:00+00:00,0.007813932298651674
2023-08-16 00:00:00+00:00,0.008544115634735868
2023-08-17 00:00:00+00:00,0.018265768928761854
2023-08-18 00:00:00+00:00,0.01857895694441536
2023-08-19 00:00:00+00:00,0.01864242460262712
2023-08-20 00:00:00+00:00,0.018733541374665406
2023-08-21 00:00:00+00:00,0.01805873024209437
2023-08-22 00:00:00+00:00,0.01787496886412296
2023-08-23 00:00:00+00:00,0.018390180021994374
2023-08-24 00:00:00+00:00,0.018413323722792377
2023-08-25 00:00:00+00:00,0.018393548339645405
2023-08-26 00:00:00+00:00,0.018363328339975178
2023-08-27 00:00:00+00:00,0.01833781288238649
2023-08-28 00:00:00+00:00,0.017479416940913893
2023-08-29 00:00:00+00:00,0.02309212948207574
2023-08-30 00:00:00+00:00,0.023247983827452235
2023-08-31 00:00:00+00:00,0.0254258752881703
2023-09-01 00:00:00+00:00,0.025386237984395266
2023-09-02 00:00:00+00:00,0.02545897668123958
2023-09-03 00:00:00+00:00,0.025450549584375266
2023-09-04 00:00:00+00:00,0.02544656990834861
2023-09-05 00:00:00+00:00,0.025346943807512977
2023-09-06 00:00:00+00:00,0.019602554280455715
2023-09-07 00:00:00+00:00,0.01953333307884869
2023-09-08 00:00:00+00:00,0.019767376473217593
2023-09-09 00:00:00+00:00,0.019748925817083297
2023-09-10 00:00:00+00:00,0.01974843824761546
2023-09-11 00:00:00+00:00,0.020581355593749465
2023-09-12 00:00:00+00:00,0.021269028167304752
2023-09-13 00:00:00+00:00,0.021444270459159
2023-09-14 00:00:00+00:00,0.021552094510911207
2023-09-15 00:00:00+00:00,0.021545707177270296
2023-09-16 00:00:00+00:00,0.02154970920761053
2023-09-17 00:00:00+00:00,0.02155575917498982
2023-09-18 00:00:00+00:00,0.016446136751890512
2023-09-19 00:00:00+00:00,0.01661594545763671
2023-09-20 00:00:00+00:00,0.011856150740928944
2023-09-21 00:00:00+00:00,0.012822013234796386
2023-09-22 00:00:00+00:00,0.012822089869621772
2023-09-23 00:00:00+00:00,0.012812768205299025
2023-09-24 00:00:00+00:00,0.013087058264487738
2023-09-25 00:00:00+00:00,0.013079240617045918
2023-09-26 00:00:00+00:00,0.013104032081779977
2023-09-27 00:00:00+00:00,0.012446997339683206
2023-09-28 00:00:00+00:00,0.013143666265330383
2023-09-29 00:00:00+00:00,0.013211666745900134
2023-09-30 00:00:00+00:00,0.01317279165361888
2023-10-01 00:00:00+00:00,0.01371340968940365
2023-10-02 00:00:00+00:00,0.01366974428629705
2023-10-03 00:00:00+00:00,0.013442800875955332
2023-10-04 00:00:00+00:00,0.013495179723359006
2023-10-05 00:00:00+00:00,0.013939805141706061
2023-10-06 00:00:00+00:00,0.01444447331259832
2023-10-07 00:00:00+00:00,0.014422608577869435
2023-10-08 00:00:00+00:00,0.01437556233998434
2023-10-09 00:00:00+00:00,0.014270049994902194
2023-10-10 00:00:00+00:00,0.014358990257445777
2023-10-11 00:00:00+00:00,0.01422873032911203
2023-10-12 00:00:00+00:00,0.0142723949725719
2023-10-13 00:00:00+00:00,0.01429150774217544
2023-10-14 00:00:00+00:00,0.013967256439726423
2023-10-15 00:00:00+00:00,0.014145323433105492
2023-10-16 00:00:00+00:00,0.01767282690643091
2023-10-17 00:00:00+00:00,0.017758181175973827
2023-10-18 00:00:00+00:00,0.017117404575948268
2023-10-19 00:00:00+00:00,0.01722269036800062
2023-10-20 00:00:00+00:00,0.018464788500059393
2023-10-21 00:00:00+00:00,0.016760430828196938
2023-10-22 00:00:00+00:00,0.01600239508650502
2023-10-23 00:00:00+00:00,0.027042930039774985
2023-10-24 00:00:00+00:00,0.027275201987161435
2023-10-25 00:00:00+00:00,0.026728025380769065
2023-10-26 00:00:00+00:00,0.027105162933215576
2023-10-27 00:00:00+00:00,0.02732866182832276
2023-10-28 00:00:00+00:00,0.02721925902167456
2023-10-29 00:00:00+00:00,0.026721063404081095
2023-10-30 00:00:00+00:00,0.026537443906130054
2023-10-31 00:00:00+00:00,0.02561056584139205
2023-11-01 00:00:00+00:00,0.025354552142026646
2023-11-02 00:00:00+00:00,0.026024965401473414
2023-11-03 00:00:00+00:00,0.026230509297072366
2023-11-04 00:00:00+00:00,0.02623727005301637
2023-11-05 00:00:00+00:00,0.02495923508190787
2023-11-06 00:00:00+00:00,0.024840235393006643
2023-11-07 00:00:00+00:00,0.024637562930302483
2023-11-08 00:00:00+00:00,0.024656318255064858
2023-11-09 00:00:00+00:00,0.024520860533535502
2023-11-10 00:00:00+00:00,0.024539790083784353
2023-11-11 00:00:00+00:00,0.02473033652053094
2023-11-12 00:00:00+00:00,0.012242447292360908
2023-11-13 00:00:00+00:00,0.012234351526258798
2023-11-14 00:00:00+00:00,0.013386496948583538
2023-11-15 00:00:00+00:00,0.019190673219803393
2023-11-16 00:00:00+00:00,0.022089464949594247
2023-11-17 00:00:00+00:00,0.022177226784853118
2023-11-18 00:00:00+00:00,0.022094344769121185
2023-11-19 00:00:00+00:00,0.0224442441934728
2023-11-20 00:00:00+00:00,0.022447741779214457
2023-11-21 00:00:00+00:00,0.02457585112197251
2023-11-22 00:00:00+00:00,0.0263547317232297
2023-11-23 00:00:00+00:00,0.026296733607939295
2023-11-24 00:00:00+00:00,0.026313983506895882
2023-11-25 00:00:00+00:00,0.026289023134684585
2023-11-26 00:00:00+00:00,0.026441885704884465
2023-11-27 00:00:00+00:00,0.026471492102235015
2023-11-28 00:00:00+00:00,0.026612605690311503
2023-11-29 00:00:00+00:00,0.025850086278169326
2023-11-30 00:00:00+00:00,0.025644029694456227
2023-12-01 00:00:00+00:00,0.026179310625581962
2023-12-02 00:00:00+00:00,0.02644418228641287
2023-12-03 00:00:00+00:00,0.02610874990261407
2023-12-04 00:00:00+00:00,0.026997172170489053
2023-12-05 00:00:00+00:00,0.025495736379022787
2023-12-06 00:00:00+00:00,0.022625789965367262
2023-12-07 00:00:00+00:00,0.02309378847907896
2023-12-08 00:00:00+00:00,0.023121715120490733
2023-12-09 00:00:00+00:00,0.023360374692388587
2023-12-10 00:00:00+00:00,0.023369169174661295
2023-12-11 00:00:00+00:00,0.02496819018319355
2023-12-12 00:00:00+00:00,0.02320662541543731
2023-12-13 00:00:00+00:00,0.02391143748167248
2023-12-14 00:00:00+00:00,0.023905720299303063
2023-12-15 00:00:00+00:00,0.024943789360005592
2023-12-16 00:00:00+00:00,0.024717131749836523
2023-12-17 00:00:00+00:00,0.025365313378401252
2023-12-18 00:00:00+00:00,0.025916365751614247
2023-12-19 00:00:00+00:00,0.02611881273473051
2023-12-20 00:00:00+00:00,0.02669741835390491
2023-12-21 00:00:00+00:00,0.026374501312516216
2023-12-22 00:00:00+00:00,0.026202040650588863
2023-12-23 00:00:00+00:00,0.02626787808721425
2023-12-24 00:00:00+00:00,0.024323903314576487
2023-12-25 00:00:00+00:00,0.021773624293412588
2023-12-26 00:00:00+00:00,0.02239685413290829
2023-12-27 00:00:00+00:00,0.022826157988106912
2023-12-28 00:00:00+00:00,0.02273202933406043
2023-12-29 00:00:00+00:00,0.022760606121261483
2023-12-30 00:00:00+00:00,0.022760658498741534
2023-12-31 00:00:00+00:00,0.01852022644466571
2024-01-01 00:00:00+00:00,0.02091174797121031
2024-01-02 00:00:00+00:00,0.0200039446137884
2024-01-03 00:00:00+00:00,0.022835201253174196
2024-01-04 00:00:00+00:00,0.02299272919119124
2024-01-05 00:00:00+00:00,0.02296759140640416
2024-01-06 00:00:00+00:00,0.022340993125420778
2024-01-07 00:00:00+00:00,0.021374822236191367
2024-01-08 00:00:00+00:00,0.025923769141656137
2024-01-09 00:00:00+00:00,0.025589524614185618
2024-01-10 00:00:00+00:00,0.02566368812275313
2024-01-11 00:00:00+00:00,0.02576381402913306
2024-01-12 00:00:00+00:00,0.031314083457032155
2024-01-13 00:00:00+00:00,0.031097536016883982
2024-01-14 00:00:00+00:00,0.03146587824188937
2024-01-15 00:00:00+00:00,0.03129892220200868
2024-01-16 00:00:00+00:00,0.03109074896711234
2024-01-17 00:00:00+00:00,0.030805048385211854
2024-01-18 00:00:00+00:00,0.031662040312414666
2024-01-19 00:00:00+00:00,0.031715565290984356
2024-01-20 00:00:00+00:00,0.031705974203981004
2024-01-21 00:00:00+00:00,0.029879636589900484
2024-01-22 00:00:00+00:00,0.031157814004644235
2024-01-23 00:00:00+00:00,0.02975804092074176
2024-01-24 00:00:00+00:00,0.028767250258237634
2024-01-25 00:00:00+00:00,0.02875166563186804
2024-01-26 00:00:00+00:00,0.030947395716040164
2024-01-27 00:00:00+00:00,0.031014580458018047
2024-01-28 00:00:00+00:00,0.026221877826076975
2024-01-29 00:00:00+00:00,0.027185688543480722
2024-01-30 00:00:00+00:00,0.026989773847356884
2024-01-31 00:00:00+00:00,0.027001925865146957
2024-02-01 00:00:00+00:00,0.02102023624810084
2024-02-02 00:00:00+00:00,0.021024804367215665
2024-02-03 00:00:00+00:00,0.02011763753918225
2024-02-04 00:00:00+00:00,0.019864140807945546
2024-02-05 00:00:00+00:00,0.01958499241926361
2024-02-06 00:00:00+00:00,0.019596939068469096
2024-02-07 00:00:00+00:00,0.018812050522502777
2024-02-08 00:00:00+00:00,0.019196893315724783
2024-02-09 00:00:00+00:00,0.020815543553156023
2024-02-10 00:00:00+00:00,0.020752037164919763
2024-02-11 00:00:00+00:00,0.016119389457093427
2024-02-12 00:00:00+00:00,0.01693145857918236
2024-02-13 00:00:00+00:00,0.017238469762924147
2024-02-14 00:00:00+00:00,0.018240144660638342
2024-02-15 00:00:00+00:00,0.01660502392988407
2024-02-16 00:00:00+00:00,0.016642968268316082
2024-02-17 00:00:00+00:00,0.0170065292867664
2024-02-18 00:00:00+00:00,0.0163575774296739
2024-02-19 00:00:00+00:00,0.016280765698269407
2024-02-20 00:00:00+00:00,0.015726209424444713
2024-02-21 00:00:00+00:00,0.01623922433685395
2024-02-22 00:00:00+00:00,0.016805794649595425
2024-02-23 00:00:00+00:00,0.017117226932493877
2024-02-24 00:00:00+00:00,0.016630984353200744
2024-02-25 00:00:00+00:00,0.016627578646244926
2024-02-26 00:00:00+00:00,0.01924364284975349
2024-02-27 00:00:00+00:00,0.020464954519836275
2024-02-28 00:00:00+00:00,0.027432563780506465
2024-02-29 00:00:00+00:00,0.028022261502423863
2024-03-01 00:00:00+00:00,0.028067053315758282
2024-03-02 00:00:00+00:00,0.028428724906924958
2024-03-03 00:00:00+00:00,0.02804956459394378
2024-03-04 00:00:00+00:00,0.03169829210367789
2024-03-05 00:00:00+00:00,0.03604110542192392
2024-03-06 00:00:00+00:00,0.03641773407658164
2024-03-07 00:00:00+00:00,0.03637048051334157
2024-03-08 00:00:00+00:00,0.03600661827815775
2024-03-09 00:00:00+00:00,0.036088137059749906
2024-03-10 00:00:00+00:00,0.03576694823337631
2024-03-11 00:00:00+00:00,0.036364087898456875
2024-03-12 00:00:00+00:00,0.036394966688581526
2024-03-13 00:00:00+00:00,0.03582426510825706
2024-03-14 00:00:00+00:00,0.036457108566807415
2024-03-15 00:00:00+00:00,0.03778175228565263
2024-03-16 00:00:00+00:00,0.041393999166329506
2024-03-17 00:00:00+00:00,0.04111614356118691
2024-03-18 00:00:00+00:00,0.04058865537292895
2024-03-19 00:00:00+00:00,0.040474868050181356
2024-03-20 00:00:00+00:00,0.045312224059339275
2024-03-21 00:00:00+00:00,0.046059149597740205
2024-03-22 00:00:00+00:00,0.04648670450485109
2024-03-23 00:00:00+00:00,0.046340389628954794
2024-03-24 00:00:00+00:00,0.04399750277177379
2024-03-25 00:00:00+00:00,0.041910591653558905
2024-03-26 00:00:00+00:00,0.04125588327033872
2024-03-27 00:00:00+00:00,0.04128579956589134
2024-03-28 00:00:00+00:00,0.0412731510197717
2024-03-29 00:00:00+00:00,0.04142520371717769
2024-03-30 00:00:00+00:00,0.04140520003349839
2024-03-31 00:00:00+00:00,0.040490157114071876
2024-04-01 00:00:00+00:00,0.04077755577448829
2024-04-02 00:00:00+00:00,0.04246802192121804
2024-04-03 00:00:00+00:00,0.04232169806402465
2024-04-04 00:00:00+00:00,0.042911850840362996
2024-04-05 00:00:00+00:00,0.04058041920724842
2024-04-06 00:00:00+00:00,0.03934711623152666
2024-04-07 00:00:00+00:00,0.039251778775245216
2024-04-08 00:00:00+00:00,0.03414261819817284
2024-04-09 00:00:00+00:00,0.02851561268919723
2024-04-10 00:00:00+00:00,0.027544532097110733
2024-04-11 00:00:00+00:00,0.026812576421824278
2024-04-12 00:00:00+00:00,0.02874459169615942
2024-04-13 00:00:00+00:00,0.028556690197638727
2024-04-14 00:00:00+00:00,0.027714498085047525
2024-04-15 00:00:00+00:00,0.028560099534543613
2024-04-16 00:00:00+00:00,0.02864408244611269
2024-04-17 00:00:00+00:00,0.02917173202366418
2024-04-18 00:00:00+00:00,0.030624862773137227
2024-04-19 00:00:00+00:00,0.030703517014128788
2024-04-20 00:00:00+00:00,0.030409951069269987
2024-04-21 00:00:00+00:00,0.030099483821406824
2024-04-22 00:00:00+00:00,0.02770765487038024
2024-04-23 00:00:00+00:00,0.02771466788839222
2024-04-24 00:00:00+00:00,0.027149773471324783
2024-04-25 00:00:00+00:00,0.027130458465057045
2024-04-26 00:00:00+00:00,0.026859644985367224
2024-04-27 00:00:00+00:00,0.026751562724650468
2024-04-28 00:00:00+00:00,0.025321316265596753
2024-04-29 00:00:00+00:00,0.02468472314561262
2024-04-30 00:00:00+00:00,0.025992585318585695
2024-05-01 00:00:00+00:00,0.026890474717602607
2024-05-02 00:00:00+00:00,0.02611888093763644
2024-05-03 00:00:00+00:00,0.028666414194062958
2024-05-04 00:00:00+00:00,0.02820701627295091
2024-05-05 00:00:00+00:00,0.02710720024962461
2024-05-06 00:00:00+00:00,0.0272554746987357
2024-05-07 00:00:00+00:00,0.025869127666798917
2024-05-08 00:00:00+00:00,0.024854003299283573
2024-05-09 00:00:00+00:00,0.025850851675796063
2024-05-10 00:00:00+00:00,0.026670097792398772
2024-05-11 00:00:00+00:00,0.026672710788170555
2024-05-12 00:00:00+00:00,0.02582868586267469
2024-05-13 00:00:00+00:00,0.026540325079563915
2024-05-14 00:00:00+00:00,0.026028433768533678
2024-05-15 00:00:00+00:00,0.031218740195841834
2024-05-16 00:00:00+00:00,0.031302131356473445
2024-05-17 00:00:00+00:00,0.031780760596011835
2024-05-18 00:00:00+00:00,0.03173796313220505
2024-05-19 00:00:00+00:00,0.03179943254651524
2024-05-20 00:00:00+00:00,0.03355103588222136
2024-05-21 00:00:00+00:00,0.0323677858516884
2024-05-22 00:00:00+00:00,0.03279109010325528
2024-05-23 00:00:00+00:00,0.030425534008370777
2024-05-24 00:00:00+00:00,0.030319100927642527
2024-05-25 00:00:00+00:00,0.03035267968129764
2024-05-26 00:00:00+00:00,0.03029671068194589
2024-05-27 00:00:00+00:00,0.030053947403785662
2024-05-28 00:00:00+00:00,0.029935802285084436
2024-05-29 00:00:00+00:00,0.029570284511890036
2024-05-30 00:00:00+00:00,0.028050733056052685
2024-05-31 00:00:00+00:00,0.028318587164137963
2024-06-01 00:00:00+00:00,0.02829560579117744
2024-06-02 00:00:00+00:00,0.027977286787876664
2024-06-03 00:00:00+00:00,0.027406369425435863
2024-06-04 00:00:00+00:00,0.022614927556618612
2024-06-05 00:00:00+00:00,0.022226501632585573
2024-06-06 00:00:00+00:00,0.021633000580224913
2024-06-07 00:00:00+00:00,0.022240584518497714
2024-06-08 00:00:00+00:00,0.0220844698990606
2024-06-09 00:00:00+00:00,0.01316336646106715
2024-06-10 00:00:00+00:00,0.012545120984540645
2024-06-11 00:00:00+00:00,0.014122751664208651
2024-06-12 00:00:00+00:00,0.013990744644865495
2024-06-13 00:00:00+00:00,0.014682389002720205
2024-06-14 00:00:00+00:00,0.014549781262222863
2024-06-15 00:00:00+00:00,0.014431521276458378
2024-06-16 00:00:00+00:00,0.014133410601422052
2024-06-17 00:00:00+00:00,0.013800467267223717
2024-06-18 00:00:00+00:00,0.014273766164942995
2024-06-19 00:00:00+00:00,0.013987119489147304
2024-06-20 00:00:00+00:00,0.013809535740305705
2024-06-21 00:00:00+00:00,0.01389979697223403
2024-06-22 00:00:00+00:00,0.013924622037786764
2024-06-23 00:00:00+00:00,0.013575179191157308
2024-06-24 00:00:00+00:00,0.014788187856498294
2024-06-25 00:00:00+00:00,0.016168564922945126
2024-06-26 00:00:00+00:00,0.016262268559510514
2024-06-27 00:00:00+00:00,0.016620090208351836
2024-06-28 00:00:00+00:00,0.016903126728406607
2024-06-29 00:00:00+00:00,0.017088069892880538
2024-06-30 00:00:00+00:00,0.018854662965473147
2024-07-01 00:00:00+00:00,0.017788758939544715
2024-07-02 00:00:00+00:00,0.017406364843651257
2024-07-03 00:00:00+00:00,0.01799662486108698
2024-07-04 00:00:00+00:00,0.020881103911405227
2024-07-05 00:00:00+00:00,0.020751448631469566
2024-07-06 00:00:00+00:00,0.02205133001489234
2024-07-07 00:00:00+00:00,0.02330803465878676
2024-07-08 00:00:00+00:00,0.023720636199989254
2024-07-09 00:00:00+00:00,0.02466056311965969
2024-07-10 00:00:00+00:00,0.0246450174119881
2024-07-11 00:00:00+00:00,0.02461098240256418
2024-07-12 00:00:00+00:00,0.02478921789363568
2024-07-13 00:00:00+00:00,0.02537221625821649
2024-07-14 00:00:00+00:00,0.024052908447633532
2024-07-15 00:00:00+00:00,0.027530269560273803
2024-07-16 00:00:00+00:00,0.027207805865923862
2024-07-17 00:00:00+00:00,0.027394775002580442
2024-07-18 00:00:00+00:00,0.026879321940216618
2024-07-19 00:00:00+00:00,0.028213712483211265
2024-07-20 00:00:00+00:00,0.027633120400738426
2024-07-21 00:00:00+00:00,0.027748668838889587
2024-07-22 00:00:00+00:00,0.027666063345920915
2024-07-23 00:00:00+00:00,0.027212615438197137
2024-07-24 00:00:00+00:00,0.02391003129135911
2024-07-25 00:00:00+00:00,0.023667673318125804
2024-07-26 00:00:00+00:00,0.023853095149008467
2024-07-27 00:00:00+00:00,0.02105195853174369
2024-07-28 00:00:00+00:00,0.02103897128025927
2024-07-29 00:00:00+00:00,0.02185009591162592
2024-07-30 00:00:00+00:00,0.02196625444566828
2024-07-31 00:00:00+00:00,0.02283083728191272
2024-08-01 00:00:00+00:00,0.022846560372327646
2024-08-02 00:00:00+00:00,0.026736631132583403
2024-08-03 00:00:00+00:00,0.02628379401288961
2024-08-04 00:00:00+00:00,0.02315701311103328
2024-08-05 00:00:00+00:00,0.027312495971788628
2024-08-06 00:00:00+00:00,0.02912628853216759
2024-08-07 00:00:00+00:00,0.02917926914458461
2024-08-08 00:00:00+00:00,0.03929522595945876
2024-08-09 00:00:00+00:00,0.03928387843093285
2024-08-10 00:00:00+00:00,0.03904372489297385
2024-08-11 00:00:00+00:00,0.03966552460727912
2024-08-12 00:00:00+00:00,0.039618300657116655
2024-08-13 00:00:00+00:00,0.04000664286878648
2024-08-14 00:00:00+00:00,0.040426700637056105
2024-08-15 00:00:00+00:00,0.03957818053436874
2024-08-16 00:00:00+00:00,0.04014665484927104
2024-08-17 00:00:00+00:00,0.040243964666781866
2024-08-18 00:00:00+00:00,0.04018000545748243
2024-08-19 00:00:00+00:00,0.040503308142366024
2024-08-20 00:00:00+00:00,0.04026429971625744
2024-08-21 00:00:00+00:00,0.041136941768559164
2024-08-22 00:00:00+00:00,0.039042245348826235
2024-08-23 00:00:00+00:00,0.04118658724768726
2024-08-24 00:00:00+00:00,0.039794674020501915
2024-08-25 00:00:00+00:00,0.03549708883031499
2024-08-26 00:00:00+00:00,0.03550088273499663
2024-08-27 00:00:00+00:00,0.03774517059320639
2024-08-28 00:00:00+00:00,0.026463809065648974
2024-08-29 00:00:00+00:00,0.026358494353142952
2024-08-30 00:00:00+00:00,0.02636109033042341
2024-08-31 00:00:00+00:00,0.025041673851166388
2024-09-01 00:00:00+00:00,0.025717012899801075
2024-09-02 00:00:00+00:00,0.026332777163999555
2024-09-03 00:00:00+00:00,0.026123840004535694
2024-09-04 00:00:00+00:00,0.02581194800733046
2024-09-05 00:00:00+00:00,0.026161777018813562
2024-09-06 00:00:00+00:00,0.0272662859869652
2024-09-07 00:00:00+00:00,0.0271352839334197
2024-09-08 00:00:00+00:00,0.026981686808995466
2024-09-09 00:00:00+00:00,0.02863539937310904
2024-09-10 00:00:00+00:00,0.027404516382821147
2024-09-11 00:00:00+00:00,0.027308911021247755
2024-09-12 00:00:00+00:00,0.02335809521934102
2024-09-13 00:00:00+00:00,0.025441359980367336
2024-09-14 00:00:00+00:00,0.025457307466453468
2024-09-15 00:00:00+00:00,0.025231214690752325
2024-09-16 00:00:00+00:00,0.022375294631015858
2024-09-17 00:00:00+00:00,0.023785393991535942
2024-09-18 00:00:00+00:00,0.024308496543291654
2024-09-19 00:00:00+00:00,0.024548064560842908
2024-09-20 00:00:00+00:00,0.024508011104237473
2024-09-21 00:00:00+00:00,0.02332415877822456
2024-09-22 00:00:00+00:00,0.02246464770632667
2024-09-23 00:00:00+00:00,0.021292643441855684
2024-09-24 00:00:00+00:00,0.021387764949566058
2024-09-25 00:00:00+00:00,0.02036493263444917
2024-09-26 00:00:00+00:00,0.01810133625150492
2024-09-27 00:00:00+00:00,0.018047624538037023
2024-09-28 00:00:00+00:00,0.018129735350177416
2024-09-29 00:00:00+00:00,0.016872944930495945
2024-09-30 00:00:00+00:00,0.019256963389084905
2024-10-01 00:00:00+00:00,0.02162358756943647
2024-10-02 00:00:00+00:00,0.021507801759121117
2024-10-03 00:00:00+00:00,0.019523952189157576
2024-10-04 00:00:00+00:00,0.019980082174095342
2024-10-05 00:00:00+00:00,0.019623335432476068
2024-10-06 00:00:00+00:00,0.01925296880073465
2024-10-07 00:00:00+00:00,0.017905348199127057
2024-10-08 00:00:00+00:00,0.017125088458244866
2024-10-09 00:00:00+00:00,0.017393854609016074
2024-10-10 00:00:00+00:00,0.01735488691772997
2024-10-11 00:00:00+00:00,0.019404883307404856
2024-10-12 00:00:00+00:00,0.019545898003825012
2024-10-13 00:00:00+00:00,0.019564357369546176
2024-10-14 00:00:00+00:00,0.022502315922532913
2024-10-15 00:00:00+00:00,0.0222293821621629
2024-10-16 00:00:00+00:00,0.021221409794278088
2024-10-17 00:00:00+00:00,0.021180904869366107
2024-10-18 00:00:00+00:00,0.021393814530691512
2024-10-19 00:00:00+00:00,0.02135868612454515
2024-10-20 00:00:00+00:00,0.019543054998503034
2024-10-21 00:00:00+00:00,0.017903272164169207
2024-10-22 00:00:00+00:00,0.017842128864378973
2024-10-23 00:00:00+00:00,0.018216017725714025
2024-10-24 00:00:00+00:00,0.018266697678562763
2024-10-25 00:00:00+00:00,0.019207457292609822
2024-10-26 00:00:00+00:00,0.01911184732692138
2024-10-27 00:00:00+00:00,0.01899127603974138
2024-10-28 00:00:00+00:00,0.019665630671487598
2024-10-29 00:00:00+00:00,0.01963960029005724
2024-10-30 00:00:00+00:00,0.019650465103241893
2024-10-31 00:00:00+00:00,0.0202545632888251
2024-11-01 00:00:00+00:00,0.02058531069718689
2024-11-02 00:00:00+00:00,0.020506799634534646
2024-11-03 00:00:00+00:00,0.017600888813232247
2024-11-04 00:00:00+00:00,0.01765813231407458
2024-11-05 00:00:00+00:00,0.01825328447508046
2024-11-06 00:00:00+00:00,0.02677199105784078
2024-11-07 00:00:00+00:00,0.026693471059206265
2024-11-08 00:00:00+00:00,0.02666041099584364
2024-11-09 00:00:00+00:00,0.026658946420557383
2024-11-10 00:00:00+00:00,0.027319825246097048
2024-11-11 00:00:00+00:00,0.03432385799183772
2024-11-12 00:00:00+00:00,0.034199512734948825
2024-11-13 00:00:00+00:00,0.03427494688865019
2024-11-14 00:00:00+00:00,0.03502962944829692
2024-11-15 00:00:00+00:00,0.035527789234161285
2024-11-16 00:00:00+00:00,0.035831947703348556
2024-11-17 00:00:00+00:00,0.03603940220672656
2024-11-18 00:00:00+00:00,0.03551463154459275
2024-11-19 00:00:00+00:00,0.03533558318643746
2024-11-20 00:00:00+00:00,0.034008681733146216
2024-11-21 00:00:00+00:00,0.03392829652902305
2024-11-22 00:00:00+00:00,0.03373741377828425
2024-11-23 00:00:00+00:00,0.033903285674115706
2024-11-24 00:00:00+00:00,0.03330515761400295
2024-11-25 00:00:00+00:00,0.03667551454924892
2024-11-26 00:00:00+00:00,0.03267520018146854
2024-11-27 00:00:00+00:00,0.03339847428578597
2024-11-28 00:00:00+00:00,0.03355006988013101
2024-11-29 00:00:00+00:00,0.03350855694950521
2024-11-30 00:00:00+00:00,0.032800019650062934
2024-12-01 00:00:00+00:00,0.024361693135950973
2024-12-02 00:00:00+00:00,0.024562322420194488
2024-12-03 00:00:00+00:00,0.02397164805251153
2024-12-04 00:00:00+00:00,0.022941854837299668
2024-12-05 00:00:00+00:00,0.021824519310500456
2024-12-06 00:00:00+00:00,0.022445970519315652
2024-12-07 00:00:00+00:00,0.02225844237424925
2024-12-08 00:00:00+00:00,0.022317088864434814
2024-12-09 00:00:00+00:00,0.02405222211288181
2024-12-10 00:00:00+00:00,0.02373907536417265
2024-12-11 00:00:00+00:00,0.024135688498995292
2024-12-12 00:00:00+00:00,0.024278503760774055
2024-12-13 00:00:00+00:00,0.024245743881619982
2024-12-14 00:00:00+00:00,0.024250697749629065
2024-12-15 00:00:00+00:00,0.021682703023547
2024-12-16 00:00:00+00:00,0.021378779264365207
2024-12-17 00:00:00+00:00,0.019755720288503087
2024-12-18 00:00:00+00:00,0.024011742713548993
2024-12-19 00:00:00+00:00,0.024577839036894394
2024-12-20 00:00:00+00:00,0.024446185769220235
2024-12-21 00:00:00+00:00,0.024425161907672237
2024-12-22 00:00:00+00:00,0.024724231542867296
2024-12-23 00:00:00+00:00,0.024734200245800197
2024-12-24 00:00:00+00:00,0.025541997640929934
2024-12-25 00:00:00+00:00,0.02526864918446369
2024-12-26 00:00:00+00:00,0.025782964840708782
2024-12-27 00:00:00+00:00,0.02595816217821392
2024-12-28 00:00:00+00:00,0.0258948620941736
2024-12-29 00:00:00+00:00,0.024774715856368458
2024-12-30 00:00:00+00:00,0.024819799567675337
2024-12-31 00:00:00+00:00,0.02220567361488773
2025-01-01 00:00:00+00:00,0.02235974230660174
2025-01-02 00:00:00+00:00,0.022927552769209786
2025-01-03 00:00:00+00:00,0.023146470239183762
2025-01-04 00:00:00+00:00,0.021950116500877123
2025-01-05 00:00:00+00:00,0.02156425830023608
2025-01-06 00:00:00+00:00,0.02360084506686085
2025-01-07 00:00:00+00:00,0.02310431216502949
2025-01-08 00:00:00+00:00,0.022703867417216275
2025-01-09 00:00:00+00:00,0.02336548136802441
2025-01-10 00:00:00+00:00,0.02406037936037331
2025-01-11 00:00:00+00:00,0.023569475428682537
2025-01-12 00:00:00+00:00,0.0235582734804337
2025-01-13 00:00:00+00:00,0.021622452472522938
2025-01-14 00:00:00+00:00,0.022153026175705096
2025-01-15 00:00:00+00:00,0.02240576794179747
2025-01-16 00:00:00+00:00,0.022076824325928352
2025-01-17 00:00:00+00:00,0.02360129268785501
2025-01-18 00:00:00+00:00,0.0230759791043383
2025-01-19 00:00:00+00:00,0.024260693743353597
2025-01-20 00:00:00+00:00,0.02426703644221331
2025-01-21 00:00:00+00:00,0.025360832253782693
2025-01-22 00:00:00+00:00,0.025729586344358697
2025-01-23 00:00:00+00:00,0.02565150350278754
2025-01-24 00:00:00+00:00,0.02567813398669364
2025-01-25 00:00:00+00:00,0.025696440819401492
2025-01-26 00:00:00+00:00,0.02475540422779873
2025-01-27 00:00:00+00:00,0.02158301490212142
2025-01-28 00:00:00+00:00,0.021084818245734712
2025-01-29 00:00:00+00:00,0.02031841032986875
2025-01-30 00:00:00+00:00,0.019919012382678163
2025-01-31 00:00:00+00:00,0.020786884585151977
2025-02-01 00:00:00+00:00,0.021329076735761354
2025-02-02 00:00:00+00:00,0.022532132949773104
2025-02-03 00:00:00+00:00,0.023502209150702426
2025-02-04 00:00:00+00:00,0.02315675607512813
2025-02-05 00:00:00+00:00,0.023265009826311227
2025-02-06 00:00:00+00:00,0.021030845456448063
2025-02-07 00:00:00+00:00,0.020957875013017956
2025-02-08 00:00:00+00:00,0.019970914339946483
2025-02-09 00:00:00+00:00,0.019800383046261492
2025-02-10 00:00:00+00:00,0.01764530560709545
2025-02-11 00:00:00+00:00,0.017356906770009433
2025-02-12 00:00:00+00:00,0.018251787716462815
2025-02-13 00:00:00+00:00,0.018152034601542844
2025-02-14 00:00:00+00:00,0.018383310422403976
2025-02-15 00:00:00+00:00,0.017963057502910898
2025-02-16 00:00:00+00:00,0.018172255292514695
2025-02-17 00:00:00+00:00,0.018142876466141336
2025-02-18 00:00:00+00:00,0.017064851382934558
2025-02-19 00:00:00+00:00,0.017091331010837815
2025-02-20 00:00:00+00:00,0.017155217809584667
2025-02-21 00:00:00+00:00,0.01737352259527314
2025-02-22 00:00:00+00:00,0.016196726631431076
2025-02-23 00:00:00+00:00,0.013565603693961792
2025-02-24 00:00:00+00:00,0.015509776708096102
2025-02-25 00:00:00+00:00,0.016659499808342568
2025-02-26 00:00:00+00:00,0.019518105349959482
2025-02-27 00:00:00+00:00,0.01966056405337104
2025-02-28 00:00:00+00:00,0.019622433908346015
2025-03-01 00:00:00+00:00,0.02048118385203909
2025-03-02 00:00:00+00:00,0.030375772370515277
2025-03-03 00:00:00+00:00,0.03563951631443978
2025-03-04 00:00:00+00:00,0.035329202591275435
2025-03-05 00:00:00+00:00,0.03655620133395632
2025-03-06 00:00:00+00:00,0.03646285224202016
2025-03-07 00:00:00+00:00,0.03711114495649304
2025-03-08 00:00:00+00:00,0.03704357044786278
2025-03-09 00:00:00+00:00,0.03930793343099353
2025-03-10 00:00:00+00:00,0.03949090698119597
2025-03-11 00:00:00+00:00,0.04185538920364481
2025-03-12 00:00:00+00:00,0.04164836989572363
2025-03-13 00:00:00+00:00,0.04186158715567734
2025-03-14 00:00:00+00:00,0.04289703528340299
2025-03-15 00:00:00+00:00,0.042954863262936474
2025-03-16 00:00:00+00:00,0.04191837983873416
2025-03-17 00:00:00+00:00,0.041678960006527786
2025-03-18 00:00:00+00:00,0.04027365543776836
2025-03-19 00:00:00+00:00,0.04179915878449188
2025-03-20 00:00:00+00:00,0.04240423350572793
2025-03-21 00:00:00+00:00,0.04215489303565502
2025-03-22 00:00:00+00:00,0.03564199039639295
2025-03-23 00:00:00+00:00,0.030869780459597658
2025-03-24 00:00:00+00:00,0.03096764300784915
2025-03-25 00:00:00+00:00,0.029682815820037824
2025-03-26 00:00:00+00:00,0.02966541158272582
2025-03-27 00:00:00+00:00,0.028606434072875404
2025-03-28 00:00:00+00:00,0.02950427172919607
2025-03-29 00:00:00+00:00,0.02605089203471158
2025-03-30 00:00:00+00:00,0.025241493450716957
2025-03-31 00:00:00+00:00,0.0220115076005786
2025-04-01 00:00:00+00:00,0.02305307126092973
2025-04-02 00:00:00+00:00,0.02308081828668385
2025-04-03 00:00:00+00:00,0.021724204849719854
2025-04-04 00:00:00+00:00,0.021783900125749146
2025-04-05 00:00:00+00:00,0.02125513672499747
2025-04-06 00:00:00+00:00,0.024959682260871897
2025-04-07 00:00:00+00:00,0.02493255519073955
2025-04-08 00:00:00+00:00,0.02283937695170853
2025-04-09 00:00:00+00:00,0.029519340556934327
2025-04-10 00:00:00+00:00,0.030590980549577842
2025-04-11 00:00:00+00:00,0.03258518251940194
2025-04-12 00:00:00+00:00,0.032406705012350864
2025-04-13 00:00:00+00:00,0.03239778799954974
2025-04-14 00:00:00+00:00,0.032501990953132075
2025-04-15 00:00:00+00:00,0.032567044113697145
2025-04-16 00:00:00+00:00,0.03257517108582142
2025-04-17 00:00:00+00:00,0.03184676765846969
2025-04-18 00:00:00+00:00,0.031474649333336296
2025-04-19 00:00:00+00:00,0.031477823573869655
2025-04-20 00:00:00+00:00,0.031478420326179896
2025-04-21 00:00:00+00:00,0.031285925244417506
2025-04-22 00:00:00+00:00,0.03353916513416351
2025-04-23 00:00:00+00:00,0.03354888657036199
2025-04-24 00:00:00+00:00,0.03355472718507633
2025-04-25 00:00:00+00:00,0.033465056502813784
2025-04-26 00:00:00+00:00,0.029491569147099515
2025-04-27 00:00:00+00:00,0.02980046700466798
2025-04-28 00:00:00+00:00,0.027877846623772903
2025-04-29 00:00:00+00:00,0.022569507109678817
2025-04-30 00:00:00+00:00,0.020266546755622606
2025-05-01 00:00:00+00:00,0.018476958864035314
2025-05-02 00:00:00+00:00,0.01815679005006701
2025-05-03 00:00:00+00:00,0.017717359708854807
2025-05-04 00:00:00+00:00,0.01844908183987526
2025-05-05 00:00:00+00:00,0.018024344935823524
2025-05-06 00:00:00+00:00,0.01835758077402807
2025-05-07 00:00:00+00:00,0.018372245371106367
2025-05-08 00:00:00+00:00,0.02213557768299875
2025-05-09 00:00:00+00:00,0.022321543165225416
2025-05-10 00:00:00+00:00,0.02229355234775281
2025-05-11 00:00:00+00:00,0.02224386478871816
2025-05-12 00:00:00+00:00,0.017908806038743976
2025-05-13 00:00:00+00:00,0.017983873683916452
2025-05-14 00:00:00+00:00,0.018151520195167952
2025-05-15 00:00:00+00:00,0.01815337405859699
2025-05-16 00:00:00+00:00,0.018203194047472768
2025-05-17 00:00:00+00:00,0.018009625655996
2025-05-18 00:00:00+00:00,0.0189452490961379
2025-05-19 00:00:00+00:00,0.01895811212405591
2025-05-20 00:00:00+00:00,0.018937103132828485
2025-05-21 00:00:00+00:00,0.019017326341733712
2025-05-22 00:00:00+00:00,0.019197247583083738
2025-05-23 00:00:00+00:00,0.021523339434366462
2025-05-24 00:00:00+00:00,0.020880730042971807
2025-05-25 00:00:00+00:00,0.02089935420076367
2025-05-26 00:00:00+00:00,0.020609593469561663
2025-05-27 00:00:00+00:00,0.020733731732942018
2025-05-28 00:00:00+00:00,0.015853698552671946
2025-05-29 00:00:00+00:00,0.01661519950271286
2025-05-30 00:00:00+00:00,0.016535013344483197
2025-05-31 00:00:00+00:00,0.016518014533125017
2025-06-01 00:00:00+00:00,0.016352096917349263
2025-06-02 00:00:00+00:00,0.016137444664694255
2025-06-03 00:00:00+00:00,0.016113873014563667
2025-06-04 00:00:00+00:00,0.01619489860074609
2025-06-05 00:00:00+00:00,0.017615409144358433
2025-06-06 00:00:00+00:00,0.01869062060797149
2025-06-07 00:00:00+00:00,0.01739947395473139
2025-06-08 00:00:00+00:00,0.017301145294406257
2025-06-09 00:00:00+00:00,0.01962162912082011
2025-06-10 00:00:00+00:00,0.018763028725168517
2025-06-11 00:00:00+00:00,0.018540504243742425
2025-06-12 00:00:00+00:00,0.017420353553007518
2025-06-13 00:00:00+00:00,0.017414867033391637
2025-06-14 00:00:00+00:00,0.01721167496194081
2025-06-15 00:00:00+00:00,0.0171812884308525
2025-06-16 00:00:00+00:00,0.017407038692565064
2025-06-17 00:00:00+00:00,0.017862953112609166
2025-06-18 00:00:00+00:00,0.01731454173259548
2025-06-19 00:00:00+00:00,0.016962025731866077
2025-06-20 00:00:00+00:00,0.01716950243184552
2025-06-21 00:00:00+00:00,0.01714700773353347
2025-06-22 00:00:00+00:00,0.01725952528580873
2025-06-23 00:00:00+00:00,0.020014509213933922
2025-06-24 00:00:00+00:00,0.02000815342481529
2025-06-25 00:00:00+00:00,0.018720010009176436
2025-06-26 00:00:00+00:00,0.017855533098135763
2025-06-27 00:00:00+00:00,0.017676754623340025
2025-06-28 00:00:00+00:00,0.01767884447441522
2025-06-29 00:00:00+00:00,0.014876483010902863
2025-06-30 00:00:00+00:00,0.015054299319244187
2025-07-01 00:00:00+00:00,0.015004592175065657
2025-07-02 00:00:00+00:00,0.015233967478727854
2025-07-03 00:00:00+00:00,0.015271226860371676
2025-07-04 00:00:00+00:00,0.015614493480580787
2025-07-05 00:00:00+00:00,0.015614977698654506
2025-07-06 00:00:00+00:00,0.015551578349201282
2025-07-07 00:00:00+00:00,0.014850132802263109
2025-07-08 00:00:00+00:00,0.014878056779830564
2025-07-09 00:00:00+00:00,0.015441865088603969
2025-07-10 00:00:00+00:00,0.017312599972859277
2025-07-11 00:00:00+00:00,0.016880455977298644
2025-07-12 00:00:00+00:00,0.016434540358243002
2025-07-13 00:00:00+00:00,0.01426392831464419
2025-07-14 00:00:00+00:00,0.01426251773387605
2025-07-15 00:00:00+00:00,0.01512583936861177
2025-07-16 00:00:00+00:00,0.015003760224193276
2025-07-17 00:00:00+00:00,0.014969987296693627
2025-07-18 00:00:00+00:00,0.015382200206201341
2025-07-19 00:00:00+00:00,0.01538217458922056
2025-07-20 00:00:00+00:00,0.015110729176777733
2025-07-21 00:00:00+00:00,0.014520051717223493
2025-07-22 00:00:00+00:00,0.013899890380707464
2025-07-23 00:00:00+00:00,0.01428508517975368
2025-07-24 00:00:00+00:00,0.01372343044913673
2025-07-25 00:00:00+00:00,0.01392609672200004
2025-07-26 00:00:00+00:00,0.013879390224145723
2025-07-27 00:00:00+00:00,0.01368120814096952
2025-07-28 00:00:00+00:00,0.01415470012703962
2025-07-29 00:00:00+00:00,0.013603445376768861
2025-07-30 00:00:00+00:00,0.009847055007591515
2025-07-31 00:00:00+00:00,0.01022221774075195
2025-08-01 00:00:00+00:00,0.011212767719785986
2025-08-02 00:00:00+00:00,0.010607281926127097
2025-08-03 00:00:00+00:00,0.011142470344426336
2025-08-04 00:00:00+00:00,0.010753817578562544
2025-08-05 00:00:00+00:00,0.010664624689020628
2025-08-06 00:00:00+00:00,0.010778686807668792
2025-08-07 00:00:00+00:00,0.011746315655531041
2025-08-08 00:00:00+00:00,0.011840398909218073
2025-08-09 00:00:00+00:00,0.011799614144362877
2025-08-10 00:00:00+00:00,0.013020954825457514
2025-08-11 00:00:00+00:00,0.012091724480086271
2025-08-12 00:00:00+00:00,0.012189129682718321
2025-08-13 00:00:00+00:00,0.013425435754699037
2025-08-14 00:00:00+00:00,0.016426772063912572
2025-08-15 00:00:00+00:00,0.016524796850574345
2025-08-16 00:00:00+00:00,0.016249831333945537
2025-08-17 00:00:00+00:00,0.016057411199686046
2025-08-18 00:00:00+00:00,0.016208797136918127
2025-08-19 00:00:00+00:00,0.017397259982391746
2025-08-20 00:00:00+00:00,0.017273450856458535
2025-08-21 00:00:00+00:00,0.016951467088524144
2025-08-22 00:00:00+00:00,0.019035005109762526
2025-08-23 00:00:00+00:00,0.019066780767059824
2025-08-24 00:00:00+00:00,0.019386735701432782
2025-08-25 00:00:00+00:00,0.02041485080023732
2025-08-26 00:00:00+00:00,0.020656646810300765
2025-08-27 00:00:00+00:00,0.019953670625165627
2025-08-28 00:00:00+00:00,0.020173709636771935
2025-08-29 00:00:00+00:00,0.021690094841866524
2025-08-30 00:00:00+00:00,0.020783276346892202
2025-08-31 00:00:00+00:00,0.0207835567366021
2025-09-01 00:00:00+00:00,0.020666460140231886
2025-09-02 00:00:00+00:00,0.020101253471877377
2025-09-03 00:00:00+00:00,0.01833267632578868
2025-09-04 00:00:00+00:00,0.018343592010532973
2025-09-05 00:00:00+00:00,0.018336349908832702
2025-09-06 00:00:00+00:00,0.018325221972516046
2025-09-07 00:00:00+00:00,0.01842310776955818
2025-09-08 00:00:00+00:00,0.017427889985316313
2025-09-09 00:00:00+00:00,0.017194062793688767
2025-09-10 00:00:00+00:00,0.017554702135292297
2025-09-11 00:00:00+00:00,0.015366056594198763
2025-09-12 00:00:00+00:00,0.01512594882232698
2025-09-13 00:00:00+00:00,0.014581999289447648
2025-09-14 00:00:00+00:00,0.0127700595907542
2025-09-15 00:00:00+00:00,0.012421370586936698
2025-09-16 00:00:00+00:00,0.012558448515024129
2025-09-17 00:00:00+00:00,0.01241851748332262
2025-09-18 00:00:00+00:00,0.00837416136127207
2025-09-19 00:00:00+00:00,0.009124135732560079
2025-09-20 00:00:00+00:00,0.008937728453115284
2025-09-21 00:00:00+00:00,0.008970104571689556
2025-09-22 00:00:00+00:00,0.009820928799204435
2025-09-23 00:00:00+00:00,0.009886381180581813
2025-09-24 00:00:00+00:00,0.009971751036313248
2025-09-25 00:00:00+00:00,0.01329245087228404
2025-09-26 00:00:00+00:00,0.013343421492199923
2025-09-27 00:00:00+00:00,0.01318306773277874
2025-09-28 00:00:00+00:00,0.01408772458690725
2025-09-29 00:00:00+00:00,0.014656128975357709
2025-09-30 00:00:00+00:00,0.013866417820990719
2025-10-01 00:00:00+00:00,0.016257064948883033
2025-10-02 00:00:00+00:00,0.01658274691392027
2025-10-03 00:00:00+00:00,0.01678131158882953
2025-10-04 00:00:00+00:00,0.016670051547613012
2025-10-05 00:00:00+00:00,0.01670817646602096
2025-10-06 00:00:00+00:00,0.01663801157791482
2025-10-07 00:00:00+00:00,0.017912050659192554
2025-10-08 00:00:00+00:00,0.018176757153864385
2025-10-09 00:00:00+00:00,0.018222604426450482
2025-10-10 00:00:00+00:00,0.024892451225621535
2025-10-11 00:00:00+00:00,0.025208736545151548
2025-10-12 00:00:00+00:00,0.026273554333974266
2025-10-13 00:00:00+00:00,0.02621978624698199
2025-10-14 00:00:00+00:00,0.026486365985988858
2025-10-15 00:00:00+00:00,0.025399884597917446
2025-10-16 00:00:00+00:00,0.025938245903638427
2025-10-17 00:00:00+00:00,0.02618180819875826
2025-10-18 00:00:00+00:00,0.025642339276092014
2025-10-19 00:00:00+00:00,0.025431122590151917
2025-10-20 00:00:00+00:00,0.025806542494034922
2025-10-21 00:00:00+00:00,0.02421776659552619
2025-10-22 00:00:00+00:00,0.023731540115533037
2025-10-23 00:00:00+00:00,0.024215104237757294
2025-10-24 00:00:00+00:00,0.024363491749448535
2025-10-25 00:00:00+00:00,0.024281930691035535
2025-10-26 00:00:00+00:00,0.025064183507680964
2025-10-27 00:00:00+00:00,0.024486227891485007
2025-10-28 00:00:00+00:00,0.024121025250358166
2025-10-29 00:00:00+00:00,0.02451523829729053
2025-10-30 00:00:00+00:00,0.018777050395306458
2025-10-31 00:00:00+00:00,0.01856589072450831
2025-11-01 00:00:00+00:00,0.016169905569158344
2025-11-02 00:00:00+00:00,0.016205155723685253
2025-11-03 00:00:00+00:00,0.017540350846849417
2025-11-04 00:00:00+00:00,0.019905761795079396
2025-11-05 00:00:00+00:00,0.020293246791499915
2025-11-06 00:00:00+00:00,0.02067709364563848
2025-11-07 00:00:00+00:00,0.02116154964208849
2025-11-08 00:00:00+00:00,0.020924123305380713
2025-11-09 00:00:00+00:00,0.021279426705069646
2025-11-10 00:00:00+00:00,0.021094354763211084
2025-11-11 00:00:00+00:00,0.021916349731951012
2025-11-12 00:00:00+00:00,0.0212227663591498
2025-11-13 00:00:00+00:00,0.021290916277608585
2025-11-14 00:00:00+00:00,0.02344875498117094
2025-11-15 00:00:00+00:00,0.022500129323529686
2025-11-16 00:00:00+00:00,0.022498700200160312
2025-11-17 00:00:00+00:00,0.022669881902468048
2025-11-18 00:00:00+00:00,0.022691840123743392
2025-11-19 00:00:00+00:00,0.022686637317851362
2025-11-20 00:00:00+00:00,0.02432520081036534
2025-11-21 00:00:00+00:00,0.024064170517550394
2025-11-22 00:00:00+00:00,0.023829204591685235
2025-11-23 00:00:00+00:00,0.024597965260164528
2025-11-24 00:00:00+00:00,0.023594748629855455
2025-11-25 00:00:00+00:00,0.022504271169668376
2025-11-26 00:00:00+00:00,0.024193685663686997
2025-11-27 00:00:00+00:00,0.02373894556667409
2025-11-28 00:00:00+00:00,0.02372055436643133
2025-11-29 00:00:00+00:00,0.02274621039087329
2025-11-30 00:00:00+00:00,0.022304785847591452
2025-12-01 00:00:00+00:00,0.023428454782557992
2025-12-02 00:00:00+00:00,0.027683363831251667
2025-12-03 00:00:00+00:00,0.02817376053814327
2025-12-04 00:00:00+00:00,0.025973946794585992
2025-12-05 00:00:00+00:00,0.02658839202234788
2025-12-06 00:00:00+00:00,0.026465926740020667
2025-12-07 00:00:00+00:00,0.026270116000635533
2025-12-08 00:00:00+00:00,0.026202762934329632
2025-12-09 00:00:00+00:00,0.026482453789133355
2025-12-10 00:00:00+00:00,0.023277440107569294
2025-12-11 00:00:00+00:00,0.02276427743739311
2025-12-12 00:00:00+00:00,0.023584452524082682
2025-12-13 00:00:00+00:00,0.02305601563801243
2025-12-14 00:00:00+00:00,0.023432712925901725
2025-12-15 00:00:00+00:00,0.023742572381245015
2025-12-16 00:00:00+00:00,0.02257818946330988
2025-12-17 00:00:00+00:00,0.022746258364962815
2025-12-18 00:00:00+00:00,0.02277875265292849
2025-12-19 00:00:00+00:00,0.02397760205347244
2025-12-20 00:00:00+00:00,0.02397542278943618
2025-12-21 00:00:00+00:00,0.02160023326544206
2025-12-22 00:00:00+00:00,0.01706335842478565
2025-12-23 00:00:00+00:00,0.016184096052096843
2025-12-24 00:00:00+00:00,0.015997491165885246
2025-12-25 00:00:00+00:00,0.014657753137201263
2025-12-26 00:00:00+00:00,0.014670606424092975
2025-12-27 00:00:00+00:00,0.014397044001596181
2025-12-28 00:00:00+00:00,0.014376754716832304
2025-12-29 00:00:00+00:00,0.013280962566710477
2025-12-30 00:00:00+00:00,0.01378003302934795
2025-12-31 00:00:00+00:00,0.013768060501132552
2026-01-01 00:00:00+00:00,0.013225026761515294
2026-01-02 00:00:00+00:00,0.013577353910974595
2026-01-03 00:00:00+00:00,0.012534099275825196
2026-01-04 00:00:00+00:00,0.011617613099786353
2026-01-05 00:00:00+00:00,0.012316084455006497
2026-01-06 00:00:00+00:00,0.011267103859551243
2026-01-07 00:00:00+00:00,0.01280888959807816
2026-01-08 00:00:00+00:00,0.011139731248157527
2026-01-09 00:00:00+00:00,0.011238493981720155
2026-01-10 00:00:00+00:00,0.011244894610108783
2026-01-11 00:00:00+00:00,0.011283212466434565
2026-01-12 00:00:00+00:00,0.01077907472951896
2026-01-13 00:00:00+00:00,0.014430903747854633
2026-01-14 00:00:00+00:00,0.014481518611429592
2026-01-15 00:00:00+00:00,0.015097300013250586
2026-01-16 00:00:00+00:00,0.0151381030906919
2026-01-17 00:00:00+00:00,0.015241172024865307
2026-01-18 00:00:00+00:00,0.015634778876490375
2026-01-19 00:00:00+00:00,0.015758627631630943
2026-01-20 00:00:00+00:00,0.01891314098388083
2026-01-21 00:00:00+00:00,0.018846984997471675
2026-01-22 00:00:00+00:00,0.018618280940208953
2026-01-23 00:00:00+00:00,0.018544018142447254
2026-01-24 00:00:00+00:00,0.0183973110395796
2026-01-25 00:00:00+00:00,0.018261239430691387
2026-01-26 00:00:00+00:00,0.018979987629806034
2026-01-27 00:00:00+00:00,0.018407506494158295
2026-01-28 00:00:00+00:00,0.018405106000623346
2026-01-29 00:00:00+00:00,0.021682944940724154
2026-01-30 00:00:00+00:00,0.021681364931362575
2026-01-31 00:00:00+00:00,0.02561068211129354
2026-02-01 00:00:00+00:00,0.02572446297024316
2026-02-02 00:00:00+00:00,0.023710897884578787
2026-02-03 00:00:00+00:00,0.023730086639356857
2026-02-04 00:00:00+00:00,0.024253230230446902
2026-02-05 00:00:00+00:00,0.03714854078316913
2026-02-06 00:00:00+00:00,0.048835863653369734
2026-02-07 00:00:00+00:00,0.048845341484033016
2026-02-08 00:00:00+00:00,0.049269196612659605
2026-02-09 00:00:00+00:00,0.048691069754410794
2026-02-10 00:00:00+00:00,0.04844022754278993
2026-02-11 00:00:00+00:00,0.04842981003026759
2026-02-12 00:00:00+00:00,0.04832462283841612
2026-02-13 00:00:00+00:00,0.04972104916765907
2026-02-14 00:00:00+00:00,0.04987159973477308
2026-02-15 00:00:00+00:00,0.04941059918617232
2026-02-16 00:00:00+00:00,0.04924094890604268
2026-02-17 00:00:00+00:00,0.049187537423598465
2026-02-18 00:00:00+00:00,0.04831989511198896
2026-02-19 00:00:00+00:00,0.04849149668021017
2026-02-20 00:00:00+00:00,0.04698608370697104
2026-02-21 00:00:00+00:00,0.04684126518210927
2026-02-22 00:00:00+00:00,0.04637242595205188
2026-02-23 00:00:00+00:00,0.0466229843573467
2026-02-24 00:00:00+00:00,0.04617874585085936
2026-02-25 00:00:00+00:00,0.03616901053697351
2026-02-26 00:00:00+00:00,0.023359323293037998
2026-02-27 00:00:00+00:00,0.023598051063697386
2026-02-28 00:00:00+00:00,0.023666255120479162
2026-03-01 00:00:00+00:00,0.02392549887775382
2026-03-02 00:00:00+00:00,0.026016224317597206
2026-03-03 00:00:00+00:00,0.025371058412991504
2026-03-04 00:00:00+00:00,0.028678551686499437
2026-03-05 00:00:00+00:00,0.028227917380174508
2026-03-06 00:00:00+00:00,0.0294947087554251
2026-03-07 00:00:00+00:00,0.02945686652241104
2026-03-08 00:00:00+00:00,0.029739505732646807
2026-03-09 00:00:00+00:00,0.03062982601084791
2026-03-10 00:00:00+00:00,0.030713426971089988
2026-03-11 00:00:00+00:00,0.030689824845684978
2026-03-12 00:00:00+00:00,0.030557448621364145
2026-03-13 00:00:00+00:00,0.030557640578591047
2026-03-14 00:00:00+00:00,0.030508015502668236
2026-03-15 00:00:00+00:00,0.028669448056081383
2026-03-16 00:00:00+00:00,0.028828128675999477
2026-03-17 00:00:00+00:00,0.026301209986836188
2026-03-18 00:00:00+00:00,0.027724049368911343
2026-03-19 00:00:00+00:00,0.027471616324065303
2026-03-20 00:00:00+00:00,0.027320144764068185
2026-03-21 00:00:00+00:00,0.027528703158590073
2026-03-22 00:00:00+00:00,0.025773826619993227
2026-03-23 00:00:00+00:00,0.027618742404962256
2026-03-24 00:00:00+00:00,0.023589752222869
2026-03-25 00:00:00+00:00,0.023079551512439976
2026-03-26 00:00:00+00:00,0.02274045865127986
2026-03-27 00:00:00+00:00,0.023960027254478475
2026-03-28 00:00:00+00:00,0.023547491457143726
2026-03-29 00:00:00+00:00,0.021922339914254338
2026-03-30 00:00:00+00:00,0.021453263645046457
2026-03-31 00:00:00+00:00,0.022110716521909084
2026-04-01 00:00:00+00:00,0.02206490012182949
2026-04-02 00:00:00+00:00,0.022288376294109357
2026-04-03 00:00:00+00:00,0.02225088123458522
2026-04-04 00:00:00+00:00,0.021534207652179473
2026-04-05 00:00:00+00:00,0.02133267842896079
2026-04-06 00:00:00+00:00,0.021223593323867307
2026-04-07 00:00:00+00:00,0.022313373198204072
2026-04-08 00:00:00+00:00,0.022062029332847996
2026-04-09 00:00:00+00:00,0.022096848541945255
2026-04-10 00:00:00+00:00,0.02160772181430317
2026-04-11 00:00:00+00:00,0.02117735890134327
2026-04-12 00:00:00+00:00,0.02026374509999197
2026-04-13 00:00:00+00:00,0.0232925895983368
2026-04-14 00:00:00+00:00,0.0232572058677432
2026-04-15 00:00:00+00:00,0.021550916094151717
2026-04-16 00:00:00+00:00,0.019450964047554923
2026-04-17 00:00:00+00:00,0.01983359687375477
2026-04-18 00:00:00+00:00,0.020451581490729134
2026-04-19 00:00:00+00:00,0.0216205829496474
2026-04-20 00:00:00+00:00,0.021875110372090046
2026-04-21 00:00:00+00:00,0.02179467927738287
2026-04-22 00:00:00+00:00,0.021404784523338653
2026-04-23 00:00:00+00:00,0.02140335424496747
2026-04-24 00:00:00+00:00,0.021795534621949844
2026-04-25 00:00:00+00:00,0.021373664690679233
2026-04-26 00:00:00+00:00,0.021328513412471307
2026-04-27 00:00:00+00:00,0.019968702549440796
2026-04-28 00:00:00+00:00,0.02002979969189196
2026-04-29 00:00:00+00:00,0.020120110726007702
2026-04-30 00:00:00+00:00,0.01990408633141161
2026-05-01 00:00:00+00:00,0.020508984128234167
2026-05-02 00:00:00+00:00,0.01876599810205369
2026-05-03 00:00:00+00:00,0.015281722153540499
2026-05-04 00:00:00+00:00,0.015487617677030538
2026-05-05 00:00:00+00:00,0.015583072754497385
2026-05-06 00:00:00+00:00,0.01559405584638599
2026-05-07 00:00:00+00:00,0.015469800999429397
2026-05-08 00:00:00+00:00,0.01474507122480395
2026-05-09 00:00:00+00:00,0.013199091511389621
2026-05-10 00:00:00+00:00,0.012527794200554627
2026-05-11 00:00:00+00:00,0.012699044164457558
2026-05-12 00:00:00+00:00,0.012377031318248185
2026-05-13 00:00:00+00:00,0.012905734155253357
2026-05-14 00:00:00+00:00,0.013480975127961606
2026-05-15 00:00:00+00:00,0.014750137399375994
2026-05-16 00:00:00+00:00,0.014737822800640354
2026-05-17 00:00:00+00:00,0.014396675501357644
2026-05-18 00:00:00+00:00,0.014125188330026172
2026-05-19 00:00:00+00:00,0.014019700396559238
2026-05-20 00:00:00+00:00,0.014072707102300333
2026-05-21 00:00:00+00:00,0.012911738756054867
2026-05-22 00:00:00+00:00,0.014096331600495124
2026-05-23 00:00:00+00:00,0.014660485003274597
2026-05-24 00:00:00+00:00,0.01413403457560046
2026-05-25 00:00:00+00:00,0.013761355098031246
2026-05-26 00:00:00+00:00,0.014029352762603543
2026-05-27 00:00:00+00:00,0.014131721682070029
2026-05-28 00:00:00+00:00,0.014160936860742237
2026-05-29 00:00:00+00:00,0.01396690501239947
2026-05-30 00:00:00+00:00,0.013077426657339228
2026-05-31 00:00:00+00:00,0.013087898271606242
2026-06-01 00:00:00+00:00,0.014139557602716495
2026-06-02 00:00:00+00:00,0.01932887951021543
2026-06-03 00:00:00+00:00,0.01907099407739866
2026-06-04 00:00:00+00:00,0.018888898477953307
2026-06-05 00:00:00+00:00,0.020351017811260422
2026-06-06 00:00:00+00:00,0.020445568514469985
2026-06-07 00:00:00+00:00,0.023509673852928632
2026-06-08 00:00:00+00:00,0.02348490335791649
2026-06-09 00:00:00+00:00,0.02319015782021869
2026-06-10 00:00:00+00:00,0.023092613901069984
2026-06-11 00:00:00+00:00,0.02491461450670605
2026-06-12 00:00:00+00:00,0.02432908458683512
2026-06-13 00:00:00+00:00,0.02470068283411099
2026-06-14 00:00:00+00:00,0.025395085596608497
2026-06-15 00:00:00+00:00,0.025535049070546406
2026-06-16 00:00:00+00:00,0.025365571336075265
2026-06-17 00:00:00+00:00,0.025479316089727762
2026-06-18 00:00:00+00:00,0.025761728890490457
2026-06-19 00:00:00+00:00,0.025868635283195652
2026-06-20 00:00:00+00:00,0.026205616459914698
2026-06-21 00:00:00+00:00,0.025674699987412196
2026-06-22 00:00:00+00:00,0.02175069090014328
2026-06-23 00:00:00+00:00,0.0204002515311581
2026-06-24 00:00:00+00:00,0.02117913309771171
2026-06-25 00:00:00+00:00,0.01929050726688758
2026-06-26 00:00:00+00:00,0.01932919584839283
2026-06-27 00:00:00+00:00,0.01679537791611114
2026-06-28 00:00:00+00:00,0.016830467291977964
2026-06-29 00:00:00+00:00,0.01650630894389657
2026-06-30 00:00:00+00:00,0.01750516606479595
2026-07-01 00:00:00+00:00,0.01647436226625645
2026-07-02 00:00:00+00:00,0.017655614278626042
2026-07-03 00:00:00+00:00,0.017794343642171875
2026-07-04 00:00:00+00:00,0.017262034619647326
2026-07-05 00:00:00+00:00,0.017235448995038063
2026-07-06 00:00:00+00:00,0.01721924168188535
2026-07-07 00:00:00+00:00,0.016927193732187762
2026-07-08 00:00:00+00:00,0.0164816508066564
2026-07-09 00:00:00+00:00,0.016710182991327458
2026-07-10 00:00:00+00:00,0.016830294747773887
2026-07-11 00:00:00+00:00,0.016495155074658797
2026-07-12 00:00:00+00:00,0.016303918113494433
2026-07-13 00:00:00+00:00,0.016480238920480766
2026-07-14 00:00:00+00:00,0.017969152517981337
2026-07-15 00:00:00+00:00,0.017151211822562358
2026-07-16 00:00:00+00:00,0.017635621608387903
2026-07-17 00:00:00+00:00,0.01761115417046112
2026-07-18 00:00:00+00:00,0.01757566704212639
2026-07-19 00:00:00+00:00,0.01754328320402532
2026-07-20 00:00:00+00:00,0.01598148061587416
2026-07-21 00:00:00+00:00,0.015766017153183907
2026-07-22 00:00:00+00:00,0.01522007011015552
2026-07-23 00:00:00+00:00,0.015467302212916267
2026-07-24 00:00:00+00:00,0.01581632887105734
2026-07-25 00:00:00+00:00,0.015743117581148044
2026-07-26 00:00:00+00:00,0.016069826398827147
2026-07-27 00:00:00+00:00,0.0169363475708722
2026-07-28 00:00:00+00:00,0.01643606522170463
2026-07-29 00:00:00+00:00,0.016118054431622196
2026-07-30 00:00:00+00:00,0.016020713311156915
2026-07-31 00:00:00+00:00,0.01732264657736631
2026-08-01 00:00:00+00:00,0.017322912579577025
2026-08-02 00:00:00+00:00,0.016720284358763892
2026-08-03 00:00:00+00:00,0.013423766345197544
2026-08-04 00:00:00+00:00,0.013592072078894082
2026-08-05 00:00:00+00:00,0.013326321573795862
2026-08-06 00:00:00+00:00,0.013391569655363053
2026-08-07 00:00:00+00:00,0.013174012589089276
2026-08-08 00:00:00+00:00,0.013166867335793345
2026-08-09 00:00:00+00:00,0.013033848203991569
2026-08-10 00:00:00+00:00,0.012491369632558307
2026-08-11 00:00:00+00:00,0.012475829966966114
2026-08-12 00:00:00+00:00,0.012065648909657233
2026-08-13 00:00:00+00:00,0.011637883856718594
2026-08-14 00:00:00+00:00,0.011685213127026231
2026-08-15 00:00:00+00:00,0.01100189654012536
2026-08-16 00:00:00+00:00,0.009539820603500237
2026-08-17 00:00:00+00:00,0.011235142964828153
2026-08-18 00:00:00+00:00,0.011248133851844939
2026-08-19 00:00:00+00:00,0.019294332780168878
2026-08-20 00:00:00+00:00,0.020677653080185255
2026-08-21 00:00:00+00:00,0.025139654466666297
2026-08-22 00:00:00+00:00,0.02587962893799089
2026-08-23 00:00:00+00:00,0.025759016881808563
2026-08-24 00:00:00+00:00,0.02578867934094386
2026-08-25 00:00:00+00:00,0.026051490373922945
2026-08-26 00:00:00+00:00,0.025820933584011135
2026-08-27 00:00:00+00:00,0.02584126679779029
2026-08-28 00:00:00+00:00,0.027345365926544473
2026-08-29 00:00:00+00:00,0.02725953095579371
2026-08-30 00:00:00+00:00,0.026965828077139424
2026-08-31 00:00:00+00:00,0.026706022597527242
2026-09-01 00:00:00+00:00,0.02717202686547756
2026-09-02 00:00:00+00:00,0.027202460929215338
2026-09-03 00:00:00+00:00,0.0283197569054861
2026-09-04 00:00:00+00:00,0.029152548921890176
2026-09-05 00:00:00+00:00,0.029035926329500538
2026-09-06 00:00:00+00:00,0.02888387806998505
2026-09-07 00:00:00+00:00,0.029448669760720907
2026-09-08 00:00:00+00:00,0.025981865867919264
2026-09-09 00:00:00+00:00,0.023578258328144166
2026-09-10 00:00:00+00:00,0.017806435096826254
2026-09-11 00:00:00+00:00,0.017556645433529847
2026-09-12 00:00:00+00:00,0.017448507056795026
2026-09-13 00:00:00+00:00,0.017050771919549762
2026-09-14 00:00:00+00:00,0.017515415304767253
2026-09-15 00:00:00+00:00,0.018875077429705688
2026-09-16 00:00:00+00:00,0.018563850453929383
2026-09-17 00:00:00+00:00,0.017415944547148517
2026-09-18 00:00:00+00:00,0.021880157615102896
2026-09-19 00:00:00+00:00,0.02178507493588522
2026-09-20 00:00:00+00:00,0.021688893497123246
2026-09-21 00:00:00+00:00,0.025738137414072805
2026-09-22 00:00:00+00:00,0.025800904759220988
2026-09-23 00:00:00+00:00,0.024143203701374093
2026-09-24 00:00:00+00:00,0.023593747376059574
2026-09-25 00:00:00+00:00,0.023642747667298535
2026-09-26 00:00:00+00:00,0.023629936407680165
2026-09-27 00:00:00+00:00,0.0232560023986038
2026-09-28 00:00:00+00:00,0.023352873466867034
2026-09-29 00:00:00+00:00,0.023322883430973804
2026-09-30 00:00:00+00:00,0.022657641070741443
